session,privacy_mode,fault,position,play_index,detected,issue_codes
session-000.json,full,alter-command,early,0,True,grounding-mismatch|replay-event-mismatch|replay-state-mismatch
session-000.json,full,alter-command,middle,9,True,grounding-mismatch|replay-event-mismatch|replay-state-mismatch
session-000.json,full,alter-command,late,16,True,grounding-mismatch|replay-event-mismatch|replay-state-mismatch
session-000.json,full,alter-response,early,0,True,exact-request-reconstruction-mismatch|grounding-mismatch
session-000.json,full,alter-response,middle,9,True,exact-request-reconstruction-mismatch|grounding-mismatch
session-000.json,full,alter-response,late,16,True,exact-request-reconstruction-mismatch|grounding-mismatch
session-000.json,full,alter-request,early,0,True,request-provenance-mismatch
session-000.json,full,alter-request,middle,9,True,request-provenance-mismatch
session-000.json,full,alter-request,late,16,True,request-provenance-mismatch
session-000.json,full,alter-human-prompt,early,0,True,exact-request-reconstruction-mismatch
session-000.json,full,alter-human-prompt,middle,9,True,exact-request-reconstruction-mismatch
session-000.json,full,alter-human-prompt,late,16,True,exact-request-reconstruction-mismatch
session-000.json,full,alter-supplied-state,early,0,True,request-game-state-mismatch
session-000.json,full,alter-supplied-state,middle,9,True,request-game-state-mismatch
session-000.json,full,alter-supplied-state,late,16,True,request-game-state-mismatch
session-000.json,full,alter-pre-state,early,0,True,replay-event-mismatch|replay-state-mismatch|request-game-state-mismatch|state-continuity-mismatch
session-000.json,full,alter-pre-state,middle,9,True,replay-state-mismatch|request-game-state-mismatch|state-continuity-mismatch
session-000.json,full,alter-pre-state,late,16,True,replay-state-mismatch|request-game-state-mismatch|state-continuity-mismatch
session-000.json,full,alter-post-state,early,0,True,replay-state-mismatch|state-continuity-mismatch
session-000.json,full,alter-post-state,middle,9,True,replay-state-mismatch|state-continuity-mismatch
session-000.json,full,alter-post-state,late,16,True,replay-state-mismatch|state-continuity-mismatch
session-000.json,full,alter-events,early,0,True,replay-event-mismatch
session-000.json,full,alter-events,middle,9,True,replay-event-mismatch
session-000.json,full,alter-events,late,16,True,replay-event-mismatch
session-000.json,full,delete-play,early,0,True,exact-request-reconstruction-mismatch|sequence-mismatch|state-continuity-mismatch
session-000.json,full,delete-play,middle,9,True,exact-request-reconstruction-mismatch|sequence-mismatch|state-continuity-mismatch
session-000.json,full,delete-play,late,16,True,exact-request-reconstruction-mismatch|sequence-mismatch
session-000.json,full,reorder-plays,early,0,True,exact-request-reconstruction-mismatch|sequence-mismatch|state-continuity-mismatch
session-000.json,full,reorder-plays,middle,9,True,exact-request-reconstruction-mismatch|sequence-mismatch|state-continuity-mismatch
session-000.json,full,reorder-plays,late,16,True,exact-request-reconstruction-mismatch|sequence-mismatch
session-000.json,full,alter-rules,round,0,True,replay-event-mismatch|replay-state-mismatch
session-001.json,redacted,alter-command,early,0,True,replay-event-mismatch|replay-state-mismatch
session-001.json,redacted,alter-command,middle,9,True,replay-event-mismatch|replay-state-mismatch
session-001.json,redacted,alter-command,late,16,True,schema-invalid
session-001.json,redacted,alter-request,early,0,True,request-provenance-mismatch
session-001.json,redacted,alter-request,middle,9,True,request-provenance-mismatch
session-001.json,redacted,alter-request,late,16,True,request-provenance-mismatch
session-001.json,redacted,alter-supplied-state,early,0,True,request-game-state-mismatch
session-001.json,redacted,alter-supplied-state,middle,9,True,request-game-state-mismatch
session-001.json,redacted,alter-supplied-state,late,16,True,request-game-state-mismatch
session-001.json,redacted,alter-pre-state,early,0,True,replay-event-mismatch|replay-state-mismatch|request-game-state-mismatch|state-continuity-mismatch
session-001.json,redacted,alter-pre-state,middle,9,True,replay-state-mismatch|request-game-state-mismatch|state-continuity-mismatch
session-001.json,redacted,alter-pre-state,late,16,True,replay-state-mismatch|request-game-state-mismatch|state-continuity-mismatch
session-001.json,redacted,alter-post-state,early,0,True,replay-state-mismatch|state-continuity-mismatch
session-001.json,redacted,alter-post-state,middle,9,True,replay-state-mismatch|state-continuity-mismatch
session-001.json,redacted,alter-post-state,late,16,True,replay-state-mismatch|state-continuity-mismatch
session-001.json,redacted,alter-events,early,0,True,replay-event-mismatch
session-001.json,redacted,alter-events,middle,9,True,replay-event-mismatch
session-001.json,redacted,alter-events,late,16,True,replay-event-mismatch
session-001.json,redacted,delete-play,early,0,True,sequence-mismatch|state-continuity-mismatch
session-001.json,redacted,delete-play,middle,9,True,sequence-mismatch|state-continuity-mismatch
session-001.json,redacted,delete-play,late,16,True,sequence-mismatch
session-001.json,redacted,reorder-plays,early,0,True,sequence-mismatch|state-continuity-mismatch
session-001.json,redacted,reorder-plays,middle,9,True,sequence-mismatch|state-continuity-mismatch
session-001.json,redacted,reorder-plays,late,16,True,round-final-state-mismatch|sequence-mismatch|state-continuity-mismatch
session-001.json,redacted,alter-rules,round,0,True,replay-event-mismatch|replay-state-mismatch
session-002.json,hashed,alter-command,early,0,True,replay-event-mismatch|replay-state-mismatch
session-002.json,hashed,alter-command,middle,9,True,replay-event-mismatch|replay-state-mismatch
session-002.json,hashed,alter-command,late,16,True,replay-event-mismatch|replay-state-mismatch
session-002.json,hashed,alter-supplied-state,early,0,True,request-game-state-mismatch
session-002.json,hashed,alter-supplied-state,middle,9,True,request-game-state-mismatch
session-002.json,hashed,alter-supplied-state,late,16,True,request-game-state-mismatch
session-002.json,hashed,alter-pre-state,early,0,True,replay-state-mismatch|request-game-state-mismatch|state-continuity-mismatch
session-002.json,hashed,alter-pre-state,middle,9,True,replay-state-mismatch|request-game-state-mismatch|state-continuity-mismatch
session-002.json,hashed,alter-pre-state,late,16,True,replay-event-mismatch|replay-state-mismatch|request-game-state-mismatch|state-continuity-mismatch
session-002.json,hashed,alter-post-state,early,0,True,replay-state-mismatch|state-continuity-mismatch
session-002.json,hashed,alter-post-state,middle,9,True,replay-state-mismatch|state-continuity-mismatch
session-002.json,hashed,alter-post-state,late,16,True,replay-state-mismatch|state-continuity-mismatch
session-002.json,hashed,alter-events,early,0,True,replay-event-mismatch
session-002.json,hashed,alter-events,middle,9,True,replay-event-mismatch
session-002.json,hashed,alter-events,late,16,True,replay-event-mismatch
session-002.json,hashed,delete-play,early,0,True,sequence-mismatch|state-continuity-mismatch
session-002.json,hashed,delete-play,middle,9,True,sequence-mismatch|state-continuity-mismatch
session-002.json,hashed,delete-play,late,16,True,sequence-mismatch|state-continuity-mismatch
session-002.json,hashed,reorder-plays,early,0,True,sequence-mismatch|state-continuity-mismatch
session-002.json,hashed,reorder-plays,middle,9,True,sequence-mismatch|state-continuity-mismatch
session-002.json,hashed,reorder-plays,late,16,True,round-final-state-mismatch|sequence-mismatch|state-continuity-mismatch
session-002.json,hashed,alter-rules,round,0,True,replay-event-mismatch|replay-state-mismatch
session-003.json,full,alter-command,early,0,True,grounding-mismatch|replay-event-mismatch|replay-state-mismatch
session-003.json,full,alter-command,middle,9,True,grounding-mismatch|replay-event-mismatch|replay-state-mismatch
session-003.json,full,alter-command,late,16,True,grounding-mismatch|replay-event-mismatch|replay-state-mismatch
session-003.json,full,alter-response,early,0,True,exact-request-reconstruction-mismatch|grounding-mismatch
session-003.json,full,alter-response,middle,9,True,exact-request-reconstruction-mismatch|grounding-mismatch
session-003.json,full,alter-response,late,16,True,grounding-mismatch
session-003.json,full,alter-request,early,0,True,request-provenance-mismatch
session-003.json,full,alter-request,middle,9,True,request-provenance-mismatch
session-003.json,full,alter-request,late,16,True,request-provenance-mismatch
session-003.json,full,alter-human-prompt,early,0,True,exact-request-reconstruction-mismatch
session-003.json,full,alter-human-prompt,middle,9,True,exact-request-reconstruction-mismatch
session-003.json,full,alter-human-prompt,late,16,True,exact-request-reconstruction-mismatch
session-003.json,full,alter-supplied-state,early,0,True,exact-request-reconstruction-mismatch|request-game-state-mismatch
session-003.json,full,alter-supplied-state,middle,9,True,exact-request-reconstruction-mismatch|request-game-state-mismatch
session-003.json,full,alter-supplied-state,late,16,True,exact-request-reconstruction-mismatch|request-game-state-mismatch
session-003.json,full,alter-pre-state,early,0,True,replay-state-mismatch|request-game-state-mismatch|state-continuity-mismatch
session-003.json,full,alter-pre-state,middle,9,True,replay-state-mismatch|request-game-state-mismatch|state-continuity-mismatch
session-003.json,full,alter-pre-state,late,16,True,replay-event-mismatch|replay-state-mismatch|request-game-state-mismatch|state-continuity-mismatch
session-003.json,full,alter-post-state,early,0,True,replay-state-mismatch|state-continuity-mismatch
session-003.json,full,alter-post-state,middle,9,True,replay-state-mismatch|state-continuity-mismatch
session-003.json,full,alter-post-state,late,16,True,replay-state-mismatch|state-continuity-mismatch
session-003.json,full,alter-events,early,0,True,replay-event-mismatch
session-003.json,full,alter-events,middle,9,True,replay-event-mismatch
session-003.json,full,alter-events,late,16,True,replay-event-mismatch
session-003.json,full,delete-play,early,0,True,exact-request-reconstruction-mismatch|sequence-mismatch|state-continuity-mismatch
session-003.json,full,delete-play,middle,9,True,exact-request-reconstruction-mismatch|sequence-mismatch|state-continuity-mismatch
session-003.json,full,delete-play,late,16,True,sequence-mismatch|state-continuity-mismatch
session-003.json,full,reorder-plays,early,0,True,sequence-mismatch|state-continuity-mismatch
session-003.json,full,reorder-plays,middle,9,True,sequence-mismatch|state-continuity-mismatch
session-003.json,full,reorder-plays,late,16,True,round-final-state-mismatch|sequence-mismatch|state-continuity-mismatch
session-003.json,full,alter-rules,round,0,True,replay-event-mismatch|replay-state-mismatch
session-004.json,redacted,alter-command,early,0,True,replay-event-mismatch|replay-state-mismatch
session-004.json,redacted,alter-command,middle,9,True,replay-event-mismatch|replay-state-mismatch
session-004.json,redacted,alter-command,late,16,True,replay-event-mismatch|replay-state-mismatch
session-004.json,redacted,alter-request,early,0,True,request-provenance-mismatch
session-004.json,redacted,alter-request,middle,9,True,request-provenance-mismatch
session-004.json,redacted,alter-request,late,16,True,request-provenance-mismatch
session-004.json,redacted,alter-supplied-state,early,0,True,request-game-state-mismatch
session-004.json,redacted,alter-supplied-state,middle,9,True,request-game-state-mismatch
session-004.json,redacted,alter-supplied-state,late,16,True,request-game-state-mismatch
session-004.json,redacted,alter-pre-state,early,0,True,replay-state-mismatch|request-game-state-mismatch|state-continuity-mismatch
session-004.json,redacted,alter-pre-state,middle,9,True,replay-state-mismatch|request-game-state-mismatch|state-continuity-mismatch
session-004.json,redacted,alter-pre-state,late,16,True,replay-state-mismatch|request-game-state-mismatch|state-continuity-mismatch
session-004.json,redacted,alter-post-state,early,0,True,replay-state-mismatch|state-continuity-mismatch
session-004.json,redacted,alter-post-state,middle,9,True,replay-state-mismatch|state-continuity-mismatch
session-004.json,redacted,alter-post-state,late,16,True,replay-state-mismatch|state-continuity-mismatch
session-004.json,redacted,alter-events,early,0,True,replay-event-mismatch
session-004.json,redacted,alter-events,middle,9,True,replay-event-mismatch
session-004.json,redacted,alter-events,late,16,True,replay-event-mismatch
session-004.json,redacted,delete-play,early,0,True,sequence-mismatch|state-continuity-mismatch
session-004.json,redacted,delete-play,middle,9,True,sequence-mismatch|state-continuity-mismatch
session-004.json,redacted,delete-play,late,16,True,sequence-mismatch|state-continuity-mismatch
session-004.json,redacted,reorder-plays,early,0,True,sequence-mismatch|state-continuity-mismatch
session-004.json,redacted,reorder-plays,middle,9,True,sequence-mismatch|state-continuity-mismatch
session-004.json,redacted,reorder-plays,late,16,True,round-final-state-mismatch|sequence-mismatch|state-continuity-mismatch
session-004.json,redacted,alter-rules,round,0,True,replay-event-mismatch|replay-state-mismatch
session-005.json,hashed,alter-command,early,0,True,replay-event-mismatch|replay-state-mismatch
session-005.json,hashed,alter-command,middle,9,True,replay-event-mismatch|replay-state-mismatch
session-005.json,hashed,alter-command,late,16,True,replay-event-mismatch|replay-state-mismatch
session-005.json,hashed,alter-supplied-state,early,0,True,request-game-state-mismatch
session-005.json,hashed,alter-supplied-state,middle,9,True,request-game-state-mismatch
session-005.json,hashed,alter-supplied-state,late,16,True,request-game-state-mismatch
session-005.json,hashed,alter-pre-state,early,0,True,replay-state-mismatch|request-game-state-mismatch|state-continuity-mismatch
session-005.json,hashed,alter-pre-state,middle,9,True,replay-state-mismatch|request-game-state-mismatch|state-continuity-mismatch
session-005.json,hashed,alter-pre-state,late,16,True,replay-state-mismatch|request-game-state-mismatch|state-continuity-mismatch
session-005.json,hashed,alter-post-state,early,0,True,replay-state-mismatch|state-continuity-mismatch
session-005.json,hashed,alter-post-state,middle,9,True,replay-state-mismatch|state-continuity-mismatch
session-005.json,hashed,alter-post-state,late,16,True,replay-state-mismatch|state-continuity-mismatch
session-005.json,hashed,alter-events,early,0,True,replay-event-mismatch
session-005.json,hashed,alter-events,middle,9,True,replay-event-mismatch
session-005.json,hashed,alter-events,late,16,True,replay-event-mismatch
session-005.json,hashed,delete-play,early,0,True,sequence-mismatch|state-continuity-mismatch
session-005.json,hashed,delete-play,middle,9,True,sequence-mismatch|state-continuity-mismatch
session-005.json,hashed,delete-play,late,16,True,sequence-mismatch|state-continuity-mismatch
session-005.json,hashed,reorder-plays,early,0,True,sequence-mismatch|state-continuity-mismatch
session-005.json,hashed,reorder-plays,middle,9,True,sequence-mismatch|state-continuity-mismatch
session-005.json,hashed,reorder-plays,late,16,True,round-final-state-mismatch|sequence-mismatch|state-continuity-mismatch
session-005.json,hashed,alter-rules,round,0,True,replay-event-mismatch|replay-state-mismatch
session-006.json,full,alter-command,early,0,True,grounding-mismatch|replay-event-mismatch|replay-state-mismatch
session-006.json,full,alter-command,middle,9,True,grounding-mismatch|replay-event-mismatch|replay-state-mismatch
session-006.json,full,alter-command,late,16,True,grounding-mismatch|replay-event-mismatch|replay-state-mismatch
session-006.json,full,alter-response,early,0,True,exact-request-reconstruction-mismatch|grounding-mismatch
session-006.json,full,alter-response,middle,9,True,exact-request-reconstruction-mismatch|grounding-mismatch
session-006.json,full,alter-response,late,16,True,grounding-mismatch
session-006.json,full,alter-request,early,0,True,request-provenance-mismatch
session-006.json,full,alter-request,middle,9,True,request-provenance-mismatch
session-006.json,full,alter-request,late,16,True,request-provenance-mismatch
session-006.json,full,alter-human-prompt,early,0,True,exact-request-reconstruction-mismatch
session-006.json,full,alter-human-prompt,middle,9,True,exact-request-reconstruction-mismatch
session-006.json,full,alter-human-prompt,late,16,True,exact-request-reconstruction-mismatch
session-006.json,full,alter-supplied-state,early,0,True,request-game-state-mismatch
session-006.json,full,alter-supplied-state,middle,9,True,request-game-state-mismatch
session-006.json,full,alter-supplied-state,late,16,True,request-game-state-mismatch
session-006.json,full,alter-pre-state,early,0,True,replay-state-mismatch|request-game-state-mismatch|state-continuity-mismatch
session-006.json,full,alter-pre-state,middle,9,True,replay-state-mismatch|request-game-state-mismatch|state-continuity-mismatch
session-006.json,full,alter-pre-state,late,16,True,replay-state-mismatch|request-game-state-mismatch|state-continuity-mismatch
session-006.json,full,alter-post-state,early,0,True,replay-state-mismatch|state-continuity-mismatch
session-006.json,full,alter-post-state,middle,9,True,replay-state-mismatch|state-continuity-mismatch
session-006.json,full,alter-post-state,late,16,True,replay-state-mismatch|state-continuity-mismatch
session-006.json,full,alter-events,early,0,True,replay-event-mismatch
session-006.json,full,alter-events,middle,9,True,replay-event-mismatch
session-006.json,full,alter-events,late,16,True,replay-event-mismatch
session-006.json,full,delete-play,early,0,True,exact-request-reconstruction-mismatch|sequence-mismatch
session-006.json,full,delete-play,middle,9,True,exact-request-reconstruction-mismatch|sequence-mismatch|state-continuity-mismatch
session-006.json,full,delete-play,late,16,True,sequence-mismatch|state-continuity-mismatch
session-006.json,full,reorder-plays,early,0,True,sequence-mismatch|state-continuity-mismatch
session-006.json,full,reorder-plays,middle,9,True,sequence-mismatch|state-continuity-mismatch
session-006.json,full,reorder-plays,late,16,True,round-final-state-mismatch|sequence-mismatch|state-continuity-mismatch
session-006.json,full,alter-rules,round,0,True,replay-event-mismatch|replay-state-mismatch
session-007.json,redacted,alter-command,early,0,True,replay-event-mismatch|replay-state-mismatch
session-007.json,redacted,alter-command,middle,9,True,replay-event-mismatch|replay-state-mismatch
session-007.json,redacted,alter-command,late,16,True,replay-event-mismatch|replay-state-mismatch
session-007.json,redacted,alter-request,early,0,True,request-provenance-mismatch
session-007.json,redacted,alter-request,middle,9,True,request-provenance-mismatch
session-007.json,redacted,alter-request,late,16,True,request-provenance-mismatch
session-007.json,redacted,alter-supplied-state,early,0,True,request-game-state-mismatch
session-007.json,redacted,alter-supplied-state,middle,9,True,request-game-state-mismatch
session-007.json,redacted,alter-supplied-state,late,16,True,request-game-state-mismatch
session-007.json,redacted,alter-pre-state,early,0,True,replay-event-mismatch|replay-state-mismatch|request-game-state-mismatch|state-continuity-mismatch
session-007.json,redacted,alter-pre-state,middle,9,True,replay-state-mismatch|request-game-state-mismatch|state-continuity-mismatch
session-007.json,redacted,alter-pre-state,late,16,True,replay-state-mismatch|request-game-state-mismatch|state-continuity-mismatch
session-007.json,redacted,alter-post-state,early,0,True,replay-state-mismatch|state-continuity-mismatch
session-007.json,redacted,alter-post-state,middle,9,True,replay-state-mismatch|state-continuity-mismatch
session-007.json,redacted,alter-post-state,late,16,True,replay-state-mismatch|state-continuity-mismatch
session-007.json,redacted,alter-events,early,0,True,replay-event-mismatch
session-007.json,redacted,alter-events,middle,9,True,replay-event-mismatch
session-007.json,redacted,alter-events,late,16,True,replay-event-mismatch
session-007.json,redacted,delete-play,early,0,True,sequence-mismatch|state-continuity-mismatch
session-007.json,redacted,delete-play,middle,9,True,sequence-mismatch
session-007.json,redacted,delete-play,late,16,True,sequence-mismatch|state-continuity-mismatch
session-007.json,redacted,reorder-plays,early,0,True,sequence-mismatch|state-continuity-mismatch
session-007.json,redacted,reorder-plays,middle,9,True,sequence-mismatch
session-007.json,redacted,reorder-plays,late,16,True,sequence-mismatch|state-continuity-mismatch
session-007.json,redacted,alter-rules,round,0,True,replay-event-mismatch|replay-state-mismatch
session-008.json,hashed,alter-command,early,0,True,schema-invalid
session-008.json,hashed,alter-command,middle,9,True,schema-invalid
session-008.json,hashed,alter-command,late,16,True,replay-event-mismatch|replay-state-mismatch
session-008.json,hashed,alter-supplied-state,early,0,True,request-game-state-mismatch
session-008.json,hashed,alter-supplied-state,middle,9,True,request-game-state-mismatch
session-008.json,hashed,alter-supplied-state,late,16,True,request-game-state-mismatch
session-008.json,hashed,alter-pre-state,early,0,True,replay-state-mismatch|request-game-state-mismatch|state-continuity-mismatch
session-008.json,hashed,alter-pre-state,middle,9,True,replay-state-mismatch|request-game-state-mismatch|state-continuity-mismatch
session-008.json,hashed,alter-pre-state,late,16,True,replay-state-mismatch|request-game-state-mismatch|state-continuity-mismatch
session-008.json,hashed,alter-post-state,early,0,True,replay-state-mismatch|state-continuity-mismatch
session-008.json,hashed,alter-post-state,middle,9,True,replay-state-mismatch|state-continuity-mismatch
session-008.json,hashed,alter-post-state,late,16,True,replay-state-mismatch|state-continuity-mismatch
session-008.json,hashed,alter-events,early,0,True,replay-event-mismatch
session-008.json,hashed,alter-events,middle,9,True,replay-event-mismatch
session-008.json,hashed,alter-events,late,16,True,replay-event-mismatch
session-008.json,hashed,delete-play,early,0,True,sequence-mismatch
session-008.json,hashed,delete-play,middle,9,True,sequence-mismatch
session-008.json,hashed,delete-play,late,16,True,sequence-mismatch
session-008.json,hashed,reorder-plays,early,0,True,sequence-mismatch|state-continuity-mismatch
session-008.json,hashed,reorder-plays,middle,9,True,sequence-mismatch|state-continuity-mismatch
session-008.json,hashed,reorder-plays,late,16,True,sequence-mismatch
session-008.json,hashed,alter-rules,round,0,True,replay-event-mismatch|replay-state-mismatch
session-009.json,full,alter-command,early,0,True,grounding-mismatch|replay-event-mismatch|replay-state-mismatch
session-009.json,full,alter-command,middle,9,True,grounding-mismatch|replay-event-mismatch|replay-state-mismatch
session-009.json,full,alter-command,late,16,True,grounding-mismatch|replay-event-mismatch|replay-state-mismatch
session-009.json,full,alter-response,early,0,True,exact-request-reconstruction-mismatch|grounding-mismatch
session-009.json,full,alter-response,middle,9,True,exact-request-reconstruction-mismatch|grounding-mismatch
session-009.json,full,alter-response,late,16,True,exact-request-reconstruction-mismatch|grounding-mismatch
session-009.json,full,alter-request,early,0,True,request-provenance-mismatch
session-009.json,full,alter-request,middle,9,True,request-provenance-mismatch
session-009.json,full,alter-request,late,16,True,request-provenance-mismatch
session-009.json,full,alter-human-prompt,early,0,True,exact-request-reconstruction-mismatch
session-009.json,full,alter-human-prompt,middle,9,True,exact-request-reconstruction-mismatch
session-009.json,full,alter-human-prompt,late,16,True,exact-request-reconstruction-mismatch
session-009.json,full,alter-supplied-state,early,0,True,exact-request-reconstruction-mismatch|request-game-state-mismatch
session-009.json,full,alter-supplied-state,middle,9,True,exact-request-reconstruction-mismatch|request-game-state-mismatch
session-009.json,full,alter-supplied-state,late,16,True,exact-request-reconstruction-mismatch|request-game-state-mismatch
session-009.json,full,alter-pre-state,early,0,True,replay-event-mismatch|replay-state-mismatch|request-game-state-mismatch|state-continuity-mismatch
session-009.json,full,alter-pre-state,middle,9,True,replay-state-mismatch|request-game-state-mismatch|state-continuity-mismatch
session-009.json,full,alter-pre-state,late,16,True,replay-state-mismatch|request-game-state-mismatch|state-continuity-mismatch
session-009.json,full,alter-post-state,early,0,True,replay-state-mismatch|state-continuity-mismatch
session-009.json,full,alter-post-state,middle,9,True,replay-state-mismatch|state-continuity-mismatch
session-009.json,full,alter-post-state,late,16,True,replay-state-mismatch|state-continuity-mismatch
session-009.json,full,alter-events,early,0,True,replay-event-mismatch
session-009.json,full,alter-events,middle,9,True,replay-event-mismatch
session-009.json,full,alter-events,late,16,True,replay-event-mismatch
session-009.json,full,delete-play,early,0,True,exact-request-reconstruction-mismatch|sequence-mismatch|state-continuity-mismatch
session-009.json,full,delete-play,middle,9,True,exact-request-reconstruction-mismatch|sequence-mismatch|state-continuity-mismatch
session-009.json,full,delete-play,late,16,True,exact-request-reconstruction-mismatch|sequence-mismatch
session-009.json,full,reorder-plays,early,0,True,exact-request-reconstruction-mismatch|sequence-mismatch|state-continuity-mismatch
session-009.json,full,reorder-plays,middle,9,True,exact-request-reconstruction-mismatch|sequence-mismatch|state-continuity-mismatch
session-009.json,full,reorder-plays,late,16,True,exact-request-reconstruction-mismatch|sequence-mismatch
session-009.json,full,alter-rules,round,0,True,replay-event-mismatch|replay-state-mismatch
session-010.json,redacted,alter-command,early,0,True,replay-event-mismatch|replay-state-mismatch
session-010.json,redacted,alter-command,middle,9,True,replay-event-mismatch|replay-state-mismatch
session-010.json,redacted,alter-command,late,16,True,schema-invalid
session-010.json,redacted,alter-request,early,0,True,request-provenance-mismatch
session-010.json,redacted,alter-request,middle,9,True,request-provenance-mismatch
session-010.json,redacted,alter-request,late,16,True,request-provenance-mismatch
session-010.json,redacted,alter-supplied-state,early,0,True,request-game-state-mismatch
session-010.json,redacted,alter-supplied-state,middle,9,True,request-game-state-mismatch
session-010.json,redacted,alter-supplied-state,late,16,True,request-game-state-mismatch
session-010.json,redacted,alter-pre-state,early,0,True,replay-event-mismatch|replay-state-mismatch|request-game-state-mismatch|state-continuity-mismatch
session-010.json,redacted,alter-pre-state,middle,9,True,replay-state-mismatch|request-game-state-mismatch|state-continuity-mismatch
session-010.json,redacted,alter-pre-state,late,16,True,replay-state-mismatch|request-game-state-mismatch|state-continuity-mismatch
session-010.json,redacted,alter-post-state,early,0,True,replay-state-mismatch|state-continuity-mismatch
session-010.json,redacted,alter-post-state,middle,9,True,replay-state-mismatch|state-continuity-mismatch
session-010.json,redacted,alter-post-state,late,16,True,replay-state-mismatch|state-continuity-mismatch
session-010.json,redacted,alter-events,early,0,True,replay-event-mismatch
session-010.json,redacted,alter-events,middle,9,True,replay-event-mismatch
session-010.json,redacted,alter-events,late,16,True,replay-event-mismatch
session-010.json,redacted,delete-play,early,0,True,sequence-mismatch|state-continuity-mismatch
session-010.json,redacted,delete-play,middle,9,True,sequence-mismatch|state-continuity-mismatch
session-010.json,redacted,delete-play,late,16,True,sequence-mismatch
session-010.json,redacted,reorder-plays,early,0,True,sequence-mismatch|state-continuity-mismatch
session-010.json,redacted,reorder-plays,middle,9,True,sequence-mismatch|state-continuity-mismatch
session-010.json,redacted,reorder-plays,late,16,True,round-final-state-mismatch|sequence-mismatch|state-continuity-mismatch
session-010.json,redacted,alter-rules,round,0,True,replay-event-mismatch|replay-state-mismatch
session-011.json,hashed,alter-command,early,0,True,replay-event-mismatch|replay-state-mismatch
session-011.json,hashed,alter-command,middle,9,True,replay-event-mismatch|replay-state-mismatch
session-011.json,hashed,alter-command,late,16,True,replay-event-mismatch|replay-state-mismatch
session-011.json,hashed,alter-supplied-state,early,0,True,request-game-state-mismatch
session-011.json,hashed,alter-supplied-state,middle,9,True,request-game-state-mismatch
session-011.json,hashed,alter-supplied-state,late,16,True,request-game-state-mismatch
session-011.json,hashed,alter-pre-state,early,0,True,replay-state-mismatch|request-game-state-mismatch|state-continuity-mismatch
session-011.json,hashed,alter-pre-state,middle,9,True,replay-state-mismatch|request-game-state-mismatch|state-continuity-mismatch
session-011.json,hashed,alter-pre-state,late,16,True,replay-event-mismatch|replay-state-mismatch|request-game-state-mismatch|state-continuity-mismatch
session-011.json,hashed,alter-post-state,early,0,True,replay-state-mismatch|state-continuity-mismatch
session-011.json,hashed,alter-post-state,middle,9,True,replay-state-mismatch|state-continuity-mismatch
session-011.json,hashed,alter-post-state,late,16,True,replay-state-mismatch|state-continuity-mismatch
session-011.json,hashed,alter-events,early,0,True,replay-event-mismatch
session-011.json,hashed,alter-events,middle,9,True,replay-event-mismatch
session-011.json,hashed,alter-events,late,16,True,replay-event-mismatch
session-011.json,hashed,delete-play,early,0,True,sequence-mismatch|state-continuity-mismatch
session-011.json,hashed,delete-play,middle,9,True,sequence-mismatch|state-continuity-mismatch
session-011.json,hashed,delete-play,late,16,True,sequence-mismatch|state-continuity-mismatch
session-011.json,hashed,reorder-plays,early,0,True,sequence-mismatch|state-continuity-mismatch
session-011.json,hashed,reorder-plays,middle,9,True,sequence-mismatch|state-continuity-mismatch
session-011.json,hashed,reorder-plays,late,16,True,round-final-state-mismatch|sequence-mismatch|state-continuity-mismatch
session-011.json,hashed,alter-rules,round,0,True,replay-event-mismatch|replay-state-mismatch
session-012.json,full,alter-command,early,0,True,grounding-mismatch|replay-event-mismatch|replay-state-mismatch
session-012.json,full,alter-command,middle,9,True,grounding-mismatch|replay-event-mismatch|replay-state-mismatch
session-012.json,full,alter-command,late,16,True,grounding-mismatch|replay-event-mismatch|replay-state-mismatch
session-012.json,full,alter-response,early,0,True,exact-request-reconstruction-mismatch|grounding-mismatch
session-012.json,full,alter-response,middle,9,True,exact-request-reconstruction-mismatch|grounding-mismatch
session-012.json,full,alter-response,late,16,True,exact-request-reconstruction-mismatch|grounding-mismatch
session-012.json,full,alter-request,early,0,True,request-provenance-mismatch
session-012.json,full,alter-request,middle,9,True,request-provenance-mismatch
session-012.json,full,alter-request,late,16,True,request-provenance-mismatch
session-012.json,full,alter-human-prompt,early,0,True,exact-request-reconstruction-mismatch
session-012.json,full,alter-human-prompt,middle,9,True,exact-request-reconstruction-mismatch
session-012.json,full,alter-human-prompt,late,16,True,exact-request-reconstruction-mismatch
session-012.json,full,alter-supplied-state,early,0,True,request-game-state-mismatch
session-012.json,full,alter-supplied-state,middle,9,True,request-game-state-mismatch
session-012.json,full,alter-supplied-state,late,16,True,request-game-state-mismatch
session-012.json,full,alter-pre-state,early,0,True,replay-state-mismatch|request-game-state-mismatch|state-continuity-mismatch
session-012.json,full,alter-pre-state,middle,9,True,replay-state-mismatch|request-game-state-mismatch|state-continuity-mismatch
session-012.json,full,alter-pre-state,late,16,True,replay-event-mismatch|replay-state-mismatch|request-game-state-mismatch|state-continuity-mismatch
session-012.json,full,alter-post-state,early,0,True,replay-state-mismatch|state-continuity-mismatch
session-012.json,full,alter-post-state,middle,9,True,replay-state-mismatch|state-continuity-mismatch
session-012.json,full,alter-post-state,late,16,True,replay-state-mismatch|state-continuity-mismatch
session-012.json,full,alter-events,early,0,True,replay-event-mismatch
session-012.json,full,alter-events,middle,9,True,replay-event-mismatch
session-012.json,full,alter-events,late,16,True,replay-event-mismatch
session-012.json,full,delete-play,early,0,True,exact-request-reconstruction-mismatch|sequence-mismatch|state-continuity-mismatch
session-012.json,full,delete-play,middle,9,True,exact-request-reconstruction-mismatch|sequence-mismatch|state-continuity-mismatch
session-012.json,full,delete-play,late,16,True,exact-request-reconstruction-mismatch|sequence-mismatch|state-continuity-mismatch
session-012.json,full,reorder-plays,early,0,True,exact-request-reconstruction-mismatch|sequence-mismatch|state-continuity-mismatch
session-012.json,full,reorder-plays,middle,9,True,exact-request-reconstruction-mismatch|sequence-mismatch|state-continuity-mismatch
session-012.json,full,reorder-plays,late,16,True,exact-request-reconstruction-mismatch|round-final-state-mismatch|sequence-mismatch|state-continuity-mismatch
session-012.json,full,alter-rules,round,0,True,replay-event-mismatch|replay-state-mismatch
session-013.json,redacted,alter-command,early,0,True,replay-event-mismatch|replay-state-mismatch
session-013.json,redacted,alter-command,middle,9,True,replay-event-mismatch|replay-state-mismatch
session-013.json,redacted,alter-command,late,16,True,replay-event-mismatch|replay-state-mismatch
session-013.json,redacted,alter-request,early,0,True,request-provenance-mismatch
session-013.json,redacted,alter-request,middle,9,True,request-provenance-mismatch
session-013.json,redacted,alter-request,late,16,True,request-provenance-mismatch
session-013.json,redacted,alter-supplied-state,early,0,True,request-game-state-mismatch
session-013.json,redacted,alter-supplied-state,middle,9,True,request-game-state-mismatch
session-013.json,redacted,alter-supplied-state,late,16,True,request-game-state-mismatch
session-013.json,redacted,alter-pre-state,early,0,True,replay-state-mismatch|request-game-state-mismatch|state-continuity-mismatch
session-013.json,redacted,alter-pre-state,middle,9,True,replay-state-mismatch|request-game-state-mismatch|state-continuity-mismatch
session-013.json,redacted,alter-pre-state,late,16,True,replay-state-mismatch|request-game-state-mismatch|state-continuity-mismatch
session-013.json,redacted,alter-post-state,early,0,True,replay-state-mismatch|state-continuity-mismatch
session-013.json,redacted,alter-post-state,middle,9,True,replay-state-mismatch|state-continuity-mismatch
session-013.json,redacted,alter-post-state,late,16,True,replay-state-mismatch|state-continuity-mismatch
session-013.json,redacted,alter-events,early,0,True,replay-event-mismatch
session-013.json,redacted,alter-events,middle,9,True,replay-event-mismatch
session-013.json,redacted,alter-events,late,16,True,replay-event-mismatch
session-013.json,redacted,delete-play,early,0,True,sequence-mismatch|state-continuity-mismatch
session-013.json,redacted,delete-play,middle,9,True,sequence-mismatch|state-continuity-mismatch
session-013.json,redacted,delete-play,late,16,True,sequence-mismatch|state-continuity-mismatch
session-013.json,redacted,reorder-plays,early,0,True,sequence-mismatch|state-continuity-mismatch
session-013.json,redacted,reorder-plays,middle,9,True,sequence-mismatch|state-continuity-mismatch
session-013.json,redacted,reorder-plays,late,16,True,round-final-state-mismatch|sequence-mismatch|state-continuity-mismatch
session-013.json,redacted,alter-rules,round,0,True,replay-event-mismatch|replay-state-mismatch
session-014.json,hashed,alter-command,early,0,True,replay-event-mismatch|replay-state-mismatch
session-014.json,hashed,alter-command,middle,9,True,replay-event-mismatch|replay-state-mismatch
session-014.json,hashed,alter-command,late,16,True,replay-event-mismatch|replay-state-mismatch
session-014.json,hashed,alter-supplied-state,early,0,True,request-game-state-mismatch
session-014.json,hashed,alter-supplied-state,middle,9,True,request-game-state-mismatch
session-014.json,hashed,alter-supplied-state,late,16,True,request-game-state-mismatch
session-014.json,hashed,alter-pre-state,early,0,True,replay-state-mismatch|request-game-state-mismatch|state-continuity-mismatch
session-014.json,hashed,alter-pre-state,middle,9,True,replay-state-mismatch|request-game-state-mismatch|state-continuity-mismatch
session-014.json,hashed,alter-pre-state,late,16,True,replay-state-mismatch|request-game-state-mismatch|state-continuity-mismatch
session-014.json,hashed,alter-post-state,early,0,True,replay-state-mismatch|state-continuity-mismatch
session-014.json,hashed,alter-post-state,middle,9,True,replay-state-mismatch|state-continuity-mismatch
session-014.json,hashed,alter-post-state,late,16,True,replay-state-mismatch|state-continuity-mismatch
session-014.json,hashed,alter-events,early,0,True,replay-event-mismatch
session-014.json,hashed,alter-events,middle,9,True,replay-event-mismatch
session-014.json,hashed,alter-events,late,16,True,replay-event-mismatch
session-014.json,hashed,delete-play,early,0,True,sequence-mismatch|state-continuity-mismatch
session-014.json,hashed,delete-play,middle,9,True,sequence-mismatch|state-continuity-mismatch
session-014.json,hashed,delete-play,late,16,True,sequence-mismatch|state-continuity-mismatch
session-014.json,hashed,reorder-plays,early,0,True,sequence-mismatch|state-continuity-mismatch
session-014.json,hashed,reorder-plays,middle,9,True,sequence-mismatch|state-continuity-mismatch
session-014.json,hashed,reorder-plays,late,16,True,round-final-state-mismatch|sequence-mismatch|state-continuity-mismatch
session-014.json,hashed,alter-rules,round,0,True,replay-event-mismatch|replay-state-mismatch
session-015.json,full,alter-command,early,0,True,grounding-mismatch|replay-event-mismatch|replay-state-mismatch
session-015.json,full,alter-command,middle,9,True,grounding-mismatch|replay-event-mismatch|replay-state-mismatch
session-015.json,full,alter-command,late,16,True,grounding-mismatch|replay-event-mismatch|replay-state-mismatch
session-015.json,full,alter-response,early,0,True,exact-request-reconstruction-mismatch|grounding-mismatch
session-015.json,full,alter-response,middle,9,True,exact-request-reconstruction-mismatch|grounding-mismatch
session-015.json,full,alter-response,late,16,True,grounding-mismatch
session-015.json,full,alter-request,early,0,True,request-provenance-mismatch
session-015.json,full,alter-request,middle,9,True,request-provenance-mismatch
session-015.json,full,alter-request,late,16,True,request-provenance-mismatch
session-015.json,full,alter-human-prompt,early,0,True,exact-request-reconstruction-mismatch
session-015.json,full,alter-human-prompt,middle,9,True,exact-request-reconstruction-mismatch
session-015.json,full,alter-human-prompt,late,16,True,exact-request-reconstruction-mismatch
session-015.json,full,alter-supplied-state,early,0,True,exact-request-reconstruction-mismatch|request-game-state-mismatch
session-015.json,full,alter-supplied-state,middle,9,True,exact-request-reconstruction-mismatch|request-game-state-mismatch
session-015.json,full,alter-supplied-state,late,16,True,exact-request-reconstruction-mismatch|request-game-state-mismatch
session-015.json,full,alter-pre-state,early,0,True,replay-state-mismatch|request-game-state-mismatch|state-continuity-mismatch
session-015.json,full,alter-pre-state,middle,9,True,replay-state-mismatch|request-game-state-mismatch|state-continuity-mismatch
session-015.json,full,alter-pre-state,late,16,True,replay-state-mismatch|request-game-state-mismatch|state-continuity-mismatch
session-015.json,full,alter-post-state,early,0,True,replay-state-mismatch|state-continuity-mismatch
session-015.json,full,alter-post-state,middle,9,True,replay-state-mismatch|state-continuity-mismatch
session-015.json,full,alter-post-state,late,16,True,replay-state-mismatch|state-continuity-mismatch
session-015.json,full,alter-events,early,0,True,replay-event-mismatch
session-015.json,full,alter-events,middle,9,True,replay-event-mismatch
session-015.json,full,alter-events,late,16,True,replay-event-mismatch
session-015.json,full,delete-play,early,0,True,exact-request-reconstruction-mismatch|sequence-mismatch
session-015.json,full,delete-play,middle,9,True,exact-request-reconstruction-mismatch|sequence-mismatch|state-continuity-mismatch
session-015.json,full,delete-play,late,16,True,sequence-mismatch|state-continuity-mismatch
session-015.json,full,reorder-plays,early,0,True,sequence-mismatch|state-continuity-mismatch
session-015.json,full,reorder-plays,middle,9,True,sequence-mismatch|state-continuity-mismatch
session-015.json,full,reorder-plays,late,16,True,round-final-state-mismatch|sequence-mismatch|state-continuity-mismatch
session-015.json,full,alter-rules,round,0,True,replay-event-mismatch|replay-state-mismatch
session-016.json,redacted,alter-command,early,0,True,replay-event-mismatch|replay-state-mismatch
session-016.json,redacted,alter-command,middle,9,True,replay-event-mismatch|replay-state-mismatch
session-016.json,redacted,alter-command,late,16,True,replay-event-mismatch|replay-state-mismatch
session-016.json,redacted,alter-request,early,0,True,request-provenance-mismatch
session-016.json,redacted,alter-request,middle,9,True,request-provenance-mismatch
session-016.json,redacted,alter-request,late,16,True,request-provenance-mismatch
session-016.json,redacted,alter-supplied-state,early,0,True,request-game-state-mismatch
session-016.json,redacted,alter-supplied-state,middle,9,True,request-game-state-mismatch
session-016.json,redacted,alter-supplied-state,late,16,True,request-game-state-mismatch
session-016.json,redacted,alter-pre-state,early,0,True,replay-event-mismatch|replay-state-mismatch|request-game-state-mismatch|state-continuity-mismatch
session-016.json,redacted,alter-pre-state,middle,9,True,replay-state-mismatch|request-game-state-mismatch|state-continuity-mismatch
session-016.json,redacted,alter-pre-state,late,16,True,replay-state-mismatch|request-game-state-mismatch|state-continuity-mismatch
session-016.json,redacted,alter-post-state,early,0,True,replay-state-mismatch|state-continuity-mismatch
session-016.json,redacted,alter-post-state,middle,9,True,replay-state-mismatch|state-continuity-mismatch
session-016.json,redacted,alter-post-state,late,16,True,replay-state-mismatch|state-continuity-mismatch
session-016.json,redacted,alter-events,early,0,True,replay-event-mismatch
session-016.json,redacted,alter-events,middle,9,True,replay-event-mismatch
session-016.json,redacted,alter-events,late,16,True,replay-event-mismatch
session-016.json,redacted,delete-play,early,0,True,sequence-mismatch|state-continuity-mismatch
session-016.json,redacted,delete-play,middle,9,True,sequence-mismatch
session-016.json,redacted,delete-play,late,16,True,sequence-mismatch|state-continuity-mismatch
session-016.json,redacted,reorder-plays,early,0,True,sequence-mismatch|state-continuity-mismatch
session-016.json,redacted,reorder-plays,middle,9,True,sequence-mismatch
session-016.json,redacted,reorder-plays,late,16,True,sequence-mismatch|state-continuity-mismatch
session-016.json,redacted,alter-rules,round,0,True,replay-event-mismatch|replay-state-mismatch
session-017.json,hashed,alter-command,early,0,True,schema-invalid
session-017.json,hashed,alter-command,middle,9,True,schema-invalid
session-017.json,hashed,alter-command,late,16,True,replay-event-mismatch|replay-state-mismatch
session-017.json,hashed,alter-supplied-state,early,0,True,request-game-state-mismatch
session-017.json,hashed,alter-supplied-state,middle,9,True,request-game-state-mismatch
session-017.json,hashed,alter-supplied-state,late,16,True,request-game-state-mismatch
session-017.json,hashed,alter-pre-state,early,0,True,replay-state-mismatch|request-game-state-mismatch|state-continuity-mismatch
session-017.json,hashed,alter-pre-state,middle,9,True,replay-state-mismatch|request-game-state-mismatch|state-continuity-mismatch
session-017.json,hashed,alter-pre-state,late,16,True,replay-state-mismatch|request-game-state-mismatch|state-continuity-mismatch
session-017.json,hashed,alter-post-state,early,0,True,replay-state-mismatch|state-continuity-mismatch
session-017.json,hashed,alter-post-state,middle,9,True,replay-state-mismatch|state-continuity-mismatch
session-017.json,hashed,alter-post-state,late,16,True,replay-state-mismatch|state-continuity-mismatch
session-017.json,hashed,alter-events,early,0,True,replay-event-mismatch
session-017.json,hashed,alter-events,middle,9,True,replay-event-mismatch
session-017.json,hashed,alter-events,late,16,True,replay-event-mismatch
session-017.json,hashed,delete-play,early,0,True,sequence-mismatch
session-017.json,hashed,delete-play,middle,9,True,sequence-mismatch
session-017.json,hashed,delete-play,late,16,True,sequence-mismatch
session-017.json,hashed,reorder-plays,early,0,True,sequence-mismatch|state-continuity-mismatch
session-017.json,hashed,reorder-plays,middle,9,True,sequence-mismatch|state-continuity-mismatch
session-017.json,hashed,reorder-plays,late,16,True,sequence-mismatch
session-017.json,hashed,alter-rules,round,0,True,replay-event-mismatch|replay-state-mismatch
session-018.json,full,alter-command,early,0,True,grounding-mismatch|replay-event-mismatch|replay-state-mismatch
session-018.json,full,alter-command,middle,9,True,grounding-mismatch|replay-event-mismatch|replay-state-mismatch
session-018.json,full,alter-command,late,16,True,grounding-mismatch|replay-event-mismatch|replay-state-mismatch
session-018.json,full,alter-response,early,0,True,exact-request-reconstruction-mismatch|grounding-mismatch
session-018.json,full,alter-response,middle,9,True,exact-request-reconstruction-mismatch|grounding-mismatch
session-018.json,full,alter-response,late,16,True,grounding-mismatch
session-018.json,full,alter-request,early,0,True,request-provenance-mismatch
session-018.json,full,alter-request,middle,9,True,request-provenance-mismatch
session-018.json,full,alter-request,late,16,True,request-provenance-mismatch
session-018.json,full,alter-human-prompt,early,0,True,exact-request-reconstruction-mismatch
session-018.json,full,alter-human-prompt,middle,9,True,exact-request-reconstruction-mismatch
session-018.json,full,alter-human-prompt,late,16,True,exact-request-reconstruction-mismatch
session-018.json,full,alter-supplied-state,early,0,True,request-game-state-mismatch
session-018.json,full,alter-supplied-state,middle,9,True,request-game-state-mismatch
session-018.json,full,alter-supplied-state,late,16,True,request-game-state-mismatch
session-018.json,full,alter-pre-state,early,0,True,replay-event-mismatch|replay-state-mismatch|request-game-state-mismatch|state-continuity-mismatch
session-018.json,full,alter-pre-state,middle,9,True,replay-state-mismatch|request-game-state-mismatch|state-continuity-mismatch
session-018.json,full,alter-pre-state,late,16,True,replay-state-mismatch|request-game-state-mismatch|state-continuity-mismatch
session-018.json,full,alter-post-state,early,0,True,replay-state-mismatch|state-continuity-mismatch
session-018.json,full,alter-post-state,middle,9,True,replay-state-mismatch|state-continuity-mismatch
session-018.json,full,alter-post-state,late,16,True,replay-state-mismatch|state-continuity-mismatch
session-018.json,full,alter-events,early,0,True,replay-event-mismatch
session-018.json,full,alter-events,middle,9,True,replay-event-mismatch
session-018.json,full,alter-events,late,16,True,replay-event-mismatch
session-018.json,full,delete-play,early,0,True,exact-request-reconstruction-mismatch|sequence-mismatch|state-continuity-mismatch
session-018.json,full,delete-play,middle,9,True,exact-request-reconstruction-mismatch|sequence-mismatch|state-continuity-mismatch
session-018.json,full,delete-play,late,16,True,sequence-mismatch
session-018.json,full,reorder-plays,early,0,True,sequence-mismatch|state-continuity-mismatch
session-018.json,full,reorder-plays,middle,9,True,sequence-mismatch|state-continuity-mismatch
session-018.json,full,reorder-plays,late,16,True,sequence-mismatch
session-018.json,full,alter-rules,round,0,True,replay-event-mismatch|replay-state-mismatch
session-019.json,redacted,alter-command,early,0,True,replay-event-mismatch|replay-state-mismatch
session-019.json,redacted,alter-command,middle,9,True,replay-event-mismatch|replay-state-mismatch
session-019.json,redacted,alter-command,late,16,True,schema-invalid
session-019.json,redacted,alter-request,early,0,True,request-provenance-mismatch
session-019.json,redacted,alter-request,middle,9,True,request-provenance-mismatch
session-019.json,redacted,alter-request,late,16,True,request-provenance-mismatch
session-019.json,redacted,alter-supplied-state,early,0,True,request-game-state-mismatch
session-019.json,redacted,alter-supplied-state,middle,9,True,request-game-state-mismatch
session-019.json,redacted,alter-supplied-state,late,16,True,request-game-state-mismatch
session-019.json,redacted,alter-pre-state,early,0,True,replay-event-mismatch|replay-state-mismatch|request-game-state-mismatch|state-continuity-mismatch
session-019.json,redacted,alter-pre-state,middle,9,True,replay-state-mismatch|request-game-state-mismatch|state-continuity-mismatch
session-019.json,redacted,alter-pre-state,late,16,True,replay-state-mismatch|request-game-state-mismatch|state-continuity-mismatch
session-019.json,redacted,alter-post-state,early,0,True,replay-state-mismatch|state-continuity-mismatch
session-019.json,redacted,alter-post-state,middle,9,True,replay-state-mismatch|state-continuity-mismatch
session-019.json,redacted,alter-post-state,late,16,True,replay-state-mismatch|state-continuity-mismatch
session-019.json,redacted,alter-events,early,0,True,replay-event-mismatch
session-019.json,redacted,alter-events,middle,9,True,replay-event-mismatch
session-019.json,redacted,alter-events,late,16,True,replay-event-mismatch
session-019.json,redacted,delete-play,early,0,True,sequence-mismatch|state-continuity-mismatch
session-019.json,redacted,delete-play,middle,9,True,sequence-mismatch|state-continuity-mismatch
session-019.json,redacted,delete-play,late,16,True,sequence-mismatch
session-019.json,redacted,reorder-plays,early,0,True,sequence-mismatch|state-continuity-mismatch
session-019.json,redacted,reorder-plays,middle,9,True,sequence-mismatch|state-continuity-mismatch
session-019.json,redacted,reorder-plays,late,16,True,round-final-state-mismatch|sequence-mismatch|state-continuity-mismatch
session-019.json,redacted,alter-rules,round,0,True,replay-event-mismatch|replay-state-mismatch
session-020.json,hashed,alter-command,early,0,True,replay-event-mismatch|replay-state-mismatch
session-020.json,hashed,alter-command,middle,9,True,replay-event-mismatch|replay-state-mismatch
session-020.json,hashed,alter-command,late,16,True,replay-event-mismatch|replay-state-mismatch
session-020.json,hashed,alter-supplied-state,early,0,True,request-game-state-mismatch
session-020.json,hashed,alter-supplied-state,middle,9,True,request-game-state-mismatch
session-020.json,hashed,alter-supplied-state,late,16,True,request-game-state-mismatch
session-020.json,hashed,alter-pre-state,early,0,True,replay-state-mismatch|request-game-state-mismatch|state-continuity-mismatch
session-020.json,hashed,alter-pre-state,middle,9,True,replay-state-mismatch|request-game-state-mismatch|state-continuity-mismatch
session-020.json,hashed,alter-pre-state,late,16,True,replay-event-mismatch|replay-state-mismatch|request-game-state-mismatch|state-continuity-mismatch
session-020.json,hashed,alter-post-state,early,0,True,replay-state-mismatch|state-continuity-mismatch
session-020.json,hashed,alter-post-state,middle,9,True,replay-state-mismatch|state-continuity-mismatch
session-020.json,hashed,alter-post-state,late,16,True,replay-state-mismatch|state-continuity-mismatch
session-020.json,hashed,alter-events,early,0,True,replay-event-mismatch
session-020.json,hashed,alter-events,middle,9,True,replay-event-mismatch
session-020.json,hashed,alter-events,late,16,True,replay-event-mismatch
session-020.json,hashed,delete-play,early,0,True,sequence-mismatch|state-continuity-mismatch
session-020.json,hashed,delete-play,middle,9,True,sequence-mismatch|state-continuity-mismatch
session-020.json,hashed,delete-play,late,16,True,sequence-mismatch|state-continuity-mismatch
session-020.json,hashed,reorder-plays,early,0,True,sequence-mismatch|state-continuity-mismatch
session-020.json,hashed,reorder-plays,middle,9,True,sequence-mismatch|state-continuity-mismatch
session-020.json,hashed,reorder-plays,late,16,True,round-final-state-mismatch|sequence-mismatch|state-continuity-mismatch
session-020.json,hashed,alter-rules,round,0,True,replay-event-mismatch|replay-state-mismatch
session-021.json,full,alter-command,early,0,True,grounding-mismatch|replay-event-mismatch|replay-state-mismatch
session-021.json,full,alter-command,middle,9,True,grounding-mismatch|replay-event-mismatch|replay-state-mismatch
session-021.json,full,alter-command,late,16,True,grounding-mismatch|replay-event-mismatch|replay-state-mismatch
session-021.json,full,alter-response,early,0,True,exact-request-reconstruction-mismatch|grounding-mismatch
session-021.json,full,alter-response,middle,9,True,exact-request-reconstruction-mismatch|grounding-mismatch
session-021.json,full,alter-response,late,16,True,exact-request-reconstruction-mismatch|grounding-mismatch
session-021.json,full,alter-request,early,0,True,request-provenance-mismatch
session-021.json,full,alter-request,middle,9,True,request-provenance-mismatch
session-021.json,full,alter-request,late,16,True,request-provenance-mismatch
session-021.json,full,alter-human-prompt,early,0,True,exact-request-reconstruction-mismatch
session-021.json,full,alter-human-prompt,middle,9,True,exact-request-reconstruction-mismatch
session-021.json,full,alter-human-prompt,late,16,True,exact-request-reconstruction-mismatch
session-021.json,full,alter-supplied-state,early,0,True,exact-request-reconstruction-mismatch|request-game-state-mismatch
session-021.json,full,alter-supplied-state,middle,9,True,exact-request-reconstruction-mismatch|request-game-state-mismatch
session-021.json,full,alter-supplied-state,late,16,True,exact-request-reconstruction-mismatch|request-game-state-mismatch
session-021.json,full,alter-pre-state,early,0,True,replay-state-mismatch|request-game-state-mismatch|state-continuity-mismatch
session-021.json,full,alter-pre-state,middle,9,True,replay-state-mismatch|request-game-state-mismatch|state-continuity-mismatch
session-021.json,full,alter-pre-state,late,16,True,replay-event-mismatch|replay-state-mismatch|request-game-state-mismatch|state-continuity-mismatch
session-021.json,full,alter-post-state,early,0,True,replay-state-mismatch|state-continuity-mismatch
session-021.json,full,alter-post-state,middle,9,True,replay-state-mismatch|state-continuity-mismatch
session-021.json,full,alter-post-state,late,16,True,replay-state-mismatch|state-continuity-mismatch
session-021.json,full,alter-events,early,0,True,replay-event-mismatch
session-021.json,full,alter-events,middle,9,True,replay-event-mismatch
session-021.json,full,alter-events,late,16,True,replay-event-mismatch
session-021.json,full,delete-play,early,0,True,exact-request-reconstruction-mismatch|sequence-mismatch|state-continuity-mismatch
session-021.json,full,delete-play,middle,9,True,exact-request-reconstruction-mismatch|sequence-mismatch|state-continuity-mismatch
session-021.json,full,delete-play,late,16,True,exact-request-reconstruction-mismatch|sequence-mismatch|state-continuity-mismatch
session-021.json,full,reorder-plays,early,0,True,exact-request-reconstruction-mismatch|sequence-mismatch|state-continuity-mismatch
session-021.json,full,reorder-plays,middle,9,True,exact-request-reconstruction-mismatch|sequence-mismatch|state-continuity-mismatch
session-021.json,full,reorder-plays,late,16,True,exact-request-reconstruction-mismatch|round-final-state-mismatch|sequence-mismatch|state-continuity-mismatch
session-021.json,full,alter-rules,round,0,True,replay-event-mismatch|replay-state-mismatch
session-022.json,redacted,alter-command,early,0,True,replay-event-mismatch|replay-state-mismatch
session-022.json,redacted,alter-command,middle,9,True,replay-event-mismatch|replay-state-mismatch
session-022.json,redacted,alter-command,late,16,True,replay-event-mismatch|replay-state-mismatch
session-022.json,redacted,alter-request,early,0,True,request-provenance-mismatch
session-022.json,redacted,alter-request,middle,9,True,request-provenance-mismatch
session-022.json,redacted,alter-request,late,16,True,request-provenance-mismatch
session-022.json,redacted,alter-supplied-state,early,0,True,request-game-state-mismatch
session-022.json,redacted,alter-supplied-state,middle,9,True,request-game-state-mismatch
session-022.json,redacted,alter-supplied-state,late,16,True,request-game-state-mismatch
session-022.json,redacted,alter-pre-state,early,0,True,replay-state-mismatch|request-game-state-mismatch|state-continuity-mismatch
session-022.json,redacted,alter-pre-state,middle,9,True,replay-state-mismatch|request-game-state-mismatch|state-continuity-mismatch
session-022.json,redacted,alter-pre-state,late,16,True,replay-state-mismatch|request-game-state-mismatch|state-continuity-mismatch
session-022.json,redacted,alter-post-state,early,0,True,replay-state-mismatch|state-continuity-mismatch
session-022.json,redacted,alter-post-state,middle,9,True,replay-state-mismatch|state-continuity-mismatch
session-022.json,redacted,alter-post-state,late,16,True,replay-state-mismatch|state-continuity-mismatch
session-022.json,redacted,alter-events,early,0,True,replay-event-mismatch
session-022.json,redacted,alter-events,middle,9,True,replay-event-mismatch
session-022.json,redacted,alter-events,late,16,True,replay-event-mismatch
session-022.json,redacted,delete-play,early,0,True,sequence-mismatch|state-continuity-mismatch
session-022.json,redacted,delete-play,middle,9,True,sequence-mismatch|state-continuity-mismatch
session-022.json,redacted,delete-play,late,16,True,sequence-mismatch|state-continuity-mismatch
session-022.json,redacted,reorder-plays,early,0,True,sequence-mismatch|state-continuity-mismatch
session-022.json,redacted,reorder-plays,middle,9,True,sequence-mismatch|state-continuity-mismatch
session-022.json,redacted,reorder-plays,late,16,True,round-final-state-mismatch|sequence-mismatch|state-continuity-mismatch
session-022.json,redacted,alter-rules,round,0,True,replay-event-mismatch|replay-state-mismatch
session-023.json,hashed,alter-command,early,0,True,replay-event-mismatch|replay-state-mismatch
session-023.json,hashed,alter-command,middle,9,True,replay-event-mismatch|replay-state-mismatch
session-023.json,hashed,alter-command,late,16,True,replay-event-mismatch|replay-state-mismatch
session-023.json,hashed,alter-supplied-state,early,0,True,request-game-state-mismatch
session-023.json,hashed,alter-supplied-state,middle,9,True,request-game-state-mismatch
session-023.json,hashed,alter-supplied-state,late,16,True,request-game-state-mismatch
session-023.json,hashed,alter-pre-state,early,0,True,replay-state-mismatch|request-game-state-mismatch|state-continuity-mismatch
session-023.json,hashed,alter-pre-state,middle,9,True,replay-state-mismatch|request-game-state-mismatch|state-continuity-mismatch
session-023.json,hashed,alter-pre-state,late,16,True,replay-state-mismatch|request-game-state-mismatch|state-continuity-mismatch
session-023.json,hashed,alter-post-state,early,0,True,replay-state-mismatch|state-continuity-mismatch
session-023.json,hashed,alter-post-state,middle,9,True,replay-state-mismatch|state-continuity-mismatch
session-023.json,hashed,alter-post-state,late,16,True,replay-state-mismatch|state-continuity-mismatch
session-023.json,hashed,alter-events,early,0,True,replay-event-mismatch
session-023.json,hashed,alter-events,middle,9,True,replay-event-mismatch
session-023.json,hashed,alter-events,late,16,True,replay-event-mismatch
session-023.json,hashed,delete-play,early,0,True,sequence-mismatch|state-continuity-mismatch
session-023.json,hashed,delete-play,middle,9,True,sequence-mismatch|state-continuity-mismatch
session-023.json,hashed,delete-play,late,16,True,sequence-mismatch|state-continuity-mismatch
session-023.json,hashed,reorder-plays,early,0,True,sequence-mismatch|state-continuity-mismatch
session-023.json,hashed,reorder-plays,middle,9,True,sequence-mismatch|state-continuity-mismatch
session-023.json,hashed,reorder-plays,late,16,True,round-final-state-mismatch|sequence-mismatch|state-continuity-mismatch
session-023.json,hashed,alter-rules,round,0,True,replay-event-mismatch|replay-state-mismatch
session-024.json,full,alter-command,early,0,True,grounding-mismatch|replay-event-mismatch|replay-state-mismatch
session-024.json,full,alter-command,middle,9,True,grounding-mismatch|replay-event-mismatch|replay-state-mismatch
session-024.json,full,alter-command,late,16,True,grounding-mismatch|replay-event-mismatch|replay-state-mismatch
session-024.json,full,alter-response,early,0,True,exact-request-reconstruction-mismatch|grounding-mismatch
session-024.json,full,alter-response,middle,9,True,exact-request-reconstruction-mismatch|grounding-mismatch
session-024.json,full,alter-response,late,16,True,exact-request-reconstruction-mismatch|grounding-mismatch
session-024.json,full,alter-request,early,0,True,request-provenance-mismatch
session-024.json,full,alter-request,middle,9,True,request-provenance-mismatch
session-024.json,full,alter-request,late,16,True,request-provenance-mismatch
session-024.json,full,alter-human-prompt,early,0,True,exact-request-reconstruction-mismatch
session-024.json,full,alter-human-prompt,middle,9,True,exact-request-reconstruction-mismatch
session-024.json,full,alter-human-prompt,late,16,True,exact-request-reconstruction-mismatch
session-024.json,full,alter-supplied-state,early,0,True,request-game-state-mismatch
session-024.json,full,alter-supplied-state,middle,9,True,request-game-state-mismatch
session-024.json,full,alter-supplied-state,late,16,True,request-game-state-mismatch
session-024.json,full,alter-pre-state,early,0,True,replay-state-mismatch|request-game-state-mismatch|state-continuity-mismatch
session-024.json,full,alter-pre-state,middle,9,True,replay-state-mismatch|request-game-state-mismatch|state-continuity-mismatch
session-024.json,full,alter-pre-state,late,16,True,replay-state-mismatch|request-game-state-mismatch|state-continuity-mismatch
session-024.json,full,alter-post-state,early,0,True,replay-state-mismatch|state-continuity-mismatch
session-024.json,full,alter-post-state,middle,9,True,replay-state-mismatch|state-continuity-mismatch
session-024.json,full,alter-post-state,late,16,True,replay-state-mismatch|state-continuity-mismatch
session-024.json,full,alter-events,early,0,True,replay-event-mismatch
session-024.json,full,alter-events,middle,9,True,replay-event-mismatch
session-024.json,full,alter-events,late,16,True,replay-event-mismatch
session-024.json,full,delete-play,early,0,True,exact-request-reconstruction-mismatch|sequence-mismatch
session-024.json,full,delete-play,middle,9,True,exact-request-reconstruction-mismatch|sequence-mismatch|state-continuity-mismatch
session-024.json,full,delete-play,late,16,True,exact-request-reconstruction-mismatch|sequence-mismatch|state-continuity-mismatch
session-024.json,full,reorder-plays,early,0,True,exact-request-reconstruction-mismatch|sequence-mismatch|state-continuity-mismatch
session-024.json,full,reorder-plays,middle,9,True,exact-request-reconstruction-mismatch|sequence-mismatch|state-continuity-mismatch
session-024.json,full,reorder-plays,late,16,True,exact-request-reconstruction-mismatch|round-final-state-mismatch|sequence-mismatch|state-continuity-mismatch
session-024.json,full,alter-rules,round,0,True,replay-event-mismatch|replay-state-mismatch
session-025.json,redacted,alter-command,early,0,True,replay-event-mismatch|replay-state-mismatch
session-025.json,redacted,alter-command,middle,9,True,replay-event-mismatch|replay-state-mismatch
session-025.json,redacted,alter-command,late,16,True,replay-event-mismatch|replay-state-mismatch
session-025.json,redacted,alter-request,early,0,True,request-provenance-mismatch
session-025.json,redacted,alter-request,middle,9,True,request-provenance-mismatch
session-025.json,redacted,alter-request,late,16,True,request-provenance-mismatch
session-025.json,redacted,alter-supplied-state,early,0,True,request-game-state-mismatch
session-025.json,redacted,alter-supplied-state,middle,9,True,request-game-state-mismatch
session-025.json,redacted,alter-supplied-state,late,16,True,request-game-state-mismatch
session-025.json,redacted,alter-pre-state,early,0,True,replay-event-mismatch|replay-state-mismatch|request-game-state-mismatch|state-continuity-mismatch
session-025.json,redacted,alter-pre-state,middle,9,True,replay-state-mismatch|request-game-state-mismatch|state-continuity-mismatch
session-025.json,redacted,alter-pre-state,late,16,True,replay-state-mismatch|request-game-state-mismatch|state-continuity-mismatch
session-025.json,redacted,alter-post-state,early,0,True,replay-state-mismatch|state-continuity-mismatch
session-025.json,redacted,alter-post-state,middle,9,True,replay-state-mismatch|state-continuity-mismatch
session-025.json,redacted,alter-post-state,late,16,True,replay-state-mismatch|state-continuity-mismatch
session-025.json,redacted,alter-events,early,0,True,replay-event-mismatch
session-025.json,redacted,alter-events,middle,9,True,replay-event-mismatch
session-025.json,redacted,alter-events,late,16,True,replay-event-mismatch
session-025.json,redacted,delete-play,early,0,True,sequence-mismatch|state-continuity-mismatch
session-025.json,redacted,delete-play,middle,9,True,sequence-mismatch
session-025.json,redacted,delete-play,late,16,True,sequence-mismatch|state-continuity-mismatch
session-025.json,redacted,reorder-plays,early,0,True,sequence-mismatch|state-continuity-mismatch
session-025.json,redacted,reorder-plays,middle,9,True,sequence-mismatch
session-025.json,redacted,reorder-plays,late,16,True,sequence-mismatch|state-continuity-mismatch
session-025.json,redacted,alter-rules,round,0,True,replay-event-mismatch|replay-state-mismatch
session-026.json,hashed,alter-command,early,0,True,schema-invalid
session-026.json,hashed,alter-command,middle,9,True,schema-invalid
session-026.json,hashed,alter-command,late,16,True,replay-event-mismatch|replay-state-mismatch
session-026.json,hashed,alter-supplied-state,early,0,True,request-game-state-mismatch
session-026.json,hashed,alter-supplied-state,middle,9,True,request-game-state-mismatch
session-026.json,hashed,alter-supplied-state,late,16,True,request-game-state-mismatch
session-026.json,hashed,alter-pre-state,early,0,True,replay-state-mismatch|request-game-state-mismatch|state-continuity-mismatch
session-026.json,hashed,alter-pre-state,middle,9,True,replay-state-mismatch|request-game-state-mismatch|state-continuity-mismatch
session-026.json,hashed,alter-pre-state,late,16,True,replay-state-mismatch|request-game-state-mismatch|state-continuity-mismatch
session-026.json,hashed,alter-post-state,early,0,True,replay-state-mismatch|state-continuity-mismatch
session-026.json,hashed,alter-post-state,middle,9,True,replay-state-mismatch|state-continuity-mismatch
session-026.json,hashed,alter-post-state,late,16,True,replay-state-mismatch|state-continuity-mismatch
session-026.json,hashed,alter-events,early,0,True,replay-event-mismatch
session-026.json,hashed,alter-events,middle,9,True,replay-event-mismatch
session-026.json,hashed,alter-events,late,16,True,replay-event-mismatch
session-026.json,hashed,delete-play,early,0,True,sequence-mismatch
session-026.json,hashed,delete-play,middle,9,True,sequence-mismatch
session-026.json,hashed,delete-play,late,16,True,sequence-mismatch
session-026.json,hashed,reorder-plays,early,0,True,sequence-mismatch|state-continuity-mismatch
session-026.json,hashed,reorder-plays,middle,9,True,sequence-mismatch|state-continuity-mismatch
session-026.json,hashed,reorder-plays,late,16,True,sequence-mismatch
session-026.json,hashed,alter-rules,round,0,True,replay-event-mismatch|replay-state-mismatch
session-027.json,full,alter-command,early,0,True,grounding-mismatch|replay-event-mismatch|replay-state-mismatch
session-027.json,full,alter-command,middle,9,True,grounding-mismatch|replay-event-mismatch|replay-state-mismatch
session-027.json,full,alter-command,late,16,True,grounding-mismatch|replay-event-mismatch|replay-state-mismatch
session-027.json,full,alter-response,early,0,True,exact-request-reconstruction-mismatch|grounding-mismatch
session-027.json,full,alter-response,middle,9,True,exact-request-reconstruction-mismatch|grounding-mismatch
session-027.json,full,alter-response,late,16,True,grounding-mismatch
session-027.json,full,alter-request,early,0,True,request-provenance-mismatch
session-027.json,full,alter-request,middle,9,True,request-provenance-mismatch
session-027.json,full,alter-request,late,16,True,request-provenance-mismatch
session-027.json,full,alter-human-prompt,early,0,True,exact-request-reconstruction-mismatch
session-027.json,full,alter-human-prompt,middle,9,True,exact-request-reconstruction-mismatch
session-027.json,full,alter-human-prompt,late,16,True,exact-request-reconstruction-mismatch
session-027.json,full,alter-supplied-state,early,0,True,exact-request-reconstruction-mismatch|request-game-state-mismatch
session-027.json,full,alter-supplied-state,middle,9,True,exact-request-reconstruction-mismatch|request-game-state-mismatch
session-027.json,full,alter-supplied-state,late,16,True,exact-request-reconstruction-mismatch|request-game-state-mismatch
session-027.json,full,alter-pre-state,early,0,True,replay-event-mismatch|replay-state-mismatch|request-game-state-mismatch|state-continuity-mismatch
session-027.json,full,alter-pre-state,middle,9,True,replay-state-mismatch|request-game-state-mismatch|state-continuity-mismatch
session-027.json,full,alter-pre-state,late,16,True,replay-state-mismatch|request-game-state-mismatch|state-continuity-mismatch
session-027.json,full,alter-post-state,early,0,True,replay-state-mismatch|state-continuity-mismatch
session-027.json,full,alter-post-state,middle,9,True,replay-state-mismatch|state-continuity-mismatch
session-027.json,full,alter-post-state,late,16,True,replay-state-mismatch|state-continuity-mismatch
session-027.json,full,alter-events,early,0,True,replay-event-mismatch
session-027.json,full,alter-events,middle,9,True,replay-event-mismatch
session-027.json,full,alter-events,late,16,True,replay-event-mismatch
session-027.json,full,delete-play,early,0,True,exact-request-reconstruction-mismatch|sequence-mismatch|state-continuity-mismatch
session-027.json,full,delete-play,middle,9,True,exact-request-reconstruction-mismatch|sequence-mismatch|state-continuity-mismatch
session-027.json,full,delete-play,late,16,True,sequence-mismatch
session-027.json,full,reorder-plays,early,0,True,sequence-mismatch|state-continuity-mismatch
session-027.json,full,reorder-plays,middle,9,True,sequence-mismatch|state-continuity-mismatch
session-027.json,full,reorder-plays,late,16,True,sequence-mismatch
session-027.json,full,alter-rules,round,0,True,replay-event-mismatch|replay-state-mismatch
session-028.json,redacted,alter-command,early,0,True,replay-event-mismatch|replay-state-mismatch
session-028.json,redacted,alter-command,middle,9,True,replay-event-mismatch|replay-state-mismatch
session-028.json,redacted,alter-command,late,16,True,schema-invalid
session-028.json,redacted,alter-request,early,0,True,request-provenance-mismatch
session-028.json,redacted,alter-request,middle,9,True,request-provenance-mismatch
session-028.json,redacted,alter-request,late,16,True,request-provenance-mismatch
session-028.json,redacted,alter-supplied-state,early,0,True,request-game-state-mismatch
session-028.json,redacted,alter-supplied-state,middle,9,True,request-game-state-mismatch
session-028.json,redacted,alter-supplied-state,late,16,True,request-game-state-mismatch
session-028.json,redacted,alter-pre-state,early,0,True,replay-event-mismatch|replay-state-mismatch|request-game-state-mismatch|state-continuity-mismatch
session-028.json,redacted,alter-pre-state,middle,9,True,replay-state-mismatch|request-game-state-mismatch|state-continuity-mismatch
session-028.json,redacted,alter-pre-state,late,16,True,replay-state-mismatch|request-game-state-mismatch|state-continuity-mismatch
session-028.json,redacted,alter-post-state,early,0,True,replay-state-mismatch|state-continuity-mismatch
session-028.json,redacted,alter-post-state,middle,9,True,replay-state-mismatch|state-continuity-mismatch
session-028.json,redacted,alter-post-state,late,16,True,replay-state-mismatch|state-continuity-mismatch
session-028.json,redacted,alter-events,early,0,True,replay-event-mismatch
session-028.json,redacted,alter-events,middle,9,True,replay-event-mismatch
session-028.json,redacted,alter-events,late,16,True,replay-event-mismatch
session-028.json,redacted,delete-play,early,0,True,sequence-mismatch|state-continuity-mismatch
session-028.json,redacted,delete-play,middle,9,True,sequence-mismatch|state-continuity-mismatch
session-028.json,redacted,delete-play,late,16,True,sequence-mismatch
session-028.json,redacted,reorder-plays,early,0,True,sequence-mismatch|state-continuity-mismatch
session-028.json,redacted,reorder-plays,middle,9,True,sequence-mismatch|state-continuity-mismatch
session-028.json,redacted,reorder-plays,late,16,True,round-final-state-mismatch|sequence-mismatch|state-continuity-mismatch
session-028.json,redacted,alter-rules,round,0,True,replay-event-mismatch|replay-state-mismatch
session-029.json,hashed,alter-command,early,0,True,replay-event-mismatch|replay-state-mismatch
session-029.json,hashed,alter-command,middle,9,True,replay-event-mismatch|replay-state-mismatch
session-029.json,hashed,alter-command,late,16,True,replay-event-mismatch|replay-state-mismatch
session-029.json,hashed,alter-supplied-state,early,0,True,request-game-state-mismatch
session-029.json,hashed,alter-supplied-state,middle,9,True,request-game-state-mismatch
session-029.json,hashed,alter-supplied-state,late,16,True,request-game-state-mismatch
session-029.json,hashed,alter-pre-state,early,0,True,replay-state-mismatch|request-game-state-mismatch|state-continuity-mismatch
session-029.json,hashed,alter-pre-state,middle,9,True,replay-state-mismatch|request-game-state-mismatch|state-continuity-mismatch
session-029.json,hashed,alter-pre-state,late,16,True,replay-event-mismatch|replay-state-mismatch|request-game-state-mismatch|state-continuity-mismatch
session-029.json,hashed,alter-post-state,early,0,True,replay-state-mismatch|state-continuity-mismatch
session-029.json,hashed,alter-post-state,middle,9,True,replay-state-mismatch|state-continuity-mismatch
session-029.json,hashed,alter-post-state,late,16,True,replay-state-mismatch|state-continuity-mismatch
session-029.json,hashed,alter-events,early,0,True,replay-event-mismatch
session-029.json,hashed,alter-events,middle,9,True,replay-event-mismatch
session-029.json,hashed,alter-events,late,16,True,replay-event-mismatch
session-029.json,hashed,delete-play,early,0,True,sequence-mismatch|state-continuity-mismatch
session-029.json,hashed,delete-play,middle,9,True,sequence-mismatch|state-continuity-mismatch
session-029.json,hashed,delete-play,late,16,True,sequence-mismatch|state-continuity-mismatch
session-029.json,hashed,reorder-plays,early,0,True,sequence-mismatch|state-continuity-mismatch
session-029.json,hashed,reorder-plays,middle,9,True,sequence-mismatch|state-continuity-mismatch
session-029.json,hashed,reorder-plays,late,16,True,round-final-state-mismatch|sequence-mismatch|state-continuity-mismatch
session-029.json,hashed,alter-rules,round,0,True,replay-event-mismatch|replay-state-mismatch
session-030.json,full,alter-command,early,0,True,grounding-mismatch|replay-event-mismatch|replay-state-mismatch
session-030.json,full,alter-command,middle,9,True,grounding-mismatch|replay-event-mismatch|replay-state-mismatch
session-030.json,full,alter-command,late,16,True,grounding-mismatch|replay-event-mismatch|replay-state-mismatch
session-030.json,full,alter-response,early,0,True,exact-request-reconstruction-mismatch|grounding-mismatch
session-030.json,full,alter-response,middle,9,True,exact-request-reconstruction-mismatch|grounding-mismatch
session-030.json,full,alter-response,late,16,True,grounding-mismatch
session-030.json,full,alter-request,early,0,True,request-provenance-mismatch
session-030.json,full,alter-request,middle,9,True,request-provenance-mismatch
session-030.json,full,alter-request,late,16,True,request-provenance-mismatch
session-030.json,full,alter-human-prompt,early,0,True,exact-request-reconstruction-mismatch
session-030.json,full,alter-human-prompt,middle,9,True,exact-request-reconstruction-mismatch
session-030.json,full,alter-human-prompt,late,16,True,exact-request-reconstruction-mismatch
session-030.json,full,alter-supplied-state,early,0,True,request-game-state-mismatch
session-030.json,full,alter-supplied-state,middle,9,True,request-game-state-mismatch
session-030.json,full,alter-supplied-state,late,16,True,request-game-state-mismatch
session-030.json,full,alter-pre-state,early,0,True,replay-state-mismatch|request-game-state-mismatch|state-continuity-mismatch
session-030.json,full,alter-pre-state,middle,9,True,replay-state-mismatch|request-game-state-mismatch|state-continuity-mismatch
session-030.json,full,alter-pre-state,late,16,True,replay-event-mismatch|replay-state-mismatch|request-game-state-mismatch|state-continuity-mismatch
session-030.json,full,alter-post-state,early,0,True,replay-state-mismatch|state-continuity-mismatch
session-030.json,full,alter-post-state,middle,9,True,replay-state-mismatch|state-continuity-mismatch
session-030.json,full,alter-post-state,late,16,True,replay-state-mismatch|state-continuity-mismatch
session-030.json,full,alter-events,early,0,True,replay-event-mismatch
session-030.json,full,alter-events,middle,9,True,replay-event-mismatch
session-030.json,full,alter-events,late,16,True,replay-event-mismatch
session-030.json,full,delete-play,early,0,True,exact-request-reconstruction-mismatch|sequence-mismatch|state-continuity-mismatch
session-030.json,full,delete-play,middle,9,True,exact-request-reconstruction-mismatch|sequence-mismatch|state-continuity-mismatch
session-030.json,full,delete-play,late,16,True,sequence-mismatch|state-continuity-mismatch
session-030.json,full,reorder-plays,early,0,True,sequence-mismatch|state-continuity-mismatch
session-030.json,full,reorder-plays,middle,9,True,sequence-mismatch|state-continuity-mismatch
session-030.json,full,reorder-plays,late,16,True,round-final-state-mismatch|sequence-mismatch|state-continuity-mismatch
session-030.json,full,alter-rules,round,0,True,replay-event-mismatch|replay-state-mismatch
session-031.json,redacted,alter-command,early,0,True,replay-event-mismatch|replay-state-mismatch
session-031.json,redacted,alter-command,middle,9,True,replay-event-mismatch|replay-state-mismatch
session-031.json,redacted,alter-command,late,16,True,replay-event-mismatch|replay-state-mismatch
session-031.json,redacted,alter-request,early,0,True,request-provenance-mismatch
session-031.json,redacted,alter-request,middle,9,True,request-provenance-mismatch
session-031.json,redacted,alter-request,late,16,True,request-provenance-mismatch
session-031.json,redacted,alter-supplied-state,early,0,True,request-game-state-mismatch
session-031.json,redacted,alter-supplied-state,middle,9,True,request-game-state-mismatch
session-031.json,redacted,alter-supplied-state,late,16,True,request-game-state-mismatch
session-031.json,redacted,alter-pre-state,early,0,True,replay-state-mismatch|request-game-state-mismatch|state-continuity-mismatch
session-031.json,redacted,alter-pre-state,middle,9,True,replay-state-mismatch|request-game-state-mismatch|state-continuity-mismatch
session-031.json,redacted,alter-pre-state,late,16,True,replay-state-mismatch|request-game-state-mismatch|state-continuity-mismatch
session-031.json,redacted,alter-post-state,early,0,True,replay-state-mismatch|state-continuity-mismatch
session-031.json,redacted,alter-post-state,middle,9,True,replay-state-mismatch|state-continuity-mismatch
session-031.json,redacted,alter-post-state,late,16,True,replay-state-mismatch|state-continuity-mismatch
session-031.json,redacted,alter-events,early,0,True,replay-event-mismatch
session-031.json,redacted,alter-events,middle,9,True,replay-event-mismatch
session-031.json,redacted,alter-events,late,16,True,replay-event-mismatch
session-031.json,redacted,delete-play,early,0,True,sequence-mismatch|state-continuity-mismatch
session-031.json,redacted,delete-play,middle,9,True,sequence-mismatch|state-continuity-mismatch
session-031.json,redacted,delete-play,late,16,True,sequence-mismatch|state-continuity-mismatch
session-031.json,redacted,reorder-plays,early,0,True,sequence-mismatch|state-continuity-mismatch
session-031.json,redacted,reorder-plays,middle,9,True,sequence-mismatch|state-continuity-mismatch
session-031.json,redacted,reorder-plays,late,16,True,round-final-state-mismatch|sequence-mismatch|state-continuity-mismatch
session-031.json,redacted,alter-rules,round,0,True,replay-event-mismatch|replay-state-mismatch
session-032.json,hashed,alter-command,early,0,True,replay-event-mismatch|replay-state-mismatch
session-032.json,hashed,alter-command,middle,9,True,replay-event-mismatch|replay-state-mismatch
session-032.json,hashed,alter-command,late,16,True,replay-event-mismatch|replay-state-mismatch
session-032.json,hashed,alter-supplied-state,early,0,True,request-game-state-mismatch
session-032.json,hashed,alter-supplied-state,middle,9,True,request-game-state-mismatch
session-032.json,hashed,alter-supplied-state,late,16,True,request-game-state-mismatch
session-032.json,hashed,alter-pre-state,early,0,True,replay-state-mismatch|request-game-state-mismatch|state-continuity-mismatch
session-032.json,hashed,alter-pre-state,middle,9,True,replay-state-mismatch|request-game-state-mismatch|state-continuity-mismatch
session-032.json,hashed,alter-pre-state,late,16,True,replay-state-mismatch|request-game-state-mismatch|state-continuity-mismatch
session-032.json,hashed,alter-post-state,early,0,True,replay-state-mismatch|state-continuity-mismatch
session-032.json,hashed,alter-post-state,middle,9,True,replay-state-mismatch|state-continuity-mismatch
session-032.json,hashed,alter-post-state,late,16,True,replay-state-mismatch|state-continuity-mismatch
session-032.json,hashed,alter-events,early,0,True,replay-event-mismatch
session-032.json,hashed,alter-events,middle,9,True,replay-event-mismatch
session-032.json,hashed,alter-events,late,16,True,replay-event-mismatch
session-032.json,hashed,delete-play,early,0,True,sequence-mismatch|state-continuity-mismatch
session-032.json,hashed,delete-play,middle,9,True,sequence-mismatch|state-continuity-mismatch
session-032.json,hashed,delete-play,late,16,True,sequence-mismatch|state-continuity-mismatch
session-032.json,hashed,reorder-plays,early,0,True,sequence-mismatch|state-continuity-mismatch
session-032.json,hashed,reorder-plays,middle,9,True,sequence-mismatch|state-continuity-mismatch
session-032.json,hashed,reorder-plays,late,16,True,round-final-state-mismatch|sequence-mismatch|state-continuity-mismatch
session-032.json,hashed,alter-rules,round,0,True,replay-event-mismatch|replay-state-mismatch
session-033.json,full,alter-command,early,0,True,grounding-mismatch|replay-event-mismatch|replay-state-mismatch
session-033.json,full,alter-command,middle,9,True,grounding-mismatch|replay-event-mismatch|replay-state-mismatch
session-033.json,full,alter-command,late,16,True,grounding-mismatch|replay-event-mismatch|replay-state-mismatch
session-033.json,full,alter-response,early,0,True,exact-request-reconstruction-mismatch|grounding-mismatch
session-033.json,full,alter-response,middle,9,True,exact-request-reconstruction-mismatch|grounding-mismatch
session-033.json,full,alter-response,late,16,True,exact-request-reconstruction-mismatch|grounding-mismatch
session-033.json,full,alter-request,early,0,True,request-provenance-mismatch
session-033.json,full,alter-request,middle,9,True,request-provenance-mismatch
session-033.json,full,alter-request,late,16,True,request-provenance-mismatch
session-033.json,full,alter-human-prompt,early,0,True,exact-request-reconstruction-mismatch
session-033.json,full,alter-human-prompt,middle,9,True,exact-request-reconstruction-mismatch
session-033.json,full,alter-human-prompt,late,16,True,exact-request-reconstruction-mismatch
session-033.json,full,alter-supplied-state,early,0,True,exact-request-reconstruction-mismatch|request-game-state-mismatch
session-033.json,full,alter-supplied-state,middle,9,True,exact-request-reconstruction-mismatch|request-game-state-mismatch
session-033.json,full,alter-supplied-state,late,16,True,exact-request-reconstruction-mismatch|request-game-state-mismatch
session-033.json,full,alter-pre-state,early,0,True,replay-state-mismatch|request-game-state-mismatch|state-continuity-mismatch
session-033.json,full,alter-pre-state,middle,9,True,replay-state-mismatch|request-game-state-mismatch|state-continuity-mismatch
session-033.json,full,alter-pre-state,late,16,True,replay-state-mismatch|request-game-state-mismatch|state-continuity-mismatch
session-033.json,full,alter-post-state,early,0,True,replay-state-mismatch|state-continuity-mismatch
session-033.json,full,alter-post-state,middle,9,True,replay-state-mismatch|state-continuity-mismatch
session-033.json,full,alter-post-state,late,16,True,replay-state-mismatch|state-continuity-mismatch
session-033.json,full,alter-events,early,0,True,replay-event-mismatch
session-033.json,full,alter-events,middle,9,True,replay-event-mismatch
session-033.json,full,alter-events,late,16,True,replay-event-mismatch
session-033.json,full,delete-play,early,0,True,exact-request-reconstruction-mismatch|sequence-mismatch
session-033.json,full,delete-play,middle,9,True,exact-request-reconstruction-mismatch|sequence-mismatch|state-continuity-mismatch
session-033.json,full,delete-play,late,16,True,exact-request-reconstruction-mismatch|sequence-mismatch|state-continuity-mismatch
session-033.json,full,reorder-plays,early,0,True,exact-request-reconstruction-mismatch|sequence-mismatch|state-continuity-mismatch
session-033.json,full,reorder-plays,middle,9,True,exact-request-reconstruction-mismatch|sequence-mismatch|state-continuity-mismatch
session-033.json,full,reorder-plays,late,16,True,exact-request-reconstruction-mismatch|round-final-state-mismatch|sequence-mismatch|state-continuity-mismatch
session-033.json,full,alter-rules,round,0,True,replay-event-mismatch|replay-state-mismatch
session-034.json,redacted,alter-command,early,0,True,replay-event-mismatch|replay-state-mismatch
session-034.json,redacted,alter-command,middle,9,True,replay-event-mismatch|replay-state-mismatch
session-034.json,redacted,alter-command,late,16,True,replay-event-mismatch|replay-state-mismatch
session-034.json,redacted,alter-request,early,0,True,request-provenance-mismatch
session-034.json,redacted,alter-request,middle,9,True,request-provenance-mismatch
session-034.json,redacted,alter-request,late,16,True,request-provenance-mismatch
session-034.json,redacted,alter-supplied-state,early,0,True,request-game-state-mismatch
session-034.json,redacted,alter-supplied-state,middle,9,True,request-game-state-mismatch
session-034.json,redacted,alter-supplied-state,late,16,True,request-game-state-mismatch
session-034.json,redacted,alter-pre-state,early,0,True,replay-event-mismatch|replay-state-mismatch|request-game-state-mismatch|state-continuity-mismatch
session-034.json,redacted,alter-pre-state,middle,9,True,replay-state-mismatch|request-game-state-mismatch|state-continuity-mismatch
session-034.json,redacted,alter-pre-state,late,16,True,replay-state-mismatch|request-game-state-mismatch|state-continuity-mismatch
session-034.json,redacted,alter-post-state,early,0,True,replay-state-mismatch|state-continuity-mismatch
session-034.json,redacted,alter-post-state,middle,9,True,replay-state-mismatch|state-continuity-mismatch
session-034.json,redacted,alter-post-state,late,16,True,replay-state-mismatch|state-continuity-mismatch
session-034.json,redacted,alter-events,early,0,True,replay-event-mismatch
session-034.json,redacted,alter-events,middle,9,True,replay-event-mismatch
session-034.json,redacted,alter-events,late,16,True,replay-event-mismatch
session-034.json,redacted,delete-play,early,0,True,sequence-mismatch|state-continuity-mismatch
session-034.json,redacted,delete-play,middle,9,True,sequence-mismatch
session-034.json,redacted,delete-play,late,16,True,sequence-mismatch|state-continuity-mismatch
session-034.json,redacted,reorder-plays,early,0,True,sequence-mismatch|state-continuity-mismatch
session-034.json,redacted,reorder-plays,middle,9,True,sequence-mismatch
session-034.json,redacted,reorder-plays,late,16,True,sequence-mismatch|state-continuity-mismatch
session-034.json,redacted,alter-rules,round,0,True,replay-event-mismatch|replay-state-mismatch
session-035.json,hashed,alter-command,early,0,True,schema-invalid
session-035.json,hashed,alter-command,middle,9,True,schema-invalid
session-035.json,hashed,alter-command,late,16,True,replay-event-mismatch|replay-state-mismatch
session-035.json,hashed,alter-supplied-state,early,0,True,request-game-state-mismatch
session-035.json,hashed,alter-supplied-state,middle,9,True,request-game-state-mismatch
session-035.json,hashed,alter-supplied-state,late,16,True,request-game-state-mismatch
session-035.json,hashed,alter-pre-state,early,0,True,replay-state-mismatch|request-game-state-mismatch|state-continuity-mismatch
session-035.json,hashed,alter-pre-state,middle,9,True,replay-state-mismatch|request-game-state-mismatch|state-continuity-mismatch
session-035.json,hashed,alter-pre-state,late,16,True,replay-state-mismatch|request-game-state-mismatch|state-continuity-mismatch
session-035.json,hashed,alter-post-state,early,0,True,replay-state-mismatch|state-continuity-mismatch
session-035.json,hashed,alter-post-state,middle,9,True,replay-state-mismatch|state-continuity-mismatch
session-035.json,hashed,alter-post-state,late,16,True,replay-state-mismatch|state-continuity-mismatch
session-035.json,hashed,alter-events,early,0,True,replay-event-mismatch
session-035.json,hashed,alter-events,middle,9,True,replay-event-mismatch
session-035.json,hashed,alter-events,late,16,True,replay-event-mismatch
session-035.json,hashed,delete-play,early,0,True,sequence-mismatch
session-035.json,hashed,delete-play,middle,9,True,sequence-mismatch
session-035.json,hashed,delete-play,late,16,True,sequence-mismatch
session-035.json,hashed,reorder-plays,early,0,True,sequence-mismatch|state-continuity-mismatch
session-035.json,hashed,reorder-plays,middle,9,True,sequence-mismatch|state-continuity-mismatch
session-035.json,hashed,reorder-plays,late,16,True,sequence-mismatch
session-035.json,hashed,alter-rules,round,0,True,replay-event-mismatch|replay-state-mismatch
session-036.json,full,alter-command,early,0,True,grounding-mismatch|replay-event-mismatch|replay-state-mismatch
session-036.json,full,alter-command,middle,9,True,grounding-mismatch|replay-event-mismatch|replay-state-mismatch
session-036.json,full,alter-command,late,16,True,grounding-mismatch|replay-event-mismatch|replay-state-mismatch
session-036.json,full,alter-response,early,0,True,exact-request-reconstruction-mismatch|grounding-mismatch
session-036.json,full,alter-response,middle,9,True,exact-request-reconstruction-mismatch|grounding-mismatch
session-036.json,full,alter-response,late,16,True,exact-request-reconstruction-mismatch|grounding-mismatch
session-036.json,full,alter-request,early,0,True,request-provenance-mismatch
session-036.json,full,alter-request,middle,9,True,request-provenance-mismatch
session-036.json,full,alter-request,late,16,True,request-provenance-mismatch
session-036.json,full,alter-human-prompt,early,0,True,exact-request-reconstruction-mismatch
session-036.json,full,alter-human-prompt,middle,9,True,exact-request-reconstruction-mismatch
session-036.json,full,alter-human-prompt,late,16,True,exact-request-reconstruction-mismatch
session-036.json,full,alter-supplied-state,early,0,True,request-game-state-mismatch
session-036.json,full,alter-supplied-state,middle,9,True,request-game-state-mismatch
session-036.json,full,alter-supplied-state,late,16,True,request-game-state-mismatch
session-036.json,full,alter-pre-state,early,0,True,replay-event-mismatch|replay-state-mismatch|request-game-state-mismatch|state-continuity-mismatch
session-036.json,full,alter-pre-state,middle,9,True,replay-state-mismatch|request-game-state-mismatch|state-continuity-mismatch
session-036.json,full,alter-pre-state,late,16,True,replay-state-mismatch|request-game-state-mismatch|state-continuity-mismatch
session-036.json,full,alter-post-state,early,0,True,replay-state-mismatch|state-continuity-mismatch
session-036.json,full,alter-post-state,middle,9,True,replay-state-mismatch|state-continuity-mismatch
session-036.json,full,alter-post-state,late,16,True,replay-state-mismatch|state-continuity-mismatch
session-036.json,full,alter-events,early,0,True,replay-event-mismatch
session-036.json,full,alter-events,middle,9,True,replay-event-mismatch
session-036.json,full,alter-events,late,16,True,replay-event-mismatch
session-036.json,full,delete-play,early,0,True,exact-request-reconstruction-mismatch|sequence-mismatch|state-continuity-mismatch
session-036.json,full,delete-play,middle,9,True,exact-request-reconstruction-mismatch|sequence-mismatch|state-continuity-mismatch
session-036.json,full,delete-play,late,16,True,exact-request-reconstruction-mismatch|sequence-mismatch
session-036.json,full,reorder-plays,early,0,True,exact-request-reconstruction-mismatch|sequence-mismatch|state-continuity-mismatch
session-036.json,full,reorder-plays,middle,9,True,exact-request-reconstruction-mismatch|sequence-mismatch|state-continuity-mismatch
session-036.json,full,reorder-plays,late,16,True,exact-request-reconstruction-mismatch|sequence-mismatch
session-036.json,full,alter-rules,round,0,True,replay-event-mismatch|replay-state-mismatch
session-037.json,redacted,alter-command,early,0,True,replay-event-mismatch|replay-state-mismatch
session-037.json,redacted,alter-command,middle,9,True,replay-event-mismatch|replay-state-mismatch
session-037.json,redacted,alter-command,late,16,True,schema-invalid
session-037.json,redacted,alter-request,early,0,True,request-provenance-mismatch
session-037.json,redacted,alter-request,middle,9,True,request-provenance-mismatch
session-037.json,redacted,alter-request,late,16,True,request-provenance-mismatch
session-037.json,redacted,alter-supplied-state,early,0,True,request-game-state-mismatch
session-037.json,redacted,alter-supplied-state,middle,9,True,request-game-state-mismatch
session-037.json,redacted,alter-supplied-state,late,16,True,request-game-state-mismatch
session-037.json,redacted,alter-pre-state,early,0,True,replay-event-mismatch|replay-state-mismatch|request-game-state-mismatch|state-continuity-mismatch
session-037.json,redacted,alter-pre-state,middle,9,True,replay-state-mismatch|request-game-state-mismatch|state-continuity-mismatch
session-037.json,redacted,alter-pre-state,late,16,True,replay-state-mismatch|request-game-state-mismatch|state-continuity-mismatch
session-037.json,redacted,alter-post-state,early,0,True,replay-state-mismatch|state-continuity-mismatch
session-037.json,redacted,alter-post-state,middle,9,True,replay-state-mismatch|state-continuity-mismatch
session-037.json,redacted,alter-post-state,late,16,True,replay-state-mismatch|state-continuity-mismatch
session-037.json,redacted,alter-events,early,0,True,replay-event-mismatch
session-037.json,redacted,alter-events,middle,9,True,replay-event-mismatch
session-037.json,redacted,alter-events,late,16,True,replay-event-mismatch
session-037.json,redacted,delete-play,early,0,True,sequence-mismatch|state-continuity-mismatch
session-037.json,redacted,delete-play,middle,9,True,sequence-mismatch|state-continuity-mismatch
session-037.json,redacted,delete-play,late,16,True,sequence-mismatch
session-037.json,redacted,reorder-plays,early,0,True,sequence-mismatch|state-continuity-mismatch
session-037.json,redacted,reorder-plays,middle,9,True,sequence-mismatch|state-continuity-mismatch
session-037.json,redacted,reorder-plays,late,16,True,round-final-state-mismatch|sequence-mismatch|state-continuity-mismatch
session-037.json,redacted,alter-rules,round,0,True,replay-event-mismatch|replay-state-mismatch
session-038.json,hashed,alter-command,early,0,True,replay-event-mismatch|replay-state-mismatch
session-038.json,hashed,alter-command,middle,9,True,replay-event-mismatch|replay-state-mismatch
session-038.json,hashed,alter-command,late,16,True,replay-event-mismatch|replay-state-mismatch
session-038.json,hashed,alter-supplied-state,early,0,True,request-game-state-mismatch
session-038.json,hashed,alter-supplied-state,middle,9,True,request-game-state-mismatch
session-038.json,hashed,alter-supplied-state,late,16,True,request-game-state-mismatch
session-038.json,hashed,alter-pre-state,early,0,True,replay-state-mismatch|request-game-state-mismatch|state-continuity-mismatch
session-038.json,hashed,alter-pre-state,middle,9,True,replay-state-mismatch|request-game-state-mismatch|state-continuity-mismatch
session-038.json,hashed,alter-pre-state,late,16,True,replay-event-mismatch|replay-state-mismatch|request-game-state-mismatch|state-continuity-mismatch
session-038.json,hashed,alter-post-state,early,0,True,replay-state-mismatch|state-continuity-mismatch
session-038.json,hashed,alter-post-state,middle,9,True,replay-state-mismatch|state-continuity-mismatch
session-038.json,hashed,alter-post-state,late,16,True,replay-state-mismatch|state-continuity-mismatch
session-038.json,hashed,alter-events,early,0,True,replay-event-mismatch
session-038.json,hashed,alter-events,middle,9,True,replay-event-mismatch
session-038.json,hashed,alter-events,late,16,True,replay-event-mismatch
session-038.json,hashed,delete-play,early,0,True,sequence-mismatch|state-continuity-mismatch
session-038.json,hashed,delete-play,middle,9,True,sequence-mismatch|state-continuity-mismatch
session-038.json,hashed,delete-play,late,16,True,sequence-mismatch|state-continuity-mismatch
session-038.json,hashed,reorder-plays,early,0,True,sequence-mismatch|state-continuity-mismatch
session-038.json,hashed,reorder-plays,middle,9,True,sequence-mismatch|state-continuity-mismatch
session-038.json,hashed,reorder-plays,late,16,True,round-final-state-mismatch|sequence-mismatch|state-continuity-mismatch
session-038.json,hashed,alter-rules,round,0,True,replay-event-mismatch|replay-state-mismatch
session-039.json,full,alter-command,early,0,True,grounding-mismatch|replay-event-mismatch|replay-state-mismatch
session-039.json,full,alter-command,middle,9,True,grounding-mismatch|replay-event-mismatch|replay-state-mismatch
session-039.json,full,alter-command,late,16,True,grounding-mismatch|replay-event-mismatch|replay-state-mismatch
session-039.json,full,alter-response,early,0,True,exact-request-reconstruction-mismatch|grounding-mismatch
session-039.json,full,alter-response,middle,9,True,exact-request-reconstruction-mismatch|grounding-mismatch
session-039.json,full,alter-response,late,16,True,grounding-mismatch
session-039.json,full,alter-request,early,0,True,request-provenance-mismatch
session-039.json,full,alter-request,middle,9,True,request-provenance-mismatch
session-039.json,full,alter-request,late,16,True,request-provenance-mismatch
session-039.json,full,alter-human-prompt,early,0,True,exact-request-reconstruction-mismatch
session-039.json,full,alter-human-prompt,middle,9,True,exact-request-reconstruction-mismatch
session-039.json,full,alter-human-prompt,late,16,True,exact-request-reconstruction-mismatch
session-039.json,full,alter-supplied-state,early,0,True,exact-request-reconstruction-mismatch|request-game-state-mismatch
session-039.json,full,alter-supplied-state,middle,9,True,exact-request-reconstruction-mismatch|request-game-state-mismatch
session-039.json,full,alter-supplied-state,late,16,True,exact-request-reconstruction-mismatch|request-game-state-mismatch
session-039.json,full,alter-pre-state,early,0,True,replay-state-mismatch|request-game-state-mismatch|state-continuity-mismatch
session-039.json,full,alter-pre-state,middle,9,True,replay-state-mismatch|request-game-state-mismatch|state-continuity-mismatch
session-039.json,full,alter-pre-state,late,16,True,replay-event-mismatch|replay-state-mismatch|request-game-state-mismatch|state-continuity-mismatch
session-039.json,full,alter-post-state,early,0,True,replay-state-mismatch|state-continuity-mismatch
session-039.json,full,alter-post-state,middle,9,True,replay-state-mismatch|state-continuity-mismatch
session-039.json,full,alter-post-state,late,16,True,replay-state-mismatch|state-continuity-mismatch
session-039.json,full,alter-events,early,0,True,replay-event-mismatch
session-039.json,full,alter-events,middle,9,True,replay-event-mismatch
session-039.json,full,alter-events,late,16,True,replay-event-mismatch
session-039.json,full,delete-play,early,0,True,exact-request-reconstruction-mismatch|sequence-mismatch|state-continuity-mismatch
session-039.json,full,delete-play,middle,9,True,exact-request-reconstruction-mismatch|sequence-mismatch|state-continuity-mismatch
session-039.json,full,delete-play,late,16,True,sequence-mismatch|state-continuity-mismatch
session-039.json,full,reorder-plays,early,0,True,sequence-mismatch|state-continuity-mismatch
session-039.json,full,reorder-plays,middle,9,True,sequence-mismatch|state-continuity-mismatch
session-039.json,full,reorder-plays,late,16,True,round-final-state-mismatch|sequence-mismatch|state-continuity-mismatch
session-039.json,full,alter-rules,round,0,True,replay-event-mismatch|replay-state-mismatch
session-040.json,redacted,alter-command,early,0,True,replay-event-mismatch|replay-state-mismatch
session-040.json,redacted,alter-command,middle,9,True,replay-event-mismatch|replay-state-mismatch
session-040.json,redacted,alter-command,late,16,True,replay-event-mismatch|replay-state-mismatch
session-040.json,redacted,alter-request,early,0,True,request-provenance-mismatch
session-040.json,redacted,alter-request,middle,9,True,request-provenance-mismatch
session-040.json,redacted,alter-request,late,16,True,request-provenance-mismatch
session-040.json,redacted,alter-supplied-state,early,0,True,request-game-state-mismatch
session-040.json,redacted,alter-supplied-state,middle,9,True,request-game-state-mismatch
session-040.json,redacted,alter-supplied-state,late,16,True,request-game-state-mismatch
session-040.json,redacted,alter-pre-state,early,0,True,replay-state-mismatch|request-game-state-mismatch|state-continuity-mismatch
session-040.json,redacted,alter-pre-state,middle,9,True,replay-state-mismatch|request-game-state-mismatch|state-continuity-mismatch
session-040.json,redacted,alter-pre-state,late,16,True,replay-state-mismatch|request-game-state-mismatch|state-continuity-mismatch
session-040.json,redacted,alter-post-state,early,0,True,replay-state-mismatch|state-continuity-mismatch
session-040.json,redacted,alter-post-state,middle,9,True,replay-state-mismatch|state-continuity-mismatch
session-040.json,redacted,alter-post-state,late,16,True,replay-state-mismatch|state-continuity-mismatch
session-040.json,redacted,alter-events,early,0,True,replay-event-mismatch
session-040.json,redacted,alter-events,middle,9,True,replay-event-mismatch
session-040.json,redacted,alter-events,late,16,True,replay-event-mismatch
session-040.json,redacted,delete-play,early,0,True,sequence-mismatch|state-continuity-mismatch
session-040.json,redacted,delete-play,middle,9,True,sequence-mismatch|state-continuity-mismatch
session-040.json,redacted,delete-play,late,16,True,sequence-mismatch|state-continuity-mismatch
session-040.json,redacted,reorder-plays,early,0,True,sequence-mismatch|state-continuity-mismatch
session-040.json,redacted,reorder-plays,middle,9,True,sequence-mismatch|state-continuity-mismatch
session-040.json,redacted,reorder-plays,late,16,True,round-final-state-mismatch|sequence-mismatch|state-continuity-mismatch
session-040.json,redacted,alter-rules,round,0,True,replay-event-mismatch|replay-state-mismatch
session-041.json,hashed,alter-command,early,0,True,replay-event-mismatch|replay-state-mismatch
session-041.json,hashed,alter-command,middle,9,True,replay-event-mismatch|replay-state-mismatch
session-041.json,hashed,alter-command,late,16,True,replay-event-mismatch|replay-state-mismatch
session-041.json,hashed,alter-supplied-state,early,0,True,request-game-state-mismatch
session-041.json,hashed,alter-supplied-state,middle,9,True,request-game-state-mismatch
session-041.json,hashed,alter-supplied-state,late,16,True,request-game-state-mismatch
session-041.json,hashed,alter-pre-state,early,0,True,replay-state-mismatch|request-game-state-mismatch|state-continuity-mismatch
session-041.json,hashed,alter-pre-state,middle,9,True,replay-state-mismatch|request-game-state-mismatch|state-continuity-mismatch
session-041.json,hashed,alter-pre-state,late,16,True,replay-state-mismatch|request-game-state-mismatch|state-continuity-mismatch
session-041.json,hashed,alter-post-state,early,0,True,replay-state-mismatch|state-continuity-mismatch
session-041.json,hashed,alter-post-state,middle,9,True,replay-state-mismatch|state-continuity-mismatch
session-041.json,hashed,alter-post-state,late,16,True,replay-state-mismatch|state-continuity-mismatch
session-041.json,hashed,alter-events,early,0,True,replay-event-mismatch
session-041.json,hashed,alter-events,middle,9,True,replay-event-mismatch
session-041.json,hashed,alter-events,late,16,True,replay-event-mismatch
session-041.json,hashed,delete-play,early,0,True,sequence-mismatch|state-continuity-mismatch
session-041.json,hashed,delete-play,middle,9,True,sequence-mismatch|state-continuity-mismatch
session-041.json,hashed,delete-play,late,16,True,sequence-mismatch|state-continuity-mismatch
session-041.json,hashed,reorder-plays,early,0,True,sequence-mismatch|state-continuity-mismatch
session-041.json,hashed,reorder-plays,middle,9,True,sequence-mismatch|state-continuity-mismatch
session-041.json,hashed,reorder-plays,late,16,True,round-final-state-mismatch|sequence-mismatch|state-continuity-mismatch
session-041.json,hashed,alter-rules,round,0,True,replay-event-mismatch|replay-state-mismatch
session-042.json,full,alter-command,early,0,True,grounding-mismatch|replay-event-mismatch|replay-state-mismatch
session-042.json,full,alter-command,middle,9,True,grounding-mismatch|replay-event-mismatch|replay-state-mismatch
session-042.json,full,alter-command,late,16,True,grounding-mismatch|replay-event-mismatch|replay-state-mismatch
session-042.json,full,alter-response,early,0,True,exact-request-reconstruction-mismatch|grounding-mismatch
session-042.json,full,alter-response,middle,9,True,exact-request-reconstruction-mismatch|grounding-mismatch
session-042.json,full,alter-response,late,16,True,grounding-mismatch
session-042.json,full,alter-request,early,0,True,request-provenance-mismatch
session-042.json,full,alter-request,middle,9,True,request-provenance-mismatch
session-042.json,full,alter-request,late,16,True,request-provenance-mismatch
session-042.json,full,alter-human-prompt,early,0,True,exact-request-reconstruction-mismatch
session-042.json,full,alter-human-prompt,middle,9,True,exact-request-reconstruction-mismatch
session-042.json,full,alter-human-prompt,late,16,True,exact-request-reconstruction-mismatch
session-042.json,full,alter-supplied-state,early,0,True,request-game-state-mismatch
session-042.json,full,alter-supplied-state,middle,9,True,request-game-state-mismatch
session-042.json,full,alter-supplied-state,late,16,True,request-game-state-mismatch
session-042.json,full,alter-pre-state,early,0,True,replay-state-mismatch|request-game-state-mismatch|state-continuity-mismatch
session-042.json,full,alter-pre-state,middle,9,True,replay-state-mismatch|request-game-state-mismatch|state-continuity-mismatch
session-042.json,full,alter-pre-state,late,16,True,replay-state-mismatch|request-game-state-mismatch|state-continuity-mismatch
session-042.json,full,alter-post-state,early,0,True,replay-state-mismatch|state-continuity-mismatch
session-042.json,full,alter-post-state,middle,9,True,replay-state-mismatch|state-continuity-mismatch
session-042.json,full,alter-post-state,late,16,True,replay-state-mismatch|state-continuity-mismatch
session-042.json,full,alter-events,early,0,True,replay-event-mismatch
session-042.json,full,alter-events,middle,9,True,replay-event-mismatch
session-042.json,full,alter-events,late,16,True,replay-event-mismatch
session-042.json,full,delete-play,early,0,True,exact-request-reconstruction-mismatch|sequence-mismatch
session-042.json,full,delete-play,middle,9,True,exact-request-reconstruction-mismatch|sequence-mismatch|state-continuity-mismatch
session-042.json,full,delete-play,late,16,True,sequence-mismatch|state-continuity-mismatch
session-042.json,full,reorder-plays,early,0,True,sequence-mismatch|state-continuity-mismatch
session-042.json,full,reorder-plays,middle,9,True,sequence-mismatch|state-continuity-mismatch
session-042.json,full,reorder-plays,late,16,True,round-final-state-mismatch|sequence-mismatch|state-continuity-mismatch
session-042.json,full,alter-rules,round,0,True,replay-event-mismatch|replay-state-mismatch
session-043.json,redacted,alter-command,early,0,True,replay-event-mismatch|replay-state-mismatch
session-043.json,redacted,alter-command,middle,9,True,replay-event-mismatch|replay-state-mismatch
session-043.json,redacted,alter-command,late,16,True,replay-event-mismatch|replay-state-mismatch
session-043.json,redacted,alter-request,early,0,True,request-provenance-mismatch
session-043.json,redacted,alter-request,middle,9,True,request-provenance-mismatch
session-043.json,redacted,alter-request,late,16,True,request-provenance-mismatch
session-043.json,redacted,alter-supplied-state,early,0,True,request-game-state-mismatch
session-043.json,redacted,alter-supplied-state,middle,9,True,request-game-state-mismatch
session-043.json,redacted,alter-supplied-state,late,16,True,request-game-state-mismatch
session-043.json,redacted,alter-pre-state,early,0,True,replay-event-mismatch|replay-state-mismatch|request-game-state-mismatch|state-continuity-mismatch
session-043.json,redacted,alter-pre-state,middle,9,True,replay-state-mismatch|request-game-state-mismatch|state-continuity-mismatch
session-043.json,redacted,alter-pre-state,late,16,True,replay-state-mismatch|request-game-state-mismatch|state-continuity-mismatch
session-043.json,redacted,alter-post-state,early,0,True,replay-state-mismatch|state-continuity-mismatch
session-043.json,redacted,alter-post-state,middle,9,True,replay-state-mismatch|state-continuity-mismatch
session-043.json,redacted,alter-post-state,late,16,True,replay-state-mismatch|state-continuity-mismatch
session-043.json,redacted,alter-events,early,0,True,replay-event-mismatch
session-043.json,redacted,alter-events,middle,9,True,replay-event-mismatch
session-043.json,redacted,alter-events,late,16,True,replay-event-mismatch
session-043.json,redacted,delete-play,early,0,True,sequence-mismatch|state-continuity-mismatch
session-043.json,redacted,delete-play,middle,9,True,sequence-mismatch
session-043.json,redacted,delete-play,late,16,True,sequence-mismatch|state-continuity-mismatch
session-043.json,redacted,reorder-plays,early,0,True,sequence-mismatch|state-continuity-mismatch
session-043.json,redacted,reorder-plays,middle,9,True,sequence-mismatch
session-043.json,redacted,reorder-plays,late,16,True,sequence-mismatch|state-continuity-mismatch
session-043.json,redacted,alter-rules,round,0,True,replay-event-mismatch|replay-state-mismatch
session-044.json,hashed,alter-command,early,0,True,schema-invalid
session-044.json,hashed,alter-command,middle,9,True,schema-invalid
session-044.json,hashed,alter-command,late,16,True,replay-event-mismatch|replay-state-mismatch
session-044.json,hashed,alter-supplied-state,early,0,True,request-game-state-mismatch
session-044.json,hashed,alter-supplied-state,middle,9,True,request-game-state-mismatch
session-044.json,hashed,alter-supplied-state,late,16,True,request-game-state-mismatch
session-044.json,hashed,alter-pre-state,early,0,True,replay-state-mismatch|request-game-state-mismatch|state-continuity-mismatch
session-044.json,hashed,alter-pre-state,middle,9,True,replay-state-mismatch|request-game-state-mismatch|state-continuity-mismatch
session-044.json,hashed,alter-pre-state,late,16,True,replay-state-mismatch|request-game-state-mismatch|state-continuity-mismatch
session-044.json,hashed,alter-post-state,early,0,True,replay-state-mismatch|state-continuity-mismatch
session-044.json,hashed,alter-post-state,middle,9,True,replay-state-mismatch|state-continuity-mismatch
session-044.json,hashed,alter-post-state,late,16,True,replay-state-mismatch|state-continuity-mismatch
session-044.json,hashed,alter-events,early,0,True,replay-event-mismatch
session-044.json,hashed,alter-events,middle,9,True,replay-event-mismatch
session-044.json,hashed,alter-events,late,16,True,replay-event-mismatch
session-044.json,hashed,delete-play,early,0,True,sequence-mismatch
session-044.json,hashed,delete-play,middle,9,True,sequence-mismatch
session-044.json,hashed,delete-play,late,16,True,sequence-mismatch
session-044.json,hashed,reorder-plays,early,0,True,sequence-mismatch|state-continuity-mismatch
session-044.json,hashed,reorder-plays,middle,9,True,sequence-mismatch|state-continuity-mismatch
session-044.json,hashed,reorder-plays,late,16,True,sequence-mismatch
session-044.json,hashed,alter-rules,round,0,True,replay-event-mismatch|replay-state-mismatch
session-045.json,full,alter-command,early,0,True,grounding-mismatch|replay-event-mismatch|replay-state-mismatch
session-045.json,full,alter-command,middle,9,True,grounding-mismatch|replay-event-mismatch|replay-state-mismatch
session-045.json,full,alter-command,late,16,True,grounding-mismatch|replay-event-mismatch|replay-state-mismatch
session-045.json,full,alter-response,early,0,True,exact-request-reconstruction-mismatch|grounding-mismatch
session-045.json,full,alter-response,middle,9,True,exact-request-reconstruction-mismatch|grounding-mismatch
session-045.json,full,alter-response,late,16,True,exact-request-reconstruction-mismatch|grounding-mismatch
session-045.json,full,alter-request,early,0,True,request-provenance-mismatch
session-045.json,full,alter-request,middle,9,True,request-provenance-mismatch
session-045.json,full,alter-request,late,16,True,request-provenance-mismatch
session-045.json,full,alter-human-prompt,early,0,True,exact-request-reconstruction-mismatch
session-045.json,full,alter-human-prompt,middle,9,True,exact-request-reconstruction-mismatch
session-045.json,full,alter-human-prompt,late,16,True,exact-request-reconstruction-mismatch
session-045.json,full,alter-supplied-state,early,0,True,exact-request-reconstruction-mismatch|request-game-state-mismatch
session-045.json,full,alter-supplied-state,middle,9,True,exact-request-reconstruction-mismatch|request-game-state-mismatch
session-045.json,full,alter-supplied-state,late,16,True,exact-request-reconstruction-mismatch|request-game-state-mismatch
session-045.json,full,alter-pre-state,early,0,True,replay-event-mismatch|replay-state-mismatch|request-game-state-mismatch|state-continuity-mismatch
session-045.json,full,alter-pre-state,middle,9,True,replay-state-mismatch|request-game-state-mismatch|state-continuity-mismatch
session-045.json,full,alter-pre-state,late,16,True,replay-state-mismatch|request-game-state-mismatch|state-continuity-mismatch
session-045.json,full,alter-post-state,early,0,True,replay-state-mismatch|state-continuity-mismatch
session-045.json,full,alter-post-state,middle,9,True,replay-state-mismatch|state-continuity-mismatch
session-045.json,full,alter-post-state,late,16,True,replay-state-mismatch|state-continuity-mismatch
session-045.json,full,alter-events,early,0,True,replay-event-mismatch
session-045.json,full,alter-events,middle,9,True,replay-event-mismatch
session-045.json,full,alter-events,late,16,True,replay-event-mismatch
session-045.json,full,delete-play,early,0,True,exact-request-reconstruction-mismatch|sequence-mismatch|state-continuity-mismatch
session-045.json,full,delete-play,middle,9,True,exact-request-reconstruction-mismatch|sequence-mismatch|state-continuity-mismatch
session-045.json,full,delete-play,late,16,True,exact-request-reconstruction-mismatch|sequence-mismatch
session-045.json,full,reorder-plays,early,0,True,exact-request-reconstruction-mismatch|sequence-mismatch|state-continuity-mismatch
session-045.json,full,reorder-plays,middle,9,True,exact-request-reconstruction-mismatch|sequence-mismatch|state-continuity-mismatch
session-045.json,full,reorder-plays,late,16,True,exact-request-reconstruction-mismatch|sequence-mismatch
session-045.json,full,alter-rules,round,0,True,replay-event-mismatch|replay-state-mismatch
session-046.json,redacted,alter-command,early,0,True,replay-event-mismatch|replay-state-mismatch
session-046.json,redacted,alter-command,middle,9,True,replay-event-mismatch|replay-state-mismatch
session-046.json,redacted,alter-command,late,16,True,schema-invalid
session-046.json,redacted,alter-request,early,0,True,request-provenance-mismatch
session-046.json,redacted,alter-request,middle,9,True,request-provenance-mismatch
session-046.json,redacted,alter-request,late,16,True,request-provenance-mismatch
session-046.json,redacted,alter-supplied-state,early,0,True,request-game-state-mismatch
session-046.json,redacted,alter-supplied-state,middle,9,True,request-game-state-mismatch
session-046.json,redacted,alter-supplied-state,late,16,True,request-game-state-mismatch
session-046.json,redacted,alter-pre-state,early,0,True,replay-event-mismatch|replay-state-mismatch|request-game-state-mismatch|state-continuity-mismatch
session-046.json,redacted,alter-pre-state,middle,9,True,replay-state-mismatch|request-game-state-mismatch|state-continuity-mismatch
session-046.json,redacted,alter-pre-state,late,16,True,replay-state-mismatch|request-game-state-mismatch|state-continuity-mismatch
session-046.json,redacted,alter-post-state,early,0,True,replay-state-mismatch|state-continuity-mismatch
session-046.json,redacted,alter-post-state,middle,9,True,replay-state-mismatch|state-continuity-mismatch
session-046.json,redacted,alter-post-state,late,16,True,replay-state-mismatch|state-continuity-mismatch
session-046.json,redacted,alter-events,early,0,True,replay-event-mismatch
session-046.json,redacted,alter-events,middle,9,True,replay-event-mismatch
session-046.json,redacted,alter-events,late,16,True,replay-event-mismatch
session-046.json,redacted,delete-play,early,0,True,sequence-mismatch|state-continuity-mismatch
session-046.json,redacted,delete-play,middle,9,True,sequence-mismatch|state-continuity-mismatch
session-046.json,redacted,delete-play,late,16,True,sequence-mismatch
session-046.json,redacted,reorder-plays,early,0,True,sequence-mismatch|state-continuity-mismatch
session-046.json,redacted,reorder-plays,middle,9,True,sequence-mismatch|state-continuity-mismatch
session-046.json,redacted,reorder-plays,late,16,True,round-final-state-mismatch|sequence-mismatch|state-continuity-mismatch
session-046.json,redacted,alter-rules,round,0,True,replay-event-mismatch|replay-state-mismatch
session-047.json,hashed,alter-command,early,0,True,replay-event-mismatch|replay-state-mismatch
session-047.json,hashed,alter-command,middle,9,True,replay-event-mismatch|replay-state-mismatch
session-047.json,hashed,alter-command,late,16,True,replay-event-mismatch|replay-state-mismatch
session-047.json,hashed,alter-supplied-state,early,0,True,request-game-state-mismatch
session-047.json,hashed,alter-supplied-state,middle,9,True,request-game-state-mismatch
session-047.json,hashed,alter-supplied-state,late,16,True,request-game-state-mismatch
session-047.json,hashed,alter-pre-state,early,0,True,replay-state-mismatch|request-game-state-mismatch|state-continuity-mismatch
session-047.json,hashed,alter-pre-state,middle,9,True,replay-state-mismatch|request-game-state-mismatch|state-continuity-mismatch
session-047.json,hashed,alter-pre-state,late,16,True,replay-event-mismatch|replay-state-mismatch|request-game-state-mismatch|state-continuity-mismatch
session-047.json,hashed,alter-post-state,early,0,True,replay-state-mismatch|state-continuity-mismatch
session-047.json,hashed,alter-post-state,middle,9,True,replay-state-mismatch|state-continuity-mismatch
session-047.json,hashed,alter-post-state,late,16,True,replay-state-mismatch|state-continuity-mismatch
session-047.json,hashed,alter-events,early,0,True,replay-event-mismatch
session-047.json,hashed,alter-events,middle,9,True,replay-event-mismatch
session-047.json,hashed,alter-events,late,16,True,replay-event-mismatch
session-047.json,hashed,delete-play,early,0,True,sequence-mismatch|state-continuity-mismatch
session-047.json,hashed,delete-play,middle,9,True,sequence-mismatch|state-continuity-mismatch
session-047.json,hashed,delete-play,late,16,True,sequence-mismatch|state-continuity-mismatch
session-047.json,hashed,reorder-plays,early,0,True,sequence-mismatch|state-continuity-mismatch
session-047.json,hashed,reorder-plays,middle,9,True,sequence-mismatch|state-continuity-mismatch
session-047.json,hashed,reorder-plays,late,16,True,round-final-state-mismatch|sequence-mismatch|state-continuity-mismatch
session-047.json,hashed,alter-rules,round,0,True,replay-event-mismatch|replay-state-mismatch
session-048.json,full,alter-command,early,0,True,grounding-mismatch|replay-event-mismatch|replay-state-mismatch
session-048.json,full,alter-command,middle,9,True,grounding-mismatch|replay-event-mismatch|replay-state-mismatch
session-048.json,full,alter-command,late,16,True,grounding-mismatch|replay-event-mismatch|replay-state-mismatch
session-048.json,full,alter-response,early,0,True,exact-request-reconstruction-mismatch|grounding-mismatch
session-048.json,full,alter-response,middle,9,True,exact-request-reconstruction-mismatch|grounding-mismatch
session-048.json,full,alter-response,late,16,True,exact-request-reconstruction-mismatch|grounding-mismatch
session-048.json,full,alter-request,early,0,True,request-provenance-mismatch
session-048.json,full,alter-request,middle,9,True,request-provenance-mismatch
session-048.json,full,alter-request,late,16,True,request-provenance-mismatch
session-048.json,full,alter-human-prompt,early,0,True,exact-request-reconstruction-mismatch
session-048.json,full,alter-human-prompt,middle,9,True,exact-request-reconstruction-mismatch
session-048.json,full,alter-human-prompt,late,16,True,exact-request-reconstruction-mismatch
session-048.json,full,alter-supplied-state,early,0,True,request-game-state-mismatch
session-048.json,full,alter-supplied-state,middle,9,True,request-game-state-mismatch
session-048.json,full,alter-supplied-state,late,16,True,request-game-state-mismatch
session-048.json,full,alter-pre-state,early,0,True,replay-state-mismatch|request-game-state-mismatch|state-continuity-mismatch
session-048.json,full,alter-pre-state,middle,9,True,replay-state-mismatch|request-game-state-mismatch|state-continuity-mismatch
session-048.json,full,alter-pre-state,late,16,True,replay-event-mismatch|replay-state-mismatch|request-game-state-mismatch|state-continuity-mismatch
session-048.json,full,alter-post-state,early,0,True,replay-state-mismatch|state-continuity-mismatch
session-048.json,full,alter-post-state,middle,9,True,replay-state-mismatch|state-continuity-mismatch
session-048.json,full,alter-post-state,late,16,True,replay-state-mismatch|state-continuity-mismatch
session-048.json,full,alter-events,early,0,True,replay-event-mismatch
session-048.json,full,alter-events,middle,9,True,replay-event-mismatch
session-048.json,full,alter-events,late,16,True,replay-event-mismatch
session-048.json,full,delete-play,early,0,True,exact-request-reconstruction-mismatch|sequence-mismatch|state-continuity-mismatch
session-048.json,full,delete-play,middle,9,True,exact-request-reconstruction-mismatch|sequence-mismatch|state-continuity-mismatch
session-048.json,full,delete-play,late,16,True,exact-request-reconstruction-mismatch|sequence-mismatch|state-continuity-mismatch
session-048.json,full,reorder-plays,early,0,True,exact-request-reconstruction-mismatch|sequence-mismatch|state-continuity-mismatch
session-048.json,full,reorder-plays,middle,9,True,exact-request-reconstruction-mismatch|sequence-mismatch|state-continuity-mismatch
session-048.json,full,reorder-plays,late,16,True,exact-request-reconstruction-mismatch|round-final-state-mismatch|sequence-mismatch|state-continuity-mismatch
session-048.json,full,alter-rules,round,0,True,replay-event-mismatch|replay-state-mismatch
session-049.json,redacted,alter-command,early,0,True,replay-event-mismatch|replay-state-mismatch
session-049.json,redacted,alter-command,middle,9,True,replay-event-mismatch|replay-state-mismatch
session-049.json,redacted,alter-command,late,16,True,replay-event-mismatch|replay-state-mismatch
session-049.json,redacted,alter-request,early,0,True,request-provenance-mismatch
session-049.json,redacted,alter-request,middle,9,True,request-provenance-mismatch
session-049.json,redacted,alter-request,late,16,True,request-provenance-mismatch
session-049.json,redacted,alter-supplied-state,early,0,True,request-game-state-mismatch
session-049.json,redacted,alter-supplied-state,middle,9,True,request-game-state-mismatch
session-049.json,redacted,alter-supplied-state,late,16,True,request-game-state-mismatch
session-049.json,redacted,alter-pre-state,early,0,True,replay-state-mismatch|request-game-state-mismatch|state-continuity-mismatch
session-049.json,redacted,alter-pre-state,middle,9,True,replay-state-mismatch|request-game-state-mismatch|state-continuity-mismatch
session-049.json,redacted,alter-pre-state,late,16,True,replay-state-mismatch|request-game-state-mismatch|state-continuity-mismatch
session-049.json,redacted,alter-post-state,early,0,True,replay-state-mismatch|state-continuity-mismatch
session-049.json,redacted,alter-post-state,middle,9,True,replay-state-mismatch|state-continuity-mismatch
session-049.json,redacted,alter-post-state,late,16,True,replay-state-mismatch|state-continuity-mismatch
session-049.json,redacted,alter-events,early,0,True,replay-event-mismatch
session-049.json,redacted,alter-events,middle,9,True,replay-event-mismatch
session-049.json,redacted,alter-events,late,16,True,replay-event-mismatch
session-049.json,redacted,delete-play,early,0,True,sequence-mismatch|state-continuity-mismatch
session-049.json,redacted,delete-play,middle,9,True,sequence-mismatch|state-continuity-mismatch
session-049.json,redacted,delete-play,late,16,True,sequence-mismatch|state-continuity-mismatch
session-049.json,redacted,reorder-plays,early,0,True,sequence-mismatch|state-continuity-mismatch
session-049.json,redacted,reorder-plays,middle,9,True,sequence-mismatch|state-continuity-mismatch
session-049.json,redacted,reorder-plays,late,16,True,round-final-state-mismatch|sequence-mismatch|state-continuity-mismatch
session-049.json,redacted,alter-rules,round,0,True,replay-event-mismatch|replay-state-mismatch
session-050.json,hashed,alter-command,early,0,True,replay-event-mismatch|replay-state-mismatch
session-050.json,hashed,alter-command,middle,9,True,replay-event-mismatch|replay-state-mismatch
session-050.json,hashed,alter-command,late,16,True,replay-event-mismatch|replay-state-mismatch
session-050.json,hashed,alter-supplied-state,early,0,True,request-game-state-mismatch
session-050.json,hashed,alter-supplied-state,middle,9,True,request-game-state-mismatch
session-050.json,hashed,alter-supplied-state,late,16,True,request-game-state-mismatch
session-050.json,hashed,alter-pre-state,early,0,True,replay-state-mismatch|request-game-state-mismatch|state-continuity-mismatch
session-050.json,hashed,alter-pre-state,middle,9,True,replay-state-mismatch|request-game-state-mismatch|state-continuity-mismatch
session-050.json,hashed,alter-pre-state,late,16,True,replay-state-mismatch|request-game-state-mismatch|state-continuity-mismatch
session-050.json,hashed,alter-post-state,early,0,True,replay-state-mismatch|state-continuity-mismatch
session-050.json,hashed,alter-post-state,middle,9,True,replay-state-mismatch|state-continuity-mismatch
session-050.json,hashed,alter-post-state,late,16,True,replay-state-mismatch|state-continuity-mismatch
session-050.json,hashed,alter-events,early,0,True,replay-event-mismatch
session-050.json,hashed,alter-events,middle,9,True,replay-event-mismatch
session-050.json,hashed,alter-events,late,16,True,replay-event-mismatch
session-050.json,hashed,delete-play,early,0,True,sequence-mismatch|state-continuity-mismatch
session-050.json,hashed,delete-play,middle,9,True,sequence-mismatch|state-continuity-mismatch
session-050.json,hashed,delete-play,late,16,True,sequence-mismatch|state-continuity-mismatch
session-050.json,hashed,reorder-plays,early,0,True,sequence-mismatch|state-continuity-mismatch
session-050.json,hashed,reorder-plays,middle,9,True,sequence-mismatch|state-continuity-mismatch
session-050.json,hashed,reorder-plays,late,16,True,round-final-state-mismatch|sequence-mismatch|state-continuity-mismatch
session-050.json,hashed,alter-rules,round,0,True,replay-event-mismatch|replay-state-mismatch
session-051.json,full,alter-command,early,0,True,grounding-mismatch|replay-event-mismatch|replay-state-mismatch
session-051.json,full,alter-command,middle,9,True,grounding-mismatch|replay-event-mismatch|replay-state-mismatch
session-051.json,full,alter-command,late,16,True,grounding-mismatch|replay-event-mismatch|replay-state-mismatch
session-051.json,full,alter-response,early,0,True,exact-request-reconstruction-mismatch|grounding-mismatch
session-051.json,full,alter-response,middle,9,True,exact-request-reconstruction-mismatch|grounding-mismatch
session-051.json,full,alter-response,late,16,True,grounding-mismatch
session-051.json,full,alter-request,early,0,True,request-provenance-mismatch
session-051.json,full,alter-request,middle,9,True,request-provenance-mismatch
session-051.json,full,alter-request,late,16,True,request-provenance-mismatch
session-051.json,full,alter-human-prompt,early,0,True,exact-request-reconstruction-mismatch
session-051.json,full,alter-human-prompt,middle,9,True,exact-request-reconstruction-mismatch
session-051.json,full,alter-human-prompt,late,16,True,exact-request-reconstruction-mismatch
session-051.json,full,alter-supplied-state,early,0,True,exact-request-reconstruction-mismatch|request-game-state-mismatch
session-051.json,full,alter-supplied-state,middle,9,True,exact-request-reconstruction-mismatch|request-game-state-mismatch
session-051.json,full,alter-supplied-state,late,16,True,exact-request-reconstruction-mismatch|request-game-state-mismatch
session-051.json,full,alter-pre-state,early,0,True,replay-state-mismatch|request-game-state-mismatch|state-continuity-mismatch
session-051.json,full,alter-pre-state,middle,9,True,replay-state-mismatch|request-game-state-mismatch|state-continuity-mismatch
session-051.json,full,alter-pre-state,late,16,True,replay-state-mismatch|request-game-state-mismatch|state-continuity-mismatch
session-051.json,full,alter-post-state,early,0,True,replay-state-mismatch|state-continuity-mismatch
session-051.json,full,alter-post-state,middle,9,True,replay-state-mismatch|state-continuity-mismatch
session-051.json,full,alter-post-state,late,16,True,replay-state-mismatch|state-continuity-mismatch
session-051.json,full,alter-events,early,0,True,replay-event-mismatch
session-051.json,full,alter-events,middle,9,True,replay-event-mismatch
session-051.json,full,alter-events,late,16,True,replay-event-mismatch
session-051.json,full,delete-play,early,0,True,exact-request-reconstruction-mismatch|sequence-mismatch
session-051.json,full,delete-play,middle,9,True,exact-request-reconstruction-mismatch|sequence-mismatch|state-continuity-mismatch
session-051.json,full,delete-play,late,16,True,sequence-mismatch|state-continuity-mismatch
session-051.json,full,reorder-plays,early,0,True,sequence-mismatch|state-continuity-mismatch
session-051.json,full,reorder-plays,middle,9,True,sequence-mismatch|state-continuity-mismatch
session-051.json,full,reorder-plays,late,16,True,round-final-state-mismatch|sequence-mismatch|state-continuity-mismatch
session-051.json,full,alter-rules,round,0,True,replay-event-mismatch|replay-state-mismatch
session-052.json,redacted,alter-command,early,0,True,replay-event-mismatch|replay-state-mismatch
session-052.json,redacted,alter-command,middle,9,True,replay-event-mismatch|replay-state-mismatch
session-052.json,redacted,alter-command,late,16,True,replay-event-mismatch|replay-state-mismatch
session-052.json,redacted,alter-request,early,0,True,request-provenance-mismatch
session-052.json,redacted,alter-request,middle,9,True,request-provenance-mismatch
session-052.json,redacted,alter-request,late,16,True,request-provenance-mismatch
session-052.json,redacted,alter-supplied-state,early,0,True,request-game-state-mismatch
session-052.json,redacted,alter-supplied-state,middle,9,True,request-game-state-mismatch
session-052.json,redacted,alter-supplied-state,late,16,True,request-game-state-mismatch
session-052.json,redacted,alter-pre-state,early,0,True,replay-event-mismatch|replay-state-mismatch|request-game-state-mismatch|state-continuity-mismatch
session-052.json,redacted,alter-pre-state,middle,9,True,replay-state-mismatch|request-game-state-mismatch|state-continuity-mismatch
session-052.json,redacted,alter-pre-state,late,16,True,replay-state-mismatch|request-game-state-mismatch|state-continuity-mismatch
session-052.json,redacted,alter-post-state,early,0,True,replay-state-mismatch|state-continuity-mismatch
session-052.json,redacted,alter-post-state,middle,9,True,replay-state-mismatch|state-continuity-mismatch
session-052.json,redacted,alter-post-state,late,16,True,replay-state-mismatch|state-continuity-mismatch
session-052.json,redacted,alter-events,early,0,True,replay-event-mismatch
session-052.json,redacted,alter-events,middle,9,True,replay-event-mismatch
session-052.json,redacted,alter-events,late,16,True,replay-event-mismatch
session-052.json,redacted,delete-play,early,0,True,sequence-mismatch|state-continuity-mismatch
session-052.json,redacted,delete-play,middle,9,True,sequence-mismatch
session-052.json,redacted,delete-play,late,16,True,sequence-mismatch|state-continuity-mismatch
session-052.json,redacted,reorder-plays,early,0,True,sequence-mismatch|state-continuity-mismatch
session-052.json,redacted,reorder-plays,middle,9,True,sequence-mismatch
session-052.json,redacted,reorder-plays,late,16,True,sequence-mismatch|state-continuity-mismatch
session-052.json,redacted,alter-rules,round,0,True,replay-event-mismatch|replay-state-mismatch
session-053.json,hashed,alter-command,early,0,True,schema-invalid
session-053.json,hashed,alter-command,middle,9,True,schema-invalid
session-053.json,hashed,alter-command,late,16,True,replay-event-mismatch|replay-state-mismatch
session-053.json,hashed,alter-supplied-state,early,0,True,request-game-state-mismatch
session-053.json,hashed,alter-supplied-state,middle,9,True,request-game-state-mismatch
session-053.json,hashed,alter-supplied-state,late,16,True,request-game-state-mismatch
session-053.json,hashed,alter-pre-state,early,0,True,replay-state-mismatch|request-game-state-mismatch|state-continuity-mismatch
session-053.json,hashed,alter-pre-state,middle,9,True,replay-state-mismatch|request-game-state-mismatch|state-continuity-mismatch
session-053.json,hashed,alter-pre-state,late,16,True,replay-state-mismatch|request-game-state-mismatch|state-continuity-mismatch
session-053.json,hashed,alter-post-state,early,0,True,replay-state-mismatch|state-continuity-mismatch
session-053.json,hashed,alter-post-state,middle,9,True,replay-state-mismatch|state-continuity-mismatch
session-053.json,hashed,alter-post-state,late,16,True,replay-state-mismatch|state-continuity-mismatch
session-053.json,hashed,alter-events,early,0,True,replay-event-mismatch
session-053.json,hashed,alter-events,middle,9,True,replay-event-mismatch
session-053.json,hashed,alter-events,late,16,True,replay-event-mismatch
session-053.json,hashed,delete-play,early,0,True,sequence-mismatch
session-053.json,hashed,delete-play,middle,9,True,sequence-mismatch
session-053.json,hashed,delete-play,late,16,True,sequence-mismatch
session-053.json,hashed,reorder-plays,early,0,True,sequence-mismatch|state-continuity-mismatch
session-053.json,hashed,reorder-plays,middle,9,True,sequence-mismatch|state-continuity-mismatch
session-053.json,hashed,reorder-plays,late,16,True,sequence-mismatch
session-053.json,hashed,alter-rules,round,0,True,replay-event-mismatch|replay-state-mismatch
session-054.json,full,alter-command,early,0,True,grounding-mismatch|replay-event-mismatch|replay-state-mismatch
session-054.json,full,alter-command,middle,9,True,grounding-mismatch|replay-event-mismatch|replay-state-mismatch
session-054.json,full,alter-command,late,16,True,grounding-mismatch|replay-event-mismatch|replay-state-mismatch
session-054.json,full,alter-response,early,0,True,exact-request-reconstruction-mismatch|grounding-mismatch
session-054.json,full,alter-response,middle,9,True,exact-request-reconstruction-mismatch|grounding-mismatch
session-054.json,full,alter-response,late,16,True,grounding-mismatch
session-054.json,full,alter-request,early,0,True,request-provenance-mismatch
session-054.json,full,alter-request,middle,9,True,request-provenance-mismatch
session-054.json,full,alter-request,late,16,True,request-provenance-mismatch
session-054.json,full,alter-human-prompt,early,0,True,exact-request-reconstruction-mismatch
session-054.json,full,alter-human-prompt,middle,9,True,exact-request-reconstruction-mismatch
session-054.json,full,alter-human-prompt,late,16,True,exact-request-reconstruction-mismatch
session-054.json,full,alter-supplied-state,early,0,True,request-game-state-mismatch
session-054.json,full,alter-supplied-state,middle,9,True,request-game-state-mismatch
session-054.json,full,alter-supplied-state,late,16,True,request-game-state-mismatch
session-054.json,full,alter-pre-state,early,0,True,replay-event-mismatch|replay-state-mismatch|request-game-state-mismatch|state-continuity-mismatch
session-054.json,full,alter-pre-state,middle,9,True,replay-state-mismatch|request-game-state-mismatch|state-continuity-mismatch
session-054.json,full,alter-pre-state,late,16,True,replay-state-mismatch|request-game-state-mismatch|state-continuity-mismatch
session-054.json,full,alter-post-state,early,0,True,replay-state-mismatch|state-continuity-mismatch
session-054.json,full,alter-post-state,middle,9,True,replay-state-mismatch|state-continuity-mismatch
session-054.json,full,alter-post-state,late,16,True,replay-state-mismatch|state-continuity-mismatch
session-054.json,full,alter-events,early,0,True,replay-event-mismatch
session-054.json,full,alter-events,middle,9,True,replay-event-mismatch
session-054.json,full,alter-events,late,16,True,replay-event-mismatch
session-054.json,full,delete-play,early,0,True,exact-request-reconstruction-mismatch|sequence-mismatch|state-continuity-mismatch
session-054.json,full,delete-play,middle,9,True,exact-request-reconstruction-mismatch|sequence-mismatch|state-continuity-mismatch
session-054.json,full,delete-play,late,16,True,sequence-mismatch
session-054.json,full,reorder-plays,early,0,True,sequence-mismatch|state-continuity-mismatch
session-054.json,full,reorder-plays,middle,9,True,sequence-mismatch|state-continuity-mismatch
session-054.json,full,reorder-plays,late,16,True,sequence-mismatch
session-054.json,full,alter-rules,round,0,True,replay-event-mismatch|replay-state-mismatch
session-055.json,redacted,alter-command,early,0,True,replay-event-mismatch|replay-state-mismatch
session-055.json,redacted,alter-command,middle,9,True,replay-event-mismatch|replay-state-mismatch
session-055.json,redacted,alter-command,late,16,True,schema-invalid
session-055.json,redacted,alter-request,early,0,True,request-provenance-mismatch
session-055.json,redacted,alter-request,middle,9,True,request-provenance-mismatch
session-055.json,redacted,alter-request,late,16,True,request-provenance-mismatch
session-055.json,redacted,alter-supplied-state,early,0,True,request-game-state-mismatch
session-055.json,redacted,alter-supplied-state,middle,9,True,request-game-state-mismatch
session-055.json,redacted,alter-supplied-state,late,16,True,request-game-state-mismatch
session-055.json,redacted,alter-pre-state,early,0,True,replay-event-mismatch|replay-state-mismatch|request-game-state-mismatch|state-continuity-mismatch
session-055.json,redacted,alter-pre-state,middle,9,True,replay-state-mismatch|request-game-state-mismatch|state-continuity-mismatch
session-055.json,redacted,alter-pre-state,late,16,True,replay-state-mismatch|request-game-state-mismatch|state-continuity-mismatch
session-055.json,redacted,alter-post-state,early,0,True,replay-state-mismatch|state-continuity-mismatch
session-055.json,redacted,alter-post-state,middle,9,True,replay-state-mismatch|state-continuity-mismatch
session-055.json,redacted,alter-post-state,late,16,True,replay-state-mismatch|state-continuity-mismatch
session-055.json,redacted,alter-events,early,0,True,replay-event-mismatch
session-055.json,redacted,alter-events,middle,9,True,replay-event-mismatch
session-055.json,redacted,alter-events,late,16,True,replay-event-mismatch
session-055.json,redacted,delete-play,early,0,True,sequence-mismatch|state-continuity-mismatch
session-055.json,redacted,delete-play,middle,9,True,sequence-mismatch|state-continuity-mismatch
session-055.json,redacted,delete-play,late,16,True,sequence-mismatch
session-055.json,redacted,reorder-plays,early,0,True,sequence-mismatch|state-continuity-mismatch
session-055.json,redacted,reorder-plays,middle,9,True,sequence-mismatch|state-continuity-mismatch
session-055.json,redacted,reorder-plays,late,16,True,round-final-state-mismatch|sequence-mismatch|state-continuity-mismatch
session-055.json,redacted,alter-rules,round,0,True,replay-event-mismatch|replay-state-mismatch
session-056.json,hashed,alter-command,early,0,True,replay-event-mismatch|replay-state-mismatch
session-056.json,hashed,alter-command,middle,9,True,replay-event-mismatch|replay-state-mismatch
session-056.json,hashed,alter-command,late,16,True,replay-event-mismatch|replay-state-mismatch
session-056.json,hashed,alter-supplied-state,early,0,True,request-game-state-mismatch
session-056.json,hashed,alter-supplied-state,middle,9,True,request-game-state-mismatch
session-056.json,hashed,alter-supplied-state,late,16,True,request-game-state-mismatch
session-056.json,hashed,alter-pre-state,early,0,True,replay-state-mismatch|request-game-state-mismatch|state-continuity-mismatch
session-056.json,hashed,alter-pre-state,middle,9,True,replay-state-mismatch|request-game-state-mismatch|state-continuity-mismatch
session-056.json,hashed,alter-pre-state,late,16,True,replay-event-mismatch|replay-state-mismatch|request-game-state-mismatch|state-continuity-mismatch
session-056.json,hashed,alter-post-state,early,0,True,replay-state-mismatch|state-continuity-mismatch
session-056.json,hashed,alter-post-state,middle,9,True,replay-state-mismatch|state-continuity-mismatch
session-056.json,hashed,alter-post-state,late,16,True,replay-state-mismatch|state-continuity-mismatch
session-056.json,hashed,alter-events,early,0,True,replay-event-mismatch
session-056.json,hashed,alter-events,middle,9,True,replay-event-mismatch
session-056.json,hashed,alter-events,late,16,True,replay-event-mismatch
session-056.json,hashed,delete-play,early,0,True,sequence-mismatch|state-continuity-mismatch
session-056.json,hashed,delete-play,middle,9,True,sequence-mismatch|state-continuity-mismatch
session-056.json,hashed,delete-play,late,16,True,sequence-mismatch|state-continuity-mismatch
session-056.json,hashed,reorder-plays,early,0,True,sequence-mismatch|state-continuity-mismatch
session-056.json,hashed,reorder-plays,middle,9,True,sequence-mismatch|state-continuity-mismatch
session-056.json,hashed,reorder-plays,late,16,True,round-final-state-mismatch|sequence-mismatch|state-continuity-mismatch
session-056.json,hashed,alter-rules,round,0,True,replay-event-mismatch|replay-state-mismatch
session-057.json,full,alter-command,early,0,True,grounding-mismatch|replay-event-mismatch|replay-state-mismatch
session-057.json,full,alter-command,middle,9,True,grounding-mismatch|replay-event-mismatch|replay-state-mismatch
session-057.json,full,alter-command,late,16,True,grounding-mismatch|replay-event-mismatch|replay-state-mismatch
session-057.json,full,alter-response,early,0,True,exact-request-reconstruction-mismatch|grounding-mismatch
session-057.json,full,alter-response,middle,9,True,exact-request-reconstruction-mismatch|grounding-mismatch
session-057.json,full,alter-response,late,16,True,exact-request-reconstruction-mismatch|grounding-mismatch
session-057.json,full,alter-request,early,0,True,request-provenance-mismatch
session-057.json,full,alter-request,middle,9,True,request-provenance-mismatch
session-057.json,full,alter-request,late,16,True,request-provenance-mismatch
session-057.json,full,alter-human-prompt,early,0,True,exact-request-reconstruction-mismatch
session-057.json,full,alter-human-prompt,middle,9,True,exact-request-reconstruction-mismatch
session-057.json,full,alter-human-prompt,late,16,True,exact-request-reconstruction-mismatch
session-057.json,full,alter-supplied-state,early,0,True,exact-request-reconstruction-mismatch|request-game-state-mismatch
session-057.json,full,alter-supplied-state,middle,9,True,exact-request-reconstruction-mismatch|request-game-state-mismatch
session-057.json,full,alter-supplied-state,late,16,True,exact-request-reconstruction-mismatch|request-game-state-mismatch
session-057.json,full,alter-pre-state,early,0,True,replay-state-mismatch|request-game-state-mismatch|state-continuity-mismatch
session-057.json,full,alter-pre-state,middle,9,True,replay-state-mismatch|request-game-state-mismatch|state-continuity-mismatch
session-057.json,full,alter-pre-state,late,16,True,replay-event-mismatch|replay-state-mismatch|request-game-state-mismatch|state-continuity-mismatch
session-057.json,full,alter-post-state,early,0,True,replay-state-mismatch|state-continuity-mismatch
session-057.json,full,alter-post-state,middle,9,True,replay-state-mismatch|state-continuity-mismatch
session-057.json,full,alter-post-state,late,16,True,replay-state-mismatch|state-continuity-mismatch
session-057.json,full,alter-events,early,0,True,replay-event-mismatch
session-057.json,full,alter-events,middle,9,True,replay-event-mismatch
session-057.json,full,alter-events,late,16,True,replay-event-mismatch
session-057.json,full,delete-play,early,0,True,exact-request-reconstruction-mismatch|sequence-mismatch|state-continuity-mismatch
session-057.json,full,delete-play,middle,9,True,exact-request-reconstruction-mismatch|sequence-mismatch|state-continuity-mismatch
session-057.json,full,delete-play,late,16,True,exact-request-reconstruction-mismatch|sequence-mismatch|state-continuity-mismatch
session-057.json,full,reorder-plays,early,0,True,exact-request-reconstruction-mismatch|sequence-mismatch|state-continuity-mismatch
session-057.json,full,reorder-plays,middle,9,True,exact-request-reconstruction-mismatch|sequence-mismatch|state-continuity-mismatch
session-057.json,full,reorder-plays,late,16,True,exact-request-reconstruction-mismatch|round-final-state-mismatch|sequence-mismatch|state-continuity-mismatch
session-057.json,full,alter-rules,round,0,True,replay-event-mismatch|replay-state-mismatch
session-058.json,redacted,alter-command,early,0,True,replay-event-mismatch|replay-state-mismatch
session-058.json,redacted,alter-command,middle,9,True,replay-event-mismatch|replay-state-mismatch
session-058.json,redacted,alter-command,late,16,True,replay-event-mismatch|replay-state-mismatch
session-058.json,redacted,alter-request,early,0,True,request-provenance-mismatch
session-058.json,redacted,alter-request,middle,9,True,request-provenance-mismatch
session-058.json,redacted,alter-request,late,16,True,request-provenance-mismatch
session-058.json,redacted,alter-supplied-state,early,0,True,request-game-state-mismatch
session-058.json,redacted,alter-supplied-state,middle,9,True,request-game-state-mismatch
session-058.json,redacted,alter-supplied-state,late,16,True,request-game-state-mismatch
session-058.json,redacted,alter-pre-state,early,0,True,replay-state-mismatch|request-game-state-mismatch|state-continuity-mismatch
session-058.json,redacted,alter-pre-state,middle,9,True,replay-state-mismatch|request-game-state-mismatch|state-continuity-mismatch
session-058.json,redacted,alter-pre-state,late,16,True,replay-state-mismatch|request-game-state-mismatch|state-continuity-mismatch
session-058.json,redacted,alter-post-state,early,0,True,replay-state-mismatch|state-continuity-mismatch
session-058.json,redacted,alter-post-state,middle,9,True,replay-state-mismatch|state-continuity-mismatch
session-058.json,redacted,alter-post-state,late,16,True,replay-state-mismatch|state-continuity-mismatch
session-058.json,redacted,alter-events,early,0,True,replay-event-mismatch
session-058.json,redacted,alter-events,middle,9,True,replay-event-mismatch
session-058.json,redacted,alter-events,late,16,True,replay-event-mismatch
session-058.json,redacted,delete-play,early,0,True,sequence-mismatch|state-continuity-mismatch
session-058.json,redacted,delete-play,middle,9,True,sequence-mismatch|state-continuity-mismatch
session-058.json,redacted,delete-play,late,16,True,sequence-mismatch|state-continuity-mismatch
session-058.json,redacted,reorder-plays,early,0,True,sequence-mismatch|state-continuity-mismatch
session-058.json,redacted,reorder-plays,middle,9,True,sequence-mismatch|state-continuity-mismatch
session-058.json,redacted,reorder-plays,late,16,True,round-final-state-mismatch|sequence-mismatch|state-continuity-mismatch
session-058.json,redacted,alter-rules,round,0,True,replay-event-mismatch|replay-state-mismatch
session-059.json,hashed,alter-command,early,0,True,replay-event-mismatch|replay-state-mismatch
session-059.json,hashed,alter-command,middle,9,True,replay-event-mismatch|replay-state-mismatch
session-059.json,hashed,alter-command,late,16,True,replay-event-mismatch|replay-state-mismatch
session-059.json,hashed,alter-supplied-state,early,0,True,request-game-state-mismatch
session-059.json,hashed,alter-supplied-state,middle,9,True,request-game-state-mismatch
session-059.json,hashed,alter-supplied-state,late,16,True,request-game-state-mismatch
session-059.json,hashed,alter-pre-state,early,0,True,replay-state-mismatch|request-game-state-mismatch|state-continuity-mismatch
session-059.json,hashed,alter-pre-state,middle,9,True,replay-state-mismatch|request-game-state-mismatch|state-continuity-mismatch
session-059.json,hashed,alter-pre-state,late,16,True,replay-state-mismatch|request-game-state-mismatch|state-continuity-mismatch
session-059.json,hashed,alter-post-state,early,0,True,replay-state-mismatch|state-continuity-mismatch
session-059.json,hashed,alter-post-state,middle,9,True,replay-state-mismatch|state-continuity-mismatch
session-059.json,hashed,alter-post-state,late,16,True,replay-state-mismatch|state-continuity-mismatch
session-059.json,hashed,alter-events,early,0,True,replay-event-mismatch
session-059.json,hashed,alter-events,middle,9,True,replay-event-mismatch
session-059.json,hashed,alter-events,late,16,True,replay-event-mismatch
session-059.json,hashed,delete-play,early,0,True,sequence-mismatch|state-continuity-mismatch
session-059.json,hashed,delete-play,middle,9,True,sequence-mismatch|state-continuity-mismatch
session-059.json,hashed,delete-play,late,16,True,sequence-mismatch|state-continuity-mismatch
session-059.json,hashed,reorder-plays,early,0,True,sequence-mismatch|state-continuity-mismatch
session-059.json,hashed,reorder-plays,middle,9,True,sequence-mismatch|state-continuity-mismatch
session-059.json,hashed,reorder-plays,late,16,True,round-final-state-mismatch|sequence-mismatch|state-continuity-mismatch
session-059.json,hashed,alter-rules,round,0,True,replay-event-mismatch|replay-state-mismatch
