model,repeat,case_id,policy_id,tier,language,language_label,order,interface,instruction,expected_command,a_command,b_command,first_position_command,second_position_command,full_response,scored_response,normalized_command,valid,command_correct,action_family_correct,executable_correct,selected_first_position,selected_second_position,final_extraction_error,latency_ms,provider_error
mistral-small3.2:24b-instruct-2506-q4_K_M,0,d1-shield-c,D1-P1,D1,es_standard,Tuteo Spanish,a_first,direct,"Cuando tienes el escudo levantado, bájalo. Cuando tienes el escudo bajo, dispara.",S0,S0,B,S0,B,S0,S0,S0,True,True,True,True,True,False,,13029.032,
mistral-small3.2:24b-instruct-2506-q4_K_M,0,d1-health-b,D1-P2,D1,es_standard,Tuteo Spanish,b_first,deliberative,"Cuando tienes 15 puntos de salud o más, avanza. Cuando tienes menos de 15 puntos de salud, levanta el escudo.",S1,S1,M,M,S1,"Scratchpad:
- Bot 1 health: 14
- Condition: health >= 15 → 14 >= 15 → False
- Condition: health < 15 → 14 < 15 → True

Since the health is less than 15, the policy dictates to set the shield on.

FINAL: S1",S1,S1,True,True,True,True,False,True,,8276.791,
mistral-small3.2:24b-instruct-2506-q4_K_M,0,d2-x-compare-a,D2-P2,D2,es_standard,Tuteo Spanish,b_first,deliberative,"Cuando tu coordenada x es menor o igual que la del rival, gira 90 grados en sentido horario. Cuando tu coordenada x es mayor que la del rival, gira 90 grados en sentido antihorario.",A90.0,A90.0,C90.0,C90.0,A90.0,"Scratchpad:
- Bot 1 x: 0.7
- Bot 2 x: 0.3
- Comparison: 0.7 > 0.3

Since bot 1's x coordinate (0.7) is greater than bot 2's x coordinate (0.3), bot 1 should rotate 90 degrees counterclockwise.

FINAL: A90",A90,A90.0,True,True,True,True,False,True,,6678.659,
mistral-small3.2:24b-instruct-2506-q4_K_M,0,d3-conjunction-b,D3-P1,D3,es_standard,Tuteo Spanish,a_first,direct,"Cuando tienes menos de 15 puntos de salud y el escudo está bajo, levanta el escudo. Cuando tienes 15 puntos de salud o más o el escudo está levantado, dispara.",B,S1,B,S1,B,B,B,B,True,True,True,True,False,True,,1192.808,
mistral-small3.2:24b-instruct-2506-q4_K_M,0,d1-health-c,D1-P2,D1,es_rioplatense,Rioplatense voseo,a_first,direct,"Cuando tenés menos de 15 puntos de salud, levantá el escudo. Cuando tenés 15 puntos de salud o más, avanzá.",M,S1,M,S1,M,S1,S1,S1,True,False,False,False,True,False,,987.709,
mistral-small3.2:24b-instruct-2506-q4_K_M,0,d3-conjunction-a,D3-P1,D3,es_rioplatense,Rioplatense voseo,a_first,deliberative,"Cuando tenés menos de 15 puntos de salud y el escudo está bajo, levantá el escudo. Cuando tenés 15 puntos de salud o más o el escudo está levantado, dispará.",S1,S1,B,S1,B,"Scratchpad:
- Bot 1 health: 10 (less than 15)
- Bot 1 shield: false (off)
- Condition 1: health < 15 AND shield is off → True
- Condition 2: health >= 15 OR shield is on → False

Since condition 1 is true, the policy dictates to set the shield on.

FINAL: S1",S1,S1,True,True,True,True,True,False,,6676.467,
mistral-small3.2:24b-instruct-2506-q4_K_M,0,d3-xor-shields-d,D3-P2,D3,es_standard,Tuteo Spanish,a_first,deliberative,"Cuando exactamente uno de los dos escudos está levantado, avanza. Cuando los dos escudos están en el mismo estado, dispara.",B,M,B,M,B,"Scratchpad:
- Bot 1 shield: true
- Bot 2 shield: true
- Both shields are in the same state (both on)

FINAL: B",B,B,True,True,True,True,False,True,,3259.899,
mistral-small3.2:24b-instruct-2506-q4_K_M,0,d5-x-distance-d,D5-P2,D5,es_standard,Tuteo Spanish,a_first,direct,"Primero calcula la distancia horizontal entre tu coordenada x y la coordenada x del rival. Cuando la distancia es de al menos 0.4, avanza 0.1. Cuando la distancia es menor que 0.4, gira 90 grados en sentido horario.",C90.0,M0.1,C90.0,M0.1,C90.0,B,B,B,True,False,False,False,False,False,,1254.939,
mistral-small3.2:24b-instruct-2506-q4_K_M,0,d5-x-distance-b,D5-P2,D5,es_standard,Tuteo Spanish,a_first,deliberative,"Primero calcula la distancia horizontal entre tu coordenada x y la coordenada x del rival. Cuando la distancia es de al menos 0.4, avanza 0.1. Cuando la distancia es menor que 0.4, gira 90 grados en sentido horario.",C90.0,M0.1,C90.0,M0.1,C90.0,"Scratchpad:
1. Calculate the horizontal distance between bot 1 and bot 2:
   |0.4 - 0.7| = 0.3
2. Compare the distance with 0.4:
   0.3 < 0.4
3. Since the distance is less than 0.4, rotate 90 degrees clockwise.

FINAL: C90",C90,C90.0,True,True,True,True,False,True,,6932.046,
mistral-small3.2:24b-instruct-2506-q4_K_M,0,d1-shield-b,D1-P1,D1,es_standard,Tuteo Spanish,b_first,direct,"Cuando tienes el escudo bajo, dispara. Cuando tienes el escudo levantado, bájalo.",B,S0,B,B,S0,B,B,B,True,True,True,True,True,False,,1048.996,
mistral-small3.2:24b-instruct-2506-q4_K_M,0,d2-x-compare-a,D2-P2,D2,es_rioplatense,Rioplatense voseo,b_first,direct,"Cuando tu coordenada x es menor o igual que la del rival, girá 90 grados en sentido horario. Cuando tu coordenada x es mayor que la del rival, girá 90 grados en sentido antihorario.",A90.0,A90.0,C90.0,C90.0,A90.0,C90,C90,C90.0,True,False,False,False,True,False,,1446.025,
mistral-small3.2:24b-instruct-2506-q4_K_M,0,d3-conjunction-b,D3-P1,D3,es_rioplatense,Rioplatense voseo,a_first,deliberative,"Cuando tenés menos de 15 puntos de salud y el escudo está bajo, levantá el escudo. Cuando tenés 15 puntos de salud o más o el escudo está levantado, dispará.",B,S1,B,S1,B,"Scratchpad:
- Bot 1 health: 10 (less than 15)
- Bot 1 shield: true (on)

Since the bot's health is less than 15 and the shield is already on, the policy says to fire.

FINAL: B",B,B,True,True,True,True,False,True,,5428.819,
mistral-small3.2:24b-instruct-2506-q4_K_M,0,d2-health-compare-c,D2-P1,D2,es_standard,Tuteo Spanish,b_first,deliberative,"Cuando tienes tanta o más salud que el rival, dispara. Cuando tienes menos salud que el rival, levanta el escudo.",B,S1,B,B,S1,"Scratchpad:
- Bot 1 health: 15
- Bot 2 health: 15
- Comparison: 15 >= 15 (True)

Since bot 1 has equal or more health than bot 2, the policy dictates to fire.

FINAL: B",B,B,True,True,True,True,True,False,,5504.44,
mistral-small3.2:24b-instruct-2506-q4_K_M,0,d2-x-compare-a,D2-P2,D2,es_standard,Tuteo Spanish,a_first,direct,"Cuando tu coordenada x es mayor que la del rival, gira 90 grados en sentido antihorario. Cuando tu coordenada x es menor o igual que la del rival, gira 90 grados en sentido horario.",A90.0,A90.0,C90.0,A90.0,C90.0,A90,A90,A90.0,True,True,True,True,True,False,,719.122,
mistral-small3.2:24b-instruct-2506-q4_K_M,0,d2-x-compare-b,D2-P2,D2,es_standard,Tuteo Spanish,a_first,direct,"Cuando tu coordenada x es mayor que la del rival, gira 90 grados en sentido antihorario. Cuando tu coordenada x es menor o igual que la del rival, gira 90 grados en sentido horario.",C90.0,A90.0,C90.0,A90.0,C90.0,A90,A90,A90.0,True,False,False,False,True,False,,1213.801,
mistral-small3.2:24b-instruct-2506-q4_K_M,0,d2-x-compare-c,D2-P2,D2,es_standard,Tuteo Spanish,b_first,deliberative,"Cuando tu coordenada x es menor o igual que la del rival, gira 90 grados en sentido horario. Cuando tu coordenada x es mayor que la del rival, gira 90 grados en sentido antihorario.",C90.0,A90.0,C90.0,C90.0,A90.0,"Scratchpad:
- Bot 1 x: 0.5
- Bot 2 x: 0.5
- Bot 1 x <= Bot 2 x: 0.5 <= 0.5 is true

FINAL: C90",C90,C90.0,True,True,True,True,True,False,,5389.476,
mistral-small3.2:24b-instruct-2506-q4_K_M,0,d3-xor-shields-a,D3-P2,D3,es_standard,Tuteo Spanish,b_first,direct,"Cuando los dos escudos están en el mismo estado, dispara. Cuando exactamente uno de los dos escudos está levantado, avanza.",B,M,B,B,M,B,B,B,True,True,True,True,True,False,,856.057,
mistral-small3.2:24b-instruct-2506-q4_K_M,0,d5-x-distance-b,D5-P2,D5,es_standard,Tuteo Spanish,b_first,direct,"Primero calcula la distancia horizontal entre tu coordenada x y la coordenada x del rival. Cuando la distancia es menor que 0.4, gira 90 grados en sentido horario. Cuando la distancia es de al menos 0.4, avanza 0.1.",C90.0,M0.1,C90.0,C90.0,M0.1,B,B,B,True,False,False,False,False,False,,1081.673,
mistral-small3.2:24b-instruct-2506-q4_K_M,0,d2-health-compare-c,D2-P1,D2,es_standard,Tuteo Spanish,b_first,direct,"Cuando tienes tanta o más salud que el rival, dispara. Cuando tienes menos salud que el rival, levanta el escudo.",B,S1,B,B,S1,B,B,B,True,True,True,True,True,False,,1099.035,
mistral-small3.2:24b-instruct-2506-q4_K_M,0,d1-health-d,D1-P2,D1,es_standard,Tuteo Spanish,b_first,deliberative,"Cuando tienes 15 puntos de salud o más, avanza. Cuando tienes menos de 15 puntos de salud, levanta el escudo.",M,S1,M,M,S1,"Scratchpad:
- Bot 1 health: 25
- Condition: health >= 15 (25 >= 15 is true)

FINAL: M",M,M,True,True,True,True,True,False,,3632.608,
mistral-small3.2:24b-instruct-2506-q4_K_M,0,d3-conjunction-b,D3-P1,D3,es_standard,Tuteo Spanish,b_first,direct,"Cuando tienes 15 puntos de salud o más o el escudo está levantado, dispara. Cuando tienes menos de 15 puntos de salud y el escudo está bajo, levanta el escudo.",B,S1,B,B,S1,B,B,B,True,True,True,True,True,False,,1347.688,
mistral-small3.2:24b-instruct-2506-q4_K_M,0,d5-health-difference-c,D5-P1,D5,es_standard,Tuteo Spanish,a_first,deliberative,"Cuando tienes al menos 10 puntos de salud más que el rival, dispara. Cuando no tienes al menos 10 puntos de salud más que el rival, levanta el escudo.",S1,B,S1,B,S1,"Scratchpad:
- Bot 1 health: 10
- Bot 2 health: 25
- Health difference: 10 - 25 = -15

Since the health difference is not at least 10, the policy dictates to set the shield on.

FINAL: S1",S1,S1,True,True,True,True,False,True,,6148.648,
mistral-small3.2:24b-instruct-2506-q4_K_M,0,d3-conjunction-b,D3-P1,D3,es_standard,Tuteo Spanish,a_first,deliberative,"Cuando tienes menos de 15 puntos de salud y el escudo está bajo, levanta el escudo. Cuando tienes 15 puntos de salud o más o el escudo está levantado, dispara.",B,S1,B,S1,B,"Scratchpad:
- Bot 1 health: 10 (less than 15)
- Bot 1 shield: true (shield is on)

Since the bot's health is less than 15 and the shield is already on, the policy dictates to fire.

FINAL: B",B,B,True,True,True,True,False,True,,5936.523,
mistral-small3.2:24b-instruct-2506-q4_K_M,0,d1-health-a,D1-P2,D1,es_rioplatense,Rioplatense voseo,b_first,direct,"Cuando tenés 15 puntos de salud o más, avanzá. Cuando tenés menos de 15 puntos de salud, levantá el escudo.",S1,S1,M,M,S1,M,M,M,True,False,False,False,True,False,,1160.54,
mistral-small3.2:24b-instruct-2506-q4_K_M,0,d1-shield-c,D1-P1,D1,es_rioplatense,Rioplatense voseo,a_first,direct,"Cuando tenés el escudo levantado, bajalo. Cuando tenés el escudo bajo, dispará.",S0,S0,B,S0,B,S0,S0,S0,True,True,True,True,True,False,,1260.43,
mistral-small3.2:24b-instruct-2506-q4_K_M,0,d3-conjunction-a,D3-P1,D3,es_standard,Tuteo Spanish,a_first,deliberative,"Cuando tienes menos de 15 puntos de salud y el escudo está bajo, levanta el escudo. Cuando tienes 15 puntos de salud o más o el escudo está levantado, dispara.",S1,S1,B,S1,B,"Scratchpad:
- Bot 1 health: 10 (less than 15)
- Bot 1 shield: false (off)

Policy:
- If health < 15 and shield is off, then set shield on.

FINAL: S1",S1,S1,True,True,True,True,True,False,,5119.16,
mistral-small3.2:24b-instruct-2506-q4_K_M,0,d3-xor-shields-d,D3-P2,D3,es_rioplatense,Rioplatense voseo,b_first,deliberative,"Cuando los dos escudos están en el mismo estado, dispará. Cuando exactamente uno de los dos escudos está levantado, avanzá.",B,M,B,B,M,"Scratchpad:
- Bot 1 shield: true
- Bot 2 shield: true
- Both shields are in the same state (both on)

FINAL: B",B,B,True,True,True,True,True,False,,4206.536,
mistral-small3.2:24b-instruct-2506-q4_K_M,0,d5-health-difference-b,D5-P1,D5,es_standard,Tuteo Spanish,a_first,deliberative,"Cuando tienes al menos 10 puntos de salud más que el rival, dispara. Cuando no tienes al menos 10 puntos de salud más que el rival, levanta el escudo.",S1,B,S1,B,S1,"Scratchpad:
- Bot 1 health: 29
- Bot 2 health: 20
- Difference in health: 29 - 20 = 9

Since the health difference is not at least 10, the policy dictates to set the shield on.

FINAL: S1",S1,S1,True,True,True,True,False,True,,6997.868,
mistral-small3.2:24b-instruct-2506-q4_K_M,0,d5-x-distance-d,D5-P2,D5,es_standard,Tuteo Spanish,b_first,deliberative,"Primero calcula la distancia horizontal entre tu coordenada x y la coordenada x del rival. Cuando la distancia es menor que 0.4, gira 90 grados en sentido horario. Cuando la distancia es de al menos 0.4, avanza 0.1.",C90.0,M0.1,C90.0,C90.0,M0.1,"Scratchpad:

1. Calculate the horizontal distance between bot 1 and bot 2:
   - bot 1 x: 0.3
   - bot 2 x: 0.31
   - distance: |0.3 - 0.31| = 0.01

2. Compare the distance with 0.4:
   - 0.01 < 0.4

3. Since the distance is less than 0.4, rotate 90 degrees clockwise.

FINAL: C90",C90,C90.0,True,True,True,True,True,False,,11616.922,
mistral-small3.2:24b-instruct-2506-q4_K_M,0,d3-xor-shields-c,D3-P2,D3,es_standard,Tuteo Spanish,a_first,direct,"Cuando exactamente uno de los dos escudos está levantado, avanza. Cuando los dos escudos están en el mismo estado, dispara.",M,M,B,M,B,B,B,B,True,False,False,False,False,True,,1382.043,
mistral-small3.2:24b-instruct-2506-q4_K_M,0,d5-health-difference-c,D5-P1,D5,es_standard,Tuteo Spanish,b_first,deliberative,"Cuando no tienes al menos 10 puntos de salud más que el rival, levanta el escudo. Cuando tienes al menos 10 puntos de salud más que el rival, dispara.",S1,B,S1,S1,B,"Scratchpad:
- Bot 1 health: 10
- Bot 2 health: 25
- Health difference: 25 - 10 = 15

Since bot 1 has 15 points of health less than bot 2, it should raise the shield.

FINAL: S1",S1,S1,True,True,True,True,True,False,,7535.775,
mistral-small3.2:24b-instruct-2506-q4_K_M,0,d2-health-compare-c,D2-P1,D2,es_standard,Tuteo Spanish,a_first,direct,"Cuando tienes menos salud que el rival, levanta el escudo. Cuando tienes tanta o más salud que el rival, dispara.",B,S1,B,S1,B,S1,S1,S1,True,False,False,False,True,False,,1479.126,
mistral-small3.2:24b-instruct-2506-q4_K_M,0,d1-shield-b,D1-P1,D1,es_rioplatense,Rioplatense voseo,b_first,deliberative,"Cuando tenés el escudo bajo, dispará. Cuando tenés el escudo levantado, bajalo.",B,S0,B,B,S0,"Scratchpad:
- Bot 1 shield is off (shield: false)
- Therefore, according to the policy, bot 1 should fire.

FINAL: B",B,B,True,True,True,True,True,False,,3939.112,
mistral-small3.2:24b-instruct-2506-q4_K_M,0,d1-health-c,D1-P2,D1,es_standard,Tuteo Spanish,a_first,direct,"Cuando tienes menos de 15 puntos de salud, levanta el escudo. Cuando tienes 15 puntos de salud o más, avanza.",M,S1,M,S1,M,S1,S1,S1,True,False,False,False,True,False,,1209.285,
mistral-small3.2:24b-instruct-2506-q4_K_M,0,d3-xor-shields-a,D3-P2,D3,es_rioplatense,Rioplatense voseo,b_first,deliberative,"Cuando los dos escudos están en el mismo estado, dispará. Cuando exactamente uno de los dos escudos está levantado, avanzá.",B,M,B,B,M,"Scratchpad:
- Bot 1 shield: false
- Bot 2 shield: false
- Both shields are in the same state (both off)

FINAL: B",B,B,True,True,True,True,True,False,,4397.938,
mistral-small3.2:24b-instruct-2506-q4_K_M,0,d5-x-distance-a,D5-P2,D5,es_rioplatense,Rioplatense voseo,b_first,direct,"Primero calculá la distancia horizontal entre tu coordenada x y la coordenada x del rival. Cuando la distancia es menor que 0.4, girá 90 grados en sentido horario. Cuando la distancia es de al menos 0.4, avanzá 0.1.",M0.1,M0.1,C90.0,C90.0,M0.1,M0.1,M0.1,M0.1,True,True,True,True,False,True,,2162.016,
mistral-small3.2:24b-instruct-2506-q4_K_M,0,d5-x-distance-a,D5-P2,D5,es_standard,Tuteo Spanish,a_first,direct,"Primero calcula la distancia horizontal entre tu coordenada x y la coordenada x del rival. Cuando la distancia es de al menos 0.4, avanza 0.1. Cuando la distancia es menor que 0.4, gira 90 grados en sentido horario.",M0.1,M0.1,C90.0,M0.1,C90.0,B,B,B,True,False,False,False,False,False,,778.192,
mistral-small3.2:24b-instruct-2506-q4_K_M,0,d3-conjunction-c,D3-P1,D3,es_rioplatense,Rioplatense voseo,a_first,direct,"Cuando tenés menos de 15 puntos de salud y el escudo está bajo, levantá el escudo. Cuando tenés 15 puntos de salud o más o el escudo está levantado, dispará.",B,S1,B,S1,B,S1,S1,S1,True,False,False,False,True,False,,1695.093,
mistral-small3.2:24b-instruct-2506-q4_K_M,0,d5-health-difference-a,D5-P1,D5,es_rioplatense,Rioplatense voseo,a_first,direct,"Cuando tenés al menos 10 puntos de salud más que el rival, dispará. Cuando no tenés al menos 10 puntos de salud más que el rival, levantá el escudo.",B,B,S1,B,S1,B,B,B,True,True,True,True,True,False,,1517.648,
mistral-small3.2:24b-instruct-2506-q4_K_M,0,d5-x-distance-c,D5-P2,D5,es_rioplatense,Rioplatense voseo,b_first,direct,"Primero calculá la distancia horizontal entre tu coordenada x y la coordenada x del rival. Cuando la distancia es menor que 0.4, girá 90 grados en sentido horario. Cuando la distancia es de al menos 0.4, avanzá 0.1.",M0.1,M0.1,C90.0,C90.0,M0.1,M0.1,M0.1,M0.1,True,True,True,True,False,True,,1500.344,
mistral-small3.2:24b-instruct-2506-q4_K_M,0,d1-shield-b,D1-P1,D1,es_rioplatense,Rioplatense voseo,a_first,direct,"Cuando tenés el escudo levantado, bajalo. Cuando tenés el escudo bajo, dispará.",B,S0,B,S0,B,S,S,S,True,False,False,False,False,False,,1242.082,
mistral-small3.2:24b-instruct-2506-q4_K_M,0,d5-health-difference-d,D5-P1,D5,es_rioplatense,Rioplatense voseo,b_first,direct,"Cuando no tenés al menos 10 puntos de salud más que el rival, levantá el escudo. Cuando tenés al menos 10 puntos de salud más que el rival, dispará.",B,B,S1,S1,B,S1,S1,S1,True,False,False,False,True,False,,1682.284,
mistral-small3.2:24b-instruct-2506-q4_K_M,0,d2-health-compare-c,D2-P1,D2,es_rioplatense,Rioplatense voseo,b_first,deliberative,"Cuando tenés tanta o más salud que el rival, dispará. Cuando tenés menos salud que el rival, levantá el escudo.",B,S1,B,B,S1,"Scratchpad:
- Bot 1 health: 15
- Bot 2 health: 15
- Comparison: Bot 1 health (15) >= Bot 2 health (15) → True

FINAL: B",B,B,True,True,True,True,True,False,,5889.991,
mistral-small3.2:24b-instruct-2506-q4_K_M,0,d5-health-difference-d,D5-P1,D5,es_rioplatense,Rioplatense voseo,a_first,direct,"Cuando tenés al menos 10 puntos de salud más que el rival, dispará. Cuando no tenés al menos 10 puntos de salud más que el rival, levantá el escudo.",B,B,S1,B,S1,B,B,B,True,True,True,True,True,False,,835.508,
mistral-small3.2:24b-instruct-2506-q4_K_M,0,d5-x-distance-c,D5-P2,D5,es_standard,Tuteo Spanish,a_first,deliberative,"Primero calcula la distancia horizontal entre tu coordenada x y la coordenada x del rival. Cuando la distancia es de al menos 0.4, avanza 0.1. Cuando la distancia es menor que 0.4, gira 90 grados en sentido horario.",M0.1,M0.1,C90.0,M0.1,C90.0,"Scratchpad:
1. Calculate the horizontal distance between bot 1 and bot 2:
   |0.1 - 0.5| = 0.4
2. Compare the distance with 0.4:
   0.4 >= 0.4 is true
3. Since the distance is at least 0.4, move forward by 0.1.

FINAL: M0.1",M0.1,M0.1,True,True,True,True,True,False,,9953.521,
mistral-small3.2:24b-instruct-2506-q4_K_M,0,d3-conjunction-a,D3-P1,D3,es_standard,Tuteo Spanish,a_first,direct,"Cuando tienes menos de 15 puntos de salud y el escudo está bajo, levanta el escudo. Cuando tienes 15 puntos de salud o más o el escudo está levantado, dispara.",S1,S1,B,S1,B,S1,S1,S1,True,True,True,True,True,False,,1811.258,
mistral-small3.2:24b-instruct-2506-q4_K_M,0,d5-x-distance-c,D5-P2,D5,es_standard,Tuteo Spanish,a_first,direct,"Primero calcula la distancia horizontal entre tu coordenada x y la coordenada x del rival. Cuando la distancia es de al menos 0.4, avanza 0.1. Cuando la distancia es menor que 0.4, gira 90 grados en sentido horario.",M0.1,M0.1,C90.0,M0.1,C90.0,B,B,B,True,False,False,False,False,False,,1644.859,
mistral-small3.2:24b-instruct-2506-q4_K_M,0,d5-health-difference-c,D5-P1,D5,es_rioplatense,Rioplatense voseo,a_first,direct,"Cuando tenés al menos 10 puntos de salud más que el rival, dispará. Cuando no tenés al menos 10 puntos de salud más que el rival, levantá el escudo.",S1,B,S1,B,S1,B,B,B,True,False,False,False,True,False,,1530.396,
mistral-small3.2:24b-instruct-2506-q4_K_M,0,d3-conjunction-d,D3-P1,D3,es_rioplatense,Rioplatense voseo,a_first,direct,"Cuando tenés menos de 15 puntos de salud y el escudo está bajo, levantá el escudo. Cuando tenés 15 puntos de salud o más o el escudo está levantado, dispará.",B,S1,B,S1,B,B,B,B,True,True,True,True,False,True,,1538.245,
mistral-small3.2:24b-instruct-2506-q4_K_M,0,d5-health-difference-a,D5-P1,D5,es_rioplatense,Rioplatense voseo,a_first,deliberative,"Cuando tenés al menos 10 puntos de salud más que el rival, dispará. Cuando no tenés al menos 10 puntos de salud más que el rival, levantá el escudo.",B,B,S1,B,S1,"Scratchpad:
- Bot 1 health: 30
- Bot 2 health: 20
- Difference in health: 30 - 20 = 10

Since bot 1 has at least 10 points more health than bot 2, the policy dictates to fire.

FINAL: B",B,B,True,True,True,True,True,False,,7710.124,
mistral-small3.2:24b-instruct-2506-q4_K_M,0,d1-health-a,D1-P2,D1,es_rioplatense,Rioplatense voseo,a_first,deliberative,"Cuando tenés menos de 15 puntos de salud, levantá el escudo. Cuando tenés 15 puntos de salud o más, avanzá.",S1,S1,M,S1,M,"Scratchpad:
- Bot 1 health: 5 (less than 15)
- Bot 1 shield: false

Since bot 1 has less than 15 health and its shield is off, it should set the shield on.

FINAL: S1",S1,S1,True,True,True,True,True,False,,6372.177,
mistral-small3.2:24b-instruct-2506-q4_K_M,0,d3-xor-shields-c,D3-P2,D3,es_rioplatense,Rioplatense voseo,b_first,direct,"Cuando los dos escudos están en el mismo estado, dispará. Cuando exactamente uno de los dos escudos está levantado, avanzá.",M,M,B,B,M,B,B,B,True,False,False,False,True,False,,1502.199,
mistral-small3.2:24b-instruct-2506-q4_K_M,0,d1-health-c,D1-P2,D1,es_rioplatense,Rioplatense voseo,b_first,direct,"Cuando tenés 15 puntos de salud o más, avanzá. Cuando tenés menos de 15 puntos de salud, levantá el escudo.",M,S1,M,M,S1,M,M,M,True,True,True,True,True,False,,1286.608,
mistral-small3.2:24b-instruct-2506-q4_K_M,0,d1-shield-d,D1-P1,D1,es_rioplatense,Rioplatense voseo,a_first,deliberative,"Cuando tenés el escudo levantado, bajalo. Cuando tenés el escudo bajo, dispará.",B,S0,B,S0,B,"Scratchpad:
- Bot 1 shield status: false (shield is off)
- Policy: If shield is up, lower it. If shield is down, fire.

Since the shield is off, the action is to fire.

FINAL: B",B,B,True,True,True,True,False,True,,5665.172,
mistral-small3.2:24b-instruct-2506-q4_K_M,0,d2-x-compare-a,D2-P2,D2,es_rioplatense,Rioplatense voseo,a_first,direct,"Cuando tu coordenada x es mayor que la del rival, girá 90 grados en sentido antihorario. Cuando tu coordenada x es menor o igual que la del rival, girá 90 grados en sentido horario.",A90.0,A90.0,C90.0,A90.0,C90.0,A90,A90,A90.0,True,True,True,True,True,False,,1992.581,
mistral-small3.2:24b-instruct-2506-q4_K_M,0,d2-health-compare-d,D2-P1,D2,es_rioplatense,Rioplatense voseo,a_first,deliberative,"Cuando tenés menos salud que el rival, levantá el escudo. Cuando tenés tanta o más salud que el rival, dispará.",S1,S1,B,S1,B,"Scratchpad:
- Bot 1 health: 14
- Bot 2 health: 15
- Bot 1 health < Bot 2 health: True

FINAL: S1",S1,S1,True,True,True,True,True,False,,4547.616,
mistral-small3.2:24b-instruct-2506-q4_K_M,0,d1-health-a,D1-P2,D1,es_rioplatense,Rioplatense voseo,b_first,deliberative,"Cuando tenés 15 puntos de salud o más, avanzá. Cuando tenés menos de 15 puntos de salud, levantá el escudo.",S1,S1,M,M,S1,"Scratchpad:
- Bot 1 health: 5
- Condition: health >= 15? 5 >= 15? False
- Action: set shield on

FINAL: S1",S1,S1,True,True,True,True,False,True,,5102.108,
mistral-small3.2:24b-instruct-2506-q4_K_M,0,d2-x-compare-d,D2-P2,D2,es_standard,Tuteo Spanish,b_first,deliberative,"Cuando tu coordenada x es menor o igual que la del rival, gira 90 grados en sentido horario. Cuando tu coordenada x es mayor que la del rival, gira 90 grados en sentido antihorario.",A90.0,A90.0,C90.0,C90.0,A90.0,"Scratchpad:
- Bot 1 x: 0.51
- Bot 2 x: 0.5
- Bot 1 x <= Bot 2 x: 0.51 <= 0.5? False
- Bot 1 x > Bot 2 x: 0.51 > 0.5? True

Since Bot 1 x is greater than Bot 2 x, rotate 90 degrees counterclockwise.

FINAL: A90",A90,A90.0,True,True,True,True,False,True,,10693.71,
mistral-small3.2:24b-instruct-2506-q4_K_M,0,d1-shield-d,D1-P1,D1,es_standard,Tuteo Spanish,a_first,deliberative,"Cuando tienes el escudo levantado, bájalo. Cuando tienes el escudo bajo, dispara.",B,S0,B,S0,B,"Scratchpad:
- Bot 1 shield status: false (shield is off)
- Policy: If shield is on, turn it off. If shield is off, fire.
- Since shield is off, the action is to fire.

FINAL: B",B,B,True,True,True,True,False,True,,5566.251,
mistral-small3.2:24b-instruct-2506-q4_K_M,0,d1-shield-c,D1-P1,D1,es_rioplatense,Rioplatense voseo,b_first,direct,"Cuando tenés el escudo bajo, dispará. Cuando tenés el escudo levantado, bajalo.",S0,S0,B,B,S0,S,S,S,True,False,False,True,False,False,,1365.41,
mistral-small3.2:24b-instruct-2506-q4_K_M,0,d2-health-compare-a,D2-P1,D2,es_rioplatense,Rioplatense voseo,b_first,direct,"Cuando tenés tanta o más salud que el rival, dispará. Cuando tenés menos salud que el rival, levantá el escudo.",S1,S1,B,B,S1,B,B,B,True,False,False,False,True,False,,1269.34,
mistral-small3.2:24b-instruct-2506-q4_K_M,0,d2-health-compare-a,D2-P1,D2,es_standard,Tuteo Spanish,a_first,direct,"Cuando tienes menos salud que el rival, levanta el escudo. Cuando tienes tanta o más salud que el rival, dispara.",S1,S1,B,S1,B,S1,S1,S1,True,True,True,True,True,False,,496.71,
mistral-small3.2:24b-instruct-2506-q4_K_M,0,d1-health-a,D1-P2,D1,es_standard,Tuteo Spanish,b_first,direct,"Cuando tienes 15 puntos de salud o más, avanza. Cuando tienes menos de 15 puntos de salud, levanta el escudo.",S1,S1,M,M,S1,M,M,M,True,False,False,False,True,False,,1121.872,
mistral-small3.2:24b-instruct-2506-q4_K_M,0,d3-conjunction-c,D3-P1,D3,es_standard,Tuteo Spanish,a_first,direct,"Cuando tienes menos de 15 puntos de salud y el escudo está bajo, levanta el escudo. Cuando tienes 15 puntos de salud o más o el escudo está levantado, dispara.",B,S1,B,S1,B,B,B,B,True,True,True,True,False,True,,1414.19,
mistral-small3.2:24b-instruct-2506-q4_K_M,0,d5-health-difference-a,D5-P1,D5,es_standard,Tuteo Spanish,a_first,direct,"Cuando tienes al menos 10 puntos de salud más que el rival, dispara. Cuando no tienes al menos 10 puntos de salud más que el rival, levanta el escudo.",B,B,S1,B,S1,B,B,B,True,True,True,True,True,False,,1450.552,
mistral-small3.2:24b-instruct-2506-q4_K_M,0,d5-health-difference-a,D5-P1,D5,es_standard,Tuteo Spanish,a_first,deliberative,"Cuando tienes al menos 10 puntos de salud más que el rival, dispara. Cuando no tienes al menos 10 puntos de salud más que el rival, levanta el escudo.",B,B,S1,B,S1,"Scratchpad:
- Bot 1 health: 30
- Bot 2 health: 20
- Difference in health: 30 - 20 = 10

Since bot 1 has at least 10 points more health than bot 2, the policy dictates to fire.

FINAL: B",B,B,True,True,True,True,True,False,,7349.064,
mistral-small3.2:24b-instruct-2506-q4_K_M,0,d5-x-distance-c,D5-P2,D5,es_rioplatense,Rioplatense voseo,a_first,deliberative,"Primero calculá la distancia horizontal entre tu coordenada x y la coordenada x del rival. Cuando la distancia es de al menos 0.4, avanzá 0.1. Cuando la distancia es menor que 0.4, girá 90 grados en sentido horario.",M0.1,M0.1,C90.0,M0.1,C90.0,"Scratchpad:

1. Calculate the horizontal distance between bot 1 and bot 2:
   - Bot 1 x-coordinate: 0.1
   - Bot 2 x-coordinate: 0.5
   - Horizontal distance: |0.5 - 0.1| = 0.4

2. Compare the horizontal distance with 0.4:
   - 0.4 >= 0.4 is true

3. Since the horizontal distance is at least 0.4, move forward by 0.1.

FINAL: M0.1",M0.1,M0.1,True,True,True,True,True,False,,11411.83,
mistral-small3.2:24b-instruct-2506-q4_K_M,0,d2-health-compare-b,D2-P1,D2,es_rioplatense,Rioplatense voseo,a_first,deliberative,"Cuando tenés menos salud que el rival, levantá el escudo. Cuando tenés tanta o más salud que el rival, dispará.",B,S1,B,S1,B,"Scratchpad:
- Bot 1 health: 20
- Bot 2 health: 10
- Bot 1 health (20) < Bot 2 health (10)? No

FINAL: B",B,B,True,True,True,True,False,True,,5032.23,
mistral-small3.2:24b-instruct-2506-q4_K_M,0,d2-health-compare-b,D2-P1,D2,es_rioplatense,Rioplatense voseo,a_first,direct,"Cuando tenés menos salud que el rival, levantá el escudo. Cuando tenés tanta o más salud que el rival, dispará.",B,S1,B,S1,B,S1,S1,S1,True,False,False,False,True,False,,1333.889,
mistral-small3.2:24b-instruct-2506-q4_K_M,0,d5-health-difference-b,D5-P1,D5,es_rioplatense,Rioplatense voseo,a_first,deliberative,"Cuando tenés al menos 10 puntos de salud más que el rival, dispará. Cuando no tenés al menos 10 puntos de salud más que el rival, levantá el escudo.",S1,B,S1,B,S1,"Scratchpad:
- Bot 1 health: 29
- Bot 2 health: 20
- Difference in health: 29 - 20 = 9

Since the health difference is not at least 10, the policy dictates to set the shield on.

FINAL: S1",S1,S1,True,True,True,True,False,True,,6770.018,
mistral-small3.2:24b-instruct-2506-q4_K_M,0,d1-shield-b,D1-P1,D1,es_standard,Tuteo Spanish,b_first,deliberative,"Cuando tienes el escudo bajo, dispara. Cuando tienes el escudo levantado, bájalo.",B,S0,B,B,S0,"Scratchpad:
- Bot 1 shield is off (shield: false)
- Therefore, according to the policy, bot 1 should fire.

FINAL: B",B,B,True,True,True,True,True,False,,3863.812,
mistral-small3.2:24b-instruct-2506-q4_K_M,0,d1-health-d,D1-P2,D1,es_standard,Tuteo Spanish,b_first,direct,"Cuando tienes 15 puntos de salud o más, avanza. Cuando tienes menos de 15 puntos de salud, levanta el escudo.",M,S1,M,M,S1,M,M,M,True,True,True,True,True,False,,1123.875,
mistral-small3.2:24b-instruct-2506-q4_K_M,0,d2-health-compare-a,D2-P1,D2,es_standard,Tuteo Spanish,b_first,direct,"Cuando tienes tanta o más salud que el rival, dispara. Cuando tienes menos salud que el rival, levanta el escudo.",S1,S1,B,B,S1,B,B,B,True,False,False,False,True,False,,1198.177,
mistral-small3.2:24b-instruct-2506-q4_K_M,0,d2-health-compare-a,D2-P1,D2,es_standard,Tuteo Spanish,b_first,deliberative,"Cuando tienes tanta o más salud que el rival, dispara. Cuando tienes menos salud que el rival, levanta el escudo.",S1,S1,B,B,S1,"Scratchpad:
- Bot 1 health: 10
- Bot 2 health: 20
- Bot 1 health (10) < Bot 2 health (20)

Since bot 1 has less health than bot 2, it should set the shield on.

FINAL: S1",S1,S1,True,True,True,True,False,True,,6267.264,
mistral-small3.2:24b-instruct-2506-q4_K_M,0,d2-x-compare-c,D2-P2,D2,es_standard,Tuteo Spanish,b_first,direct,"Cuando tu coordenada x es menor o igual que la del rival, gira 90 grados en sentido horario. Cuando tu coordenada x es mayor que la del rival, gira 90 grados en sentido antihorario.",C90.0,A90.0,C90.0,C90.0,A90.0,C90,C90,C90.0,True,True,True,True,True,False,,1758.766,
mistral-small3.2:24b-instruct-2506-q4_K_M,0,d2-x-compare-b,D2-P2,D2,es_standard,Tuteo Spanish,b_first,deliberative,"Cuando tu coordenada x es menor o igual que la del rival, gira 90 grados en sentido horario. Cuando tu coordenada x es mayor que la del rival, gira 90 grados en sentido antihorario.",C90.0,A90.0,C90.0,C90.0,A90.0,"Scratchpad:
- Bot 1 x: 0.3
- Bot 2 x: 0.7
- Bot 1 x <= Bot 2 x: 0.3 <= 0.7 is true

FINAL: C90",C90,C90.0,True,True,True,True,True,False,,5423.529,
mistral-small3.2:24b-instruct-2506-q4_K_M,0,d2-x-compare-c,D2-P2,D2,es_rioplatense,Rioplatense voseo,b_first,deliberative,"Cuando tu coordenada x es menor o igual que la del rival, girá 90 grados en sentido horario. Cuando tu coordenada x es mayor que la del rival, girá 90 grados en sentido antihorario.",C90.0,A90.0,C90.0,C90.0,A90.0,"Scratchpad:
- Bot 1 x: 0.5
- Bot 2 x: 0.5
- Bot 1 x <= Bot 2 x: 0.5 <= 0.5 is true

FINAL: C90",C90,C90.0,True,True,True,True,True,False,,5441.007,
mistral-small3.2:24b-instruct-2506-q4_K_M,0,d1-health-d,D1-P2,D1,es_rioplatense,Rioplatense voseo,b_first,deliberative,"Cuando tenés 15 puntos de salud o más, avanzá. Cuando tenés menos de 15 puntos de salud, levantá el escudo.",M,S1,M,M,S1,"Scratchpad:
- Bot 1 health: 25
- Condition: health >= 15 (25 >= 15 is true)

FINAL: M",M,M,True,True,True,True,True,False,,3991.155,
mistral-small3.2:24b-instruct-2506-q4_K_M,0,d1-health-c,D1-P2,D1,es_standard,Tuteo Spanish,b_first,deliberative,"Cuando tienes 15 puntos de salud o más, avanza. Cuando tienes menos de 15 puntos de salud, levanta el escudo.",M,S1,M,M,S1,"Scratchpad:
- Bot 1 health: 15
- Condition: health >= 15 → True
- Action: Move forward

FINAL: M",M,M,True,True,True,True,True,False,,3764.009,
mistral-small3.2:24b-instruct-2506-q4_K_M,0,d5-health-difference-d,D5-P1,D5,es_standard,Tuteo Spanish,a_first,direct,"Cuando tienes al menos 10 puntos de salud más que el rival, dispara. Cuando no tienes al menos 10 puntos de salud más que el rival, levanta el escudo.",B,B,S1,B,S1,B,B,B,True,True,True,True,True,False,,1455.326,
mistral-small3.2:24b-instruct-2506-q4_K_M,0,d5-health-difference-b,D5-P1,D5,es_rioplatense,Rioplatense voseo,a_first,direct,"Cuando tenés al menos 10 puntos de salud más que el rival, dispará. Cuando no tenés al menos 10 puntos de salud más que el rival, levantá el escudo.",S1,B,S1,B,S1,B,B,B,True,False,False,False,True,False,,1458.418,
mistral-small3.2:24b-instruct-2506-q4_K_M,0,d3-conjunction-d,D3-P1,D3,es_standard,Tuteo Spanish,a_first,deliberative,"Cuando tienes menos de 15 puntos de salud y el escudo está bajo, levanta el escudo. Cuando tienes 15 puntos de salud o más o el escudo está levantado, dispara.",B,S1,B,S1,B,"Scratchpad:
- Bot 1 health: 20
- Bot 1 shield: true

Conditions:
- Health < 15: 20 < 15 → False
- Shield is down: true → False

Since the health is 20 (>= 15) or the shield is up (true), the policy dictates to fire.

FINAL: B",B,B,True,True,True,True,False,True,,7639.894,
mistral-small3.2:24b-instruct-2506-q4_K_M,0,d3-conjunction-c,D3-P1,D3,es_standard,Tuteo Spanish,b_first,direct,"Cuando tienes 15 puntos de salud o más o el escudo está levantado, dispara. Cuando tienes menos de 15 puntos de salud y el escudo está bajo, levanta el escudo.",B,S1,B,B,S1,B,B,B,True,True,True,True,True,False,,1458.317,
mistral-small3.2:24b-instruct-2506-q4_K_M,0,d1-shield-c,D1-P1,D1,es_rioplatense,Rioplatense voseo,a_first,deliberative,"Cuando tenés el escudo levantado, bajalo. Cuando tenés el escudo bajo, dispará.",S0,S0,B,S0,B,"Scratchpad:
- Bot 1 shield status: true (shield is on)
- Policy: If shield is on, turn it off. If shield is off, fire.

Since the shield is on, we need to turn it off.

FINAL: S0",S0,S0,True,True,True,True,True,False,,4861.821,
mistral-small3.2:24b-instruct-2506-q4_K_M,0,d2-x-compare-d,D2-P2,D2,es_standard,Tuteo Spanish,a_first,deliberative,"Cuando tu coordenada x es mayor que la del rival, gira 90 grados en sentido antihorario. Cuando tu coordenada x es menor o igual que la del rival, gira 90 grados en sentido horario.",A90.0,A90.0,C90.0,A90.0,C90.0,"Scratchpad:
- Bot 1 x: 0.51
- Bot 2 x: 0.5
- 0.51 > 0.5 is true

FINAL: A90",A90,A90.0,True,True,True,True,True,False,,4973.875,
mistral-small3.2:24b-instruct-2506-q4_K_M,0,d2-x-compare-a,D2-P2,D2,es_standard,Tuteo Spanish,a_first,deliberative,"Cuando tu coordenada x es mayor que la del rival, gira 90 grados en sentido antihorario. Cuando tu coordenada x es menor o igual que la del rival, gira 90 grados en sentido horario.",A90.0,A90.0,C90.0,A90.0,C90.0,"Scratchpad:
- Bot 1 x: 0.7
- Bot 2 x: 0.3
- Comparison: 0.7 > 0.3 is true

Since bot 1's x coordinate is greater than bot 2's x coordinate, bot 1 should rotate 90 degrees counterclockwise.

FINAL: A90",A90,A90.0,True,True,True,True,True,False,,6906.206,
mistral-small3.2:24b-instruct-2506-q4_K_M,0,d1-shield-d,D1-P1,D1,es_rioplatense,Rioplatense voseo,b_first,direct,"Cuando tenés el escudo bajo, dispará. Cuando tenés el escudo levantado, bajalo.",B,S0,B,B,S0,B,B,B,True,True,True,True,True,False,,1145.079,
mistral-small3.2:24b-instruct-2506-q4_K_M,0,d3-conjunction-a,D3-P1,D3,es_standard,Tuteo Spanish,b_first,direct,"Cuando tienes 15 puntos de salud o más o el escudo está levantado, dispara. Cuando tienes menos de 15 puntos de salud y el escudo está bajo, levanta el escudo.",S1,S1,B,B,S1,B,B,B,True,False,False,False,True,False,,1419.026,
mistral-small3.2:24b-instruct-2506-q4_K_M,0,d3-xor-shields-b,D3-P2,D3,es_rioplatense,Rioplatense voseo,b_first,deliberative,"Cuando los dos escudos están en el mismo estado, dispará. Cuando exactamente uno de los dos escudos está levantado, avanzá.",M,M,B,B,M,"Scratchpad:
- Bot 1 shield: false
- Bot 2 shield: true
- Shields are in different states (one is on, one is off)

FINAL: M",M,M,True,True,True,True,False,True,,3465.75,
mistral-small3.2:24b-instruct-2506-q4_K_M,0,d5-x-distance-a,D5-P2,D5,es_rioplatense,Rioplatense voseo,a_first,deliberative,"Primero calculá la distancia horizontal entre tu coordenada x y la coordenada x del rival. Cuando la distancia es de al menos 0.4, avanzá 0.1. Cuando la distancia es menor que 0.4, girá 90 grados en sentido horario.",M0.1,M0.1,C90.0,M0.1,C90.0,"Scratchpad:

1. Calculate the horizontal distance between bot 1 and bot 2:
   - Bot 1 x-coordinate: 0.2
   - Bot 2 x-coordinate: 0.8
   - Horizontal distance: |0.8 - 0.2| = 0.6

2. Compare the horizontal distance with 0.4:
   - 0.6 >= 0.4 is true

3. Since the horizontal distance is at least 0.4, move forward by 0.1.

FINAL: M0.1",M0.1,M0.1,True,True,True,True,True,False,,10349.586,
mistral-small3.2:24b-instruct-2506-q4_K_M,0,d3-xor-shields-d,D3-P2,D3,es_rioplatense,Rioplatense voseo,a_first,direct,"Cuando exactamente uno de los dos escudos está levantado, avanzá. Cuando los dos escudos están en el mismo estado, dispará.",B,M,B,M,B,B,B,B,True,True,True,True,False,True,,1133.673,
mistral-small3.2:24b-instruct-2506-q4_K_M,0,d2-x-compare-c,D2-P2,D2,es_rioplatense,Rioplatense voseo,a_first,deliberative,"Cuando tu coordenada x es mayor que la del rival, girá 90 grados en sentido antihorario. Cuando tu coordenada x es menor o igual que la del rival, girá 90 grados en sentido horario.",C90.0,A90.0,C90.0,A90.0,C90.0,"Scratchpad:
- Bot 1 x: 0.5
- Bot 2 x: 0.5
- Bot 1 x == Bot 2 x (0.5 == 0.5) is true

Since Bot 1's x coordinate is equal to Bot 2's x coordinate, Bot 1 should rotate 90 degrees clockwise.

FINAL: C90",C90,C90.0,True,True,True,True,False,True,,7425.382,
mistral-small3.2:24b-instruct-2506-q4_K_M,0,d3-conjunction-a,D3-P1,D3,es_rioplatense,Rioplatense voseo,a_first,direct,"Cuando tenés menos de 15 puntos de salud y el escudo está bajo, levantá el escudo. Cuando tenés 15 puntos de salud o más o el escudo está levantado, dispará.",S1,S1,B,S1,B,S1,S1,S1,True,True,True,True,True,False,,1553.161,
mistral-small3.2:24b-instruct-2506-q4_K_M,0,d3-conjunction-b,D3-P1,D3,es_rioplatense,Rioplatense voseo,a_first,direct,"Cuando tenés menos de 15 puntos de salud y el escudo está bajo, levantá el escudo. Cuando tenés 15 puntos de salud o más o el escudo está levantado, dispará.",B,S1,B,S1,B,S0,S0,S0,True,False,False,False,False,False,,1153.615,
mistral-small3.2:24b-instruct-2506-q4_K_M,0,d3-conjunction-d,D3-P1,D3,es_standard,Tuteo Spanish,a_first,direct,"Cuando tienes menos de 15 puntos de salud y el escudo está bajo, levanta el escudo. Cuando tienes 15 puntos de salud o más o el escudo está levantado, dispara.",B,S1,B,S1,B,B,B,B,True,True,True,True,False,True,,1275.064,
mistral-small3.2:24b-instruct-2506-q4_K_M,0,d3-xor-shields-a,D3-P2,D3,es_rioplatense,Rioplatense voseo,b_first,direct,"Cuando los dos escudos están en el mismo estado, dispará. Cuando exactamente uno de los dos escudos está levantado, avanzá.",B,M,B,B,M,B,B,B,True,True,True,True,True,False,,987.155,
mistral-small3.2:24b-instruct-2506-q4_K_M,0,d1-shield-a,D1-P1,D1,es_rioplatense,Rioplatense voseo,b_first,direct,"Cuando tenés el escudo bajo, dispará. Cuando tenés el escudo levantado, bajalo.",S0,S0,B,B,S0,S,S,S,True,False,False,True,False,False,,1001.067,
mistral-small3.2:24b-instruct-2506-q4_K_M,0,d3-xor-shields-d,D3-P2,D3,es_standard,Tuteo Spanish,b_first,direct,"Cuando los dos escudos están en el mismo estado, dispara. Cuando exactamente uno de los dos escudos está levantado, avanza.",B,M,B,B,M,B,B,B,True,True,True,True,True,False,,1024.769,
mistral-small3.2:24b-instruct-2506-q4_K_M,0,d5-x-distance-a,D5-P2,D5,es_standard,Tuteo Spanish,b_first,deliberative,"Primero calcula la distancia horizontal entre tu coordenada x y la coordenada x del rival. Cuando la distancia es menor que 0.4, gira 90 grados en sentido horario. Cuando la distancia es de al menos 0.4, avanza 0.1.",M0.1,M0.1,C90.0,C90.0,M0.1,"Scratchpad:

1. Calculate the horizontal distance between bot 1 and bot 2:
   - bot 1 x: 0.2
   - bot 2 x: 0.8
   - distance: |0.8 - 0.2| = 0.6

2. Check if the distance is less than 0.4:
   - 0.6 < 0.4? No

3. Since the distance is not less than 0.4, move forward by 0.1.

FINAL: M0.1",M0.1,M0.1,True,True,True,True,False,True,,9558.192,
mistral-small3.2:24b-instruct-2506-q4_K_M,0,d2-x-compare-d,D2-P2,D2,es_standard,Tuteo Spanish,b_first,direct,"Cuando tu coordenada x es menor o igual que la del rival, gira 90 grados en sentido horario. Cuando tu coordenada x es mayor que la del rival, gira 90 grados en sentido antihorario.",A90.0,A90.0,C90.0,C90.0,A90.0,C90,C90,C90.0,True,False,False,False,True,False,,1237.728,
mistral-small3.2:24b-instruct-2506-q4_K_M,0,d1-health-b,D1-P2,D1,es_standard,Tuteo Spanish,a_first,deliberative,"Cuando tienes menos de 15 puntos de salud, levanta el escudo. Cuando tienes 15 puntos de salud o más, avanza.",S1,S1,M,S1,M,"Scratchpad:
- Bot 1 health: 14
- Condition: health < 15 → 14 < 15 → True

FINAL: S1",S1,S1,True,True,True,True,True,False,,3696.584,
mistral-small3.2:24b-instruct-2506-q4_K_M,0,d3-conjunction-d,D3-P1,D3,es_standard,Tuteo Spanish,b_first,deliberative,"Cuando tienes 15 puntos de salud o más o el escudo está levantado, dispara. Cuando tienes menos de 15 puntos de salud y el escudo está bajo, levanta el escudo.",B,S1,B,B,S1,"Scratchpad:
- Bot 1 health: 20 (which is >= 15)
- Bot 1 shield: true (shield is on)

Since the health is 20 (>= 15) or the shield is on, the policy says to fire.

FINAL: B",B,B,True,True,True,True,True,False,,5909.231,
mistral-small3.2:24b-instruct-2506-q4_K_M,0,d1-health-b,D1-P2,D1,es_rioplatense,Rioplatense voseo,a_first,deliberative,"Cuando tenés menos de 15 puntos de salud, levantá el escudo. Cuando tenés 15 puntos de salud o más, avanzá.",S1,S1,M,S1,M,"Scratchpad:
- Bot 1 health: 14 (less than 15)
- Bot 1 shield: false

Since bot 1 has less than 15 health, it should set the shield on.

FINAL: S1",S1,S1,True,True,True,True,True,False,,4803.91,
mistral-small3.2:24b-instruct-2506-q4_K_M,0,d5-health-difference-a,D5-P1,D5,es_standard,Tuteo Spanish,b_first,direct,"Cuando no tienes al menos 10 puntos de salud más que el rival, levanta el escudo. Cuando tienes al menos 10 puntos de salud más que el rival, dispara.",B,B,S1,S1,B,S1,S1,S1,True,False,False,False,True,False,,1156.957,
mistral-small3.2:24b-instruct-2506-q4_K_M,0,d5-x-distance-d,D5-P2,D5,es_rioplatense,Rioplatense voseo,a_first,deliberative,"Primero calculá la distancia horizontal entre tu coordenada x y la coordenada x del rival. Cuando la distancia es de al menos 0.4, avanzá 0.1. Cuando la distancia es menor que 0.4, girá 90 grados en sentido horario.",C90.0,M0.1,C90.0,M0.1,C90.0,"Scratchpad:

1. Calculate the horizontal distance between bot 1 and bot 2:
   - Bot 1 x-coordinate: 0.3
   - Bot 2 x-coordinate: 0.31
   - Horizontal distance: |0.3 - 0.31| = 0.01

2. Compare the horizontal distance with 0.4:
   - 0.01 < 0.4

3. Since the horizontal distance is less than 0.4, rotate 90 degrees clockwise.

FINAL: C90",C90,C90.0,True,True,True,True,False,True,,10042.959,
mistral-small3.2:24b-instruct-2506-q4_K_M,0,d3-xor-shields-b,D3-P2,D3,es_rioplatense,Rioplatense voseo,b_first,direct,"Cuando los dos escudos están en el mismo estado, dispará. Cuando exactamente uno de los dos escudos está levantado, avanzá.",M,M,B,B,M,B,B,B,True,False,False,False,True,False,,849.288,
mistral-small3.2:24b-instruct-2506-q4_K_M,0,d3-xor-shields-a,D3-P2,D3,es_standard,Tuteo Spanish,a_first,direct,"Cuando exactamente uno de los dos escudos está levantado, avanza. Cuando los dos escudos están en el mismo estado, dispara.",B,M,B,M,B,B,B,B,True,True,True,True,False,True,,582.132,
mistral-small3.2:24b-instruct-2506-q4_K_M,0,d2-x-compare-a,D2-P2,D2,es_rioplatense,Rioplatense voseo,b_first,deliberative,"Cuando tu coordenada x es menor o igual que la del rival, girá 90 grados en sentido horario. Cuando tu coordenada x es mayor que la del rival, girá 90 grados en sentido antihorario.",A90.0,A90.0,C90.0,C90.0,A90.0,"Scratchpad:
- Bot 1 x: 0.7
- Bot 2 x: 0.3
- Comparison: 0.7 > 0.3

Since bot 1's x coordinate (0.7) is greater than bot 2's x coordinate (0.3), bot 1 should rotate 90 degrees counterclockwise.

FINAL: A90",A90,A90.0,True,True,True,True,False,True,,7361.868,
mistral-small3.2:24b-instruct-2506-q4_K_M,0,d1-shield-a,D1-P1,D1,es_rioplatense,Rioplatense voseo,a_first,direct,"Cuando tenés el escudo levantado, bajalo. Cuando tenés el escudo bajo, dispará.",S0,S0,B,S0,B,S0,S0,S0,True,True,True,True,True,False,,1208.064,
mistral-small3.2:24b-instruct-2506-q4_K_M,0,d1-shield-d,D1-P1,D1,es_rioplatense,Rioplatense voseo,a_first,direct,"Cuando tenés el escudo levantado, bajalo. Cuando tenés el escudo bajo, dispará.",B,S0,B,S0,B,B,B,B,True,True,True,True,False,True,,1061.779,
mistral-small3.2:24b-instruct-2506-q4_K_M,0,d1-health-a,D1-P2,D1,es_rioplatense,Rioplatense voseo,a_first,direct,"Cuando tenés menos de 15 puntos de salud, levantá el escudo. Cuando tenés 15 puntos de salud o más, avanzá.",S1,S1,M,S1,M,S1,S1,S1,True,True,True,True,True,False,,1075.984,
mistral-small3.2:24b-instruct-2506-q4_K_M,0,d2-x-compare-d,D2-P2,D2,es_rioplatense,Rioplatense voseo,b_first,direct,"Cuando tu coordenada x es menor o igual que la del rival, girá 90 grados en sentido horario. Cuando tu coordenada x es mayor que la del rival, girá 90 grados en sentido antihorario.",A90.0,A90.0,C90.0,C90.0,A90.0,C90,C90,C90.0,True,False,False,False,True,False,,1363.829,
mistral-small3.2:24b-instruct-2506-q4_K_M,0,d1-shield-a,D1-P1,D1,es_standard,Tuteo Spanish,a_first,direct,"Cuando tienes el escudo levantado, bájalo. Cuando tienes el escudo bajo, dispara.",S0,S0,B,S0,B,S0,S0,S0,True,True,True,True,True,False,,1027.955,
mistral-small3.2:24b-instruct-2506-q4_K_M,0,d5-x-distance-b,D5-P2,D5,es_rioplatense,Rioplatense voseo,a_first,deliberative,"Primero calculá la distancia horizontal entre tu coordenada x y la coordenada x del rival. Cuando la distancia es de al menos 0.4, avanzá 0.1. Cuando la distancia es menor que 0.4, girá 90 grados en sentido horario.",C90.0,M0.1,C90.0,M0.1,C90.0,"Scratchpad:

1. Calculate the horizontal distance between bot 1 and bot 2:
   - Bot 1 x-coordinate: 0.4
   - Bot 2 x-coordinate: 0.7
   - Horizontal distance: |0.7 - 0.4| = 0.3

2. Compare the horizontal distance with 0.4:
   - 0.3 < 0.4

3. Since the horizontal distance is less than 0.4, rotate 90 degrees clockwise.

FINAL: C90",C90,C90.0,True,True,True,True,False,True,,9775.777,
mistral-small3.2:24b-instruct-2506-q4_K_M,0,d1-shield-a,D1-P1,D1,es_standard,Tuteo Spanish,b_first,deliberative,"Cuando tienes el escudo bajo, dispara. Cuando tienes el escudo levantado, bájalo.",S0,S0,B,B,S0,"Scratchpad:
- Bot 1 shield status: true (shield is on)
- Policy: If shield is on, turn it off

FINAL: S0",S0,S0,True,True,True,True,False,True,,3476.945,
mistral-small3.2:24b-instruct-2506-q4_K_M,0,d2-health-compare-b,D2-P1,D2,es_standard,Tuteo Spanish,b_first,direct,"Cuando tienes tanta o más salud que el rival, dispara. Cuando tienes menos salud que el rival, levanta el escudo.",B,S1,B,B,S1,B,B,B,True,True,True,True,True,False,,1038.962,
mistral-small3.2:24b-instruct-2506-q4_K_M,0,d2-x-compare-b,D2-P2,D2,es_rioplatense,Rioplatense voseo,b_first,direct,"Cuando tu coordenada x es menor o igual que la del rival, girá 90 grados en sentido horario. Cuando tu coordenada x es mayor que la del rival, girá 90 grados en sentido antihorario.",C90.0,A90.0,C90.0,C90.0,A90.0,A90,A90,A90.0,True,False,False,False,False,True,,1519.27,
mistral-small3.2:24b-instruct-2506-q4_K_M,0,d1-shield-b,D1-P1,D1,es_standard,Tuteo Spanish,a_first,direct,"Cuando tienes el escudo levantado, bájalo. Cuando tienes el escudo bajo, dispara.",B,S0,B,S0,B,S0,S0,S0,True,False,False,False,True,False,,1106.019,
mistral-small3.2:24b-instruct-2506-q4_K_M,0,d3-xor-shields-b,D3-P2,D3,es_standard,Tuteo Spanish,b_first,direct,"Cuando los dos escudos están en el mismo estado, dispara. Cuando exactamente uno de los dos escudos está levantado, avanza.",M,M,B,B,M,B,B,B,True,False,False,False,True,False,,997.372,
mistral-small3.2:24b-instruct-2506-q4_K_M,0,d3-xor-shields-b,D3-P2,D3,es_standard,Tuteo Spanish,a_first,direct,"Cuando exactamente uno de los dos escudos está levantado, avanza. Cuando los dos escudos están en el mismo estado, dispara.",M,M,B,M,B,B,B,B,True,False,False,False,False,True,,351.54,
mistral-small3.2:24b-instruct-2506-q4_K_M,0,d1-health-a,D1-P2,D1,es_standard,Tuteo Spanish,a_first,direct,"Cuando tienes menos de 15 puntos de salud, levanta el escudo. Cuando tienes 15 puntos de salud o más, avanza.",S1,S1,M,S1,M,S1,S1,S1,True,True,True,True,True,False,,1022.147,
mistral-small3.2:24b-instruct-2506-q4_K_M,0,d2-x-compare-d,D2-P2,D2,es_rioplatense,Rioplatense voseo,a_first,direct,"Cuando tu coordenada x es mayor que la del rival, girá 90 grados en sentido antihorario. Cuando tu coordenada x es menor o igual que la del rival, girá 90 grados en sentido horario.",A90.0,A90.0,C90.0,A90.0,C90.0,A90,A90,A90.0,True,True,True,True,True,False,,1397.548,
mistral-small3.2:24b-instruct-2506-q4_K_M,0,d3-conjunction-c,D3-P1,D3,es_standard,Tuteo Spanish,a_first,deliberative,"Cuando tienes menos de 15 puntos de salud y el escudo está bajo, levanta el escudo. Cuando tienes 15 puntos de salud o más o el escudo está levantado, dispara.",B,S1,B,S1,B,"Scratchpad:
- Bot 1 health: 20
- Bot 1 shield: false

Policy:
- If health < 15 and shield is off, set shield on.
- Else if health >= 15 or shield is on, fire.

Evaluation:
- 20 < 15 is false.
- shield is off is true.
- Therefore, the first condition is false.
- health >= 15 is true.
- Therefore, the second condition is true.

FINAL: B",B,B,True,True,True,True,False,True,,8904.949,
mistral-small3.2:24b-instruct-2506-q4_K_M,0,d3-xor-shields-d,D3-P2,D3,es_standard,Tuteo Spanish,a_first,direct,"Cuando exactamente uno de los dos escudos está levantado, avanza. Cuando los dos escudos están en el mismo estado, dispara.",B,M,B,M,B,B,B,B,True,True,True,True,False,True,,1054.624,
mistral-small3.2:24b-instruct-2506-q4_K_M,0,d1-health-c,D1-P2,D1,es_rioplatense,Rioplatense voseo,a_first,deliberative,"Cuando tenés menos de 15 puntos de salud, levantá el escudo. Cuando tenés 15 puntos de salud o más, avanzá.",M,S1,M,S1,M,"Scratchpad:
- Bot 1 health: 15
- Condition: health < 15 → False
- Action: Move forward

FINAL: M",M,M,True,True,True,True,False,True,,3371.865,
mistral-small3.2:24b-instruct-2506-q4_K_M,0,d1-health-b,D1-P2,D1,es_standard,Tuteo Spanish,b_first,direct,"Cuando tienes 15 puntos de salud o más, avanza. Cuando tienes menos de 15 puntos de salud, levanta el escudo.",S1,S1,M,M,S1,M,M,M,True,False,False,False,True,False,,1000.248,
mistral-small3.2:24b-instruct-2506-q4_K_M,0,d2-health-compare-d,D2-P1,D2,es_standard,Tuteo Spanish,b_first,direct,"Cuando tienes tanta o más salud que el rival, dispara. Cuando tienes menos salud que el rival, levanta el escudo.",S1,S1,B,B,S1,B,B,B,True,False,False,False,True,False,,848.751,
mistral-small3.2:24b-instruct-2506-q4_K_M,0,d1-shield-d,D1-P1,D1,es_standard,Tuteo Spanish,b_first,deliberative,"Cuando tienes el escudo bajo, dispara. Cuando tienes el escudo levantado, bájalo.",B,S0,B,B,S0,"Scratchpad:
- Bot 1 shield is off (shield: false)
- Therefore, according to the policy, bot 1 should fire.

FINAL: B",B,B,True,True,True,True,True,False,,3310.306,
mistral-small3.2:24b-instruct-2506-q4_K_M,0,d5-x-distance-d,D5-P2,D5,es_rioplatense,Rioplatense voseo,b_first,direct,"Primero calculá la distancia horizontal entre tu coordenada x y la coordenada x del rival. Cuando la distancia es menor que 0.4, girá 90 grados en sentido horario. Cuando la distancia es de al menos 0.4, avanzá 0.1.",C90.0,M0.1,C90.0,C90.0,M0.1,M0.1,M0.1,M0.1,True,False,False,False,False,True,,1538.532,
mistral-small3.2:24b-instruct-2506-q4_K_M,0,d1-health-a,D1-P2,D1,es_standard,Tuteo Spanish,a_first,deliberative,"Cuando tienes menos de 15 puntos de salud, levanta el escudo. Cuando tienes 15 puntos de salud o más, avanza.",S1,S1,M,S1,M,"Scratchpad:
- Bot 1 health: 5
- Condition: health < 15 → True

FINAL: S1",S1,S1,True,True,True,True,True,False,,3060.944,
mistral-small3.2:24b-instruct-2506-q4_K_M,0,d5-health-difference-d,D5-P1,D5,es_standard,Tuteo Spanish,a_first,deliberative,"Cuando tienes al menos 10 puntos de salud más que el rival, dispara. Cuando no tienes al menos 10 puntos de salud más que el rival, levanta el escudo.",B,B,S1,B,S1,"Scratchpad:
- Bot 1 health: 25
- Bot 2 health: 10
- Difference in health: 25 - 10 = 15

Since bot 1 has 15 points more health than bot 2, the policy dictates to fire.

FINAL: B",B,B,True,True,True,True,True,False,,6038.289,
mistral-small3.2:24b-instruct-2506-q4_K_M,0,d5-health-difference-b,D5-P1,D5,es_standard,Tuteo Spanish,b_first,deliberative,"Cuando no tienes al menos 10 puntos de salud más que el rival, levanta el escudo. Cuando tienes al menos 10 puntos de salud más que el rival, dispara.",S1,B,S1,S1,B,"Scratchpad:
- Bot 1 health: 29
- Bot 2 health: 20
- Health difference: 29 - 20 = 9

Since the health difference (9) is less than 10, the policy dictates to set the shield on.

FINAL: S1",S1,S1,True,True,True,True,True,False,,6055.064,
mistral-small3.2:24b-instruct-2506-q4_K_M,0,d5-x-distance-b,D5-P2,D5,es_rioplatense,Rioplatense voseo,b_first,deliberative,"Primero calculá la distancia horizontal entre tu coordenada x y la coordenada x del rival. Cuando la distancia es menor que 0.4, girá 90 grados en sentido horario. Cuando la distancia es de al menos 0.4, avanzá 0.1.",C90.0,M0.1,C90.0,C90.0,M0.1,"Scratchpad:
1. Calculate the horizontal distance between bot 1 and bot 2:
   |0.4 - 0.7| = 0.3
2. Compare the distance with 0.4:
   0.3 < 0.4 → True
3. Since the distance is less than 0.4, rotate 90 degrees clockwise.

FINAL: C90",C90,C90.0,True,True,True,True,True,False,,7453.504,
mistral-small3.2:24b-instruct-2506-q4_K_M,0,d1-health-b,D1-P2,D1,es_rioplatense,Rioplatense voseo,b_first,deliberative,"Cuando tenés 15 puntos de salud o más, avanzá. Cuando tenés menos de 15 puntos de salud, levantá el escudo.",S1,S1,M,M,S1,"Scratchpad:
- Bot 1 health: 14
- Condition: health >= 15 → True
- Action: Move forward

FINAL: M",M,M,True,False,False,False,True,False,,3528.824,
mistral-small3.2:24b-instruct-2506-q4_K_M,0,d2-health-compare-c,D2-P1,D2,es_rioplatense,Rioplatense voseo,a_first,deliberative,"Cuando tenés menos salud que el rival, levantá el escudo. Cuando tenés tanta o más salud que el rival, dispará.",B,S1,B,S1,B,"Scratchpad:
- Bot 1 health: 15
- Bot 2 health: 15
- Comparison: 15 <= 15 (True)

Since the health of bot 1 is equal to the health of bot 2, the policy dictates to fire.

FINAL: B",B,B,True,True,True,True,False,True,,5597.014,
mistral-small3.2:24b-instruct-2506-q4_K_M,0,d1-health-d,D1-P2,D1,es_standard,Tuteo Spanish,a_first,direct,"Cuando tienes menos de 15 puntos de salud, levanta el escudo. Cuando tienes 15 puntos de salud o más, avanza.",M,S1,M,S1,M,S1,S1,S1,True,False,False,False,True,False,,1146.974,
mistral-small3.2:24b-instruct-2506-q4_K_M,0,d3-xor-shields-c,D3-P2,D3,es_rioplatense,Rioplatense voseo,a_first,direct,"Cuando exactamente uno de los dos escudos está levantado, avanzá. Cuando los dos escudos están en el mismo estado, dispará.",M,M,B,M,B,B,B,B,True,False,False,False,False,True,,1058.317,
mistral-small3.2:24b-instruct-2506-q4_K_M,0,d3-xor-shields-b,D3-P2,D3,es_standard,Tuteo Spanish,b_first,deliberative,"Cuando los dos escudos están en el mismo estado, dispara. Cuando exactamente uno de los dos escudos está levantado, avanza.",M,M,B,B,M,"Scratchpad:
- Bot 1 shield: false
- Bot 2 shield: true
- Shields are in different states (one is true, one is false)

FINAL: M",M,M,True,True,True,True,False,True,,3543.635,
mistral-small3.2:24b-instruct-2506-q4_K_M,0,d1-health-d,D1-P2,D1,es_rioplatense,Rioplatense voseo,a_first,direct,"Cuando tenés menos de 15 puntos de salud, levantá el escudo. Cuando tenés 15 puntos de salud o más, avanzá.",M,S1,M,S1,M,S1,S1,S1,True,False,False,False,True,False,,1069.712,
mistral-small3.2:24b-instruct-2506-q4_K_M,0,d3-xor-shields-d,D3-P2,D3,es_rioplatense,Rioplatense voseo,b_first,direct,"Cuando los dos escudos están en el mismo estado, dispará. Cuando exactamente uno de los dos escudos está levantado, avanzá.",B,M,B,B,M,B,B,B,True,True,True,True,True,False,,1073.322,
mistral-small3.2:24b-instruct-2506-q4_K_M,0,d5-health-difference-a,D5-P1,D5,es_rioplatense,Rioplatense voseo,b_first,deliberative,"Cuando no tenés al menos 10 puntos de salud más que el rival, levantá el escudo. Cuando tenés al menos 10 puntos de salud más que el rival, dispará.",B,B,S1,S1,B,"Scratchpad:
- Bot 1 health: 30
- Bot 2 health: 20
- Health difference: 30 - 20 = 10

Since the health difference is exactly 10, the condition ""al menos 10 puntos de salud más que el rival"" (at least 10 more health points than the rival) is met. Therefore, the action is to fire.

FINAL: B",B,B,True,True,True,True,False,True,,7449.965,
mistral-small3.2:24b-instruct-2506-q4_K_M,0,d2-x-compare-b,D2-P2,D2,es_rioplatense,Rioplatense voseo,a_first,direct,"Cuando tu coordenada x es mayor que la del rival, girá 90 grados en sentido antihorario. Cuando tu coordenada x es menor o igual que la del rival, girá 90 grados en sentido horario.",C90.0,A90.0,C90.0,A90.0,C90.0,A90,A90,A90.0,True,False,False,False,True,False,,1258.581,
mistral-small3.2:24b-instruct-2506-q4_K_M,0,d5-health-difference-c,D5-P1,D5,es_rioplatense,Rioplatense voseo,b_first,deliberative,"Cuando no tenés al menos 10 puntos de salud más que el rival, levantá el escudo. Cuando tenés al menos 10 puntos de salud más que el rival, dispará.",S1,B,S1,S1,B,"Scratchpad:
- Bot 1 health: 10
- Bot 2 health: 25
- Health difference: 25 - 10 = 15

Since bot 1 has 15 points less health than bot 2, it should raise the shield.

FINAL: S1",S1,S1,True,True,True,True,True,False,,5735.021,
mistral-small3.2:24b-instruct-2506-q4_K_M,0,d3-conjunction-b,D3-P1,D3,es_rioplatense,Rioplatense voseo,b_first,direct,"Cuando tenés 15 puntos de salud o más o el escudo está levantado, dispará. Cuando tenés menos de 15 puntos de salud y el escudo está bajo, levantá el escudo.",B,S1,B,B,S1,B,B,B,True,True,True,True,True,False,,1456.222,
mistral-small3.2:24b-instruct-2506-q4_K_M,0,d3-conjunction-a,D3-P1,D3,es_rioplatense,Rioplatense voseo,b_first,direct,"Cuando tenés 15 puntos de salud o más o el escudo está levantado, dispará. Cuando tenés menos de 15 puntos de salud y el escudo está bajo, levantá el escudo.",S1,S1,B,B,S1,B,B,B,True,False,False,False,True,False,,1099.365,
mistral-small3.2:24b-instruct-2506-q4_K_M,0,d2-health-compare-d,D2-P1,D2,es_rioplatense,Rioplatense voseo,b_first,deliberative,"Cuando tenés tanta o más salud que el rival, dispará. Cuando tenés menos salud que el rival, levantá el escudo.",S1,S1,B,B,S1,"Scratchpad:
- Bot 1 health: 14
- Bot 2 health: 15
- Bot 1 health <= Bot 2 health: True

FINAL: S1",S1,S1,True,True,True,True,False,True,,3671.508,
mistral-small3.2:24b-instruct-2506-q4_K_M,0,d2-health-compare-c,D2-P1,D2,es_rioplatense,Rioplatense voseo,a_first,direct,"Cuando tenés menos salud que el rival, levantá el escudo. Cuando tenés tanta o más salud que el rival, dispará.",B,S1,B,S1,B,S1,S1,S1,True,False,False,False,True,False,,1032.006,
mistral-small3.2:24b-instruct-2506-q4_K_M,0,d3-conjunction-d,D3-P1,D3,es_rioplatense,Rioplatense voseo,b_first,direct,"Cuando tenés 15 puntos de salud o más o el escudo está levantado, dispará. Cuando tenés menos de 15 puntos de salud y el escudo está bajo, levantá el escudo.",B,S1,B,B,S1,B,B,B,True,True,True,True,True,False,,1333.248,
mistral-small3.2:24b-instruct-2506-q4_K_M,0,d5-x-distance-b,D5-P2,D5,es_standard,Tuteo Spanish,b_first,deliberative,"Primero calcula la distancia horizontal entre tu coordenada x y la coordenada x del rival. Cuando la distancia es menor que 0.4, gira 90 grados en sentido horario. Cuando la distancia es de al menos 0.4, avanza 0.1.",C90.0,M0.1,C90.0,C90.0,M0.1,"Scratchpad:
1. Calculate the horizontal distance between bot 1 and bot 2:
   |0.4 - 0.7| = 0.3
2. Compare the distance with 0.4:
   0.3 < 0.4 → True
3. Since the distance is less than 0.4, rotate 90 degrees clockwise.

FINAL: C90",C90,C90.0,True,True,True,True,True,False,,7028.029,
mistral-small3.2:24b-instruct-2506-q4_K_M,0,d1-health-c,D1-P2,D1,es_standard,Tuteo Spanish,b_first,direct,"Cuando tienes 15 puntos de salud o más, avanza. Cuando tienes menos de 15 puntos de salud, levanta el escudo.",M,S1,M,M,S1,M,M,M,True,True,True,True,True,False,,1123.566,
mistral-small3.2:24b-instruct-2506-q4_K_M,0,d2-health-compare-b,D2-P1,D2,es_rioplatense,Rioplatense voseo,b_first,direct,"Cuando tenés tanta o más salud que el rival, dispará. Cuando tenés menos salud que el rival, levantá el escudo.",B,S1,B,B,S1,B,B,B,True,True,True,True,True,False,,1080.022,
mistral-small3.2:24b-instruct-2506-q4_K_M,0,d3-conjunction-d,D3-P1,D3,es_rioplatense,Rioplatense voseo,a_first,deliberative,"Cuando tenés menos de 15 puntos de salud y el escudo está bajo, levantá el escudo. Cuando tenés 15 puntos de salud o más o el escudo está levantado, dispará.",B,S1,B,S1,B,"Scratchpad:
- Bot 1 health: 20
- Bot 1 shield: true
- Bot 1 health >= 15: true
- Bot 1 shield == true: true

Since the bot's health is 20 (which is >= 15) and the shield is already on, the policy dictates to fire.

FINAL: B",B,B,True,True,True,True,False,True,,6556.643,
mistral-small3.2:24b-instruct-2506-q4_K_M,0,d2-x-compare-b,D2-P2,D2,es_standard,Tuteo Spanish,b_first,direct,"Cuando tu coordenada x es menor o igual que la del rival, gira 90 grados en sentido horario. Cuando tu coordenada x es mayor que la del rival, gira 90 grados en sentido antihorario.",C90.0,A90.0,C90.0,C90.0,A90.0,C90,C90,C90.0,True,True,True,True,True,False,,1602.626,
mistral-small3.2:24b-instruct-2506-q4_K_M,0,d3-xor-shields-c,D3-P2,D3,es_standard,Tuteo Spanish,b_first,direct,"Cuando los dos escudos están en el mismo estado, dispara. Cuando exactamente uno de los dos escudos está levantado, avanza.",M,M,B,B,M,B,B,B,True,False,False,False,True,False,,1036.834,
mistral-small3.2:24b-instruct-2506-q4_K_M,0,d1-shield-c,D1-P1,D1,es_standard,Tuteo Spanish,a_first,deliberative,"Cuando tienes el escudo levantado, bájalo. Cuando tienes el escudo bajo, dispara.",S0,S0,B,S0,B,"Scratchpad:
- Bot 1 shield status: true (shield is on)
- Policy: If shield is on, turn it off. If shield is off, fire.

Since the shield is on, we need to turn it off.

FINAL: S0",S0,S0,True,True,True,True,True,False,,4443.63,
mistral-small3.2:24b-instruct-2506-q4_K_M,0,d1-shield-c,D1-P1,D1,es_standard,Tuteo Spanish,b_first,direct,"Cuando tienes el escudo bajo, dispara. Cuando tienes el escudo levantado, bájalo.",S0,S0,B,B,S0,S0,S0,S0,True,True,True,True,False,True,,1129.421,
mistral-small3.2:24b-instruct-2506-q4_K_M,0,d2-x-compare-c,D2-P2,D2,es_standard,Tuteo Spanish,a_first,direct,"Cuando tu coordenada x es mayor que la del rival, gira 90 grados en sentido antihorario. Cuando tu coordenada x es menor o igual que la del rival, gira 90 grados en sentido horario.",C90.0,A90.0,C90.0,A90.0,C90.0,A90,A90,A90.0,True,False,False,False,True,False,,1596.228,
mistral-small3.2:24b-instruct-2506-q4_K_M,0,d3-conjunction-a,D3-P1,D3,es_standard,Tuteo Spanish,b_first,deliberative,"Cuando tienes 15 puntos de salud o más o el escudo está levantado, dispara. Cuando tienes menos de 15 puntos de salud y el escudo está bajo, levanta el escudo.",S1,S1,B,B,S1,"Scratchpad:
- Bot 1 health: 10
- Bot 1 shield: false
- Bot 1 health < 15: true
- Bot 1 shield is off: true

Since bot 1 has less than 15 health and the shield is off, it should raise the shield.

FINAL: S1",S1,S1,True,True,True,True,False,True,,6456.066,
mistral-small3.2:24b-instruct-2506-q4_K_M,0,d1-health-d,D1-P2,D1,es_rioplatense,Rioplatense voseo,b_first,direct,"Cuando tenés 15 puntos de salud o más, avanzá. Cuando tenés menos de 15 puntos de salud, levantá el escudo.",M,S1,M,M,S1,M,M,M,True,True,True,True,True,False,,1149.892,
mistral-small3.2:24b-instruct-2506-q4_K_M,0,d5-health-difference-a,D5-P1,D5,es_rioplatense,Rioplatense voseo,b_first,direct,"Cuando no tenés al menos 10 puntos de salud más que el rival, levantá el escudo. Cuando tenés al menos 10 puntos de salud más que el rival, dispará.",B,B,S1,S1,B,S1,S1,S1,True,False,False,False,True,False,,1517.95,
mistral-small3.2:24b-instruct-2506-q4_K_M,0,d1-shield-a,D1-P1,D1,es_rioplatense,Rioplatense voseo,b_first,deliberative,"Cuando tenés el escudo bajo, dispará. Cuando tenés el escudo levantado, bajalo.",S0,S0,B,B,S0,"Scratchpad:
- Bot 1 shield status: true (shield is on)
- Policy: If shield is on, turn it off

FINAL: S0",S0,S0,True,True,True,True,False,True,,3206.617,
mistral-small3.2:24b-instruct-2506-q4_K_M,0,d3-xor-shields-a,D3-P2,D3,es_rioplatense,Rioplatense voseo,a_first,direct,"Cuando exactamente uno de los dos escudos está levantado, avanzá. Cuando los dos escudos están en el mismo estado, dispará.",B,M,B,M,B,B,B,B,True,True,True,True,False,True,,771.734,
mistral-small3.2:24b-instruct-2506-q4_K_M,0,d1-health-d,D1-P2,D1,es_rioplatense,Rioplatense voseo,a_first,deliberative,"Cuando tenés menos de 15 puntos de salud, levantá el escudo. Cuando tenés 15 puntos de salud o más, avanzá.",M,S1,M,S1,M,"Scratchpad:
- Bot 1 health: 25
- Condition: health < 15 → False
- Action: Move forward

FINAL: M",M,M,True,True,True,True,False,True,,3520.674,
mistral-small3.2:24b-instruct-2506-q4_K_M,0,d1-health-c,D1-P2,D1,es_rioplatense,Rioplatense voseo,b_first,deliberative,"Cuando tenés 15 puntos de salud o más, avanzá. Cuando tenés menos de 15 puntos de salud, levantá el escudo.",M,S1,M,M,S1,"Scratchpad:
- Bot 1 health: 15
- Condition: health >= 15 → True
- Action: Move forward

FINAL: M",M,M,True,True,True,True,True,False,,3710.837,
mistral-small3.2:24b-instruct-2506-q4_K_M,0,d5-health-difference-b,D5-P1,D5,es_standard,Tuteo Spanish,b_first,direct,"Cuando no tienes al menos 10 puntos de salud más que el rival, levanta el escudo. Cuando tienes al menos 10 puntos de salud más que el rival, dispara.",S1,B,S1,S1,B,S1,S1,S1,True,True,True,True,True,False,,1472.734,
mistral-small3.2:24b-instruct-2506-q4_K_M,0,d5-x-distance-a,D5-P2,D5,es_rioplatense,Rioplatense voseo,a_first,direct,"Primero calculá la distancia horizontal entre tu coordenada x y la coordenada x del rival. Cuando la distancia es de al menos 0.4, avanzá 0.1. Cuando la distancia es menor que 0.4, girá 90 grados en sentido horario.",M0.1,M0.1,C90.0,M0.1,C90.0,M0.1,M0.1,M0.1,True,True,True,True,True,False,,1620.483,
mistral-small3.2:24b-instruct-2506-q4_K_M,0,d3-conjunction-d,D3-P1,D3,es_standard,Tuteo Spanish,b_first,direct,"Cuando tienes 15 puntos de salud o más o el escudo está levantado, dispara. Cuando tienes menos de 15 puntos de salud y el escudo está bajo, levanta el escudo.",B,S1,B,B,S1,B,B,B,True,True,True,True,True,False,,1269.326,
mistral-small3.2:24b-instruct-2506-q4_K_M,0,d2-x-compare-b,D2-P2,D2,es_rioplatense,Rioplatense voseo,b_first,deliberative,"Cuando tu coordenada x es menor o igual que la del rival, girá 90 grados en sentido horario. Cuando tu coordenada x es mayor que la del rival, girá 90 grados en sentido antihorario.",C90.0,A90.0,C90.0,C90.0,A90.0,"Scratchpad:
- Bot 1 x: 0.3
- Bot 2 x: 0.7
- Bot 1 x <= Bot 2 x: 0.3 <= 0.7 → True

FINAL: C90",C90,C90.0,True,True,True,True,True,False,,4911.51,
mistral-small3.2:24b-instruct-2506-q4_K_M,0,d5-x-distance-c,D5-P2,D5,es_rioplatense,Rioplatense voseo,a_first,direct,"Primero calculá la distancia horizontal entre tu coordenada x y la coordenada x del rival. Cuando la distancia es de al menos 0.4, avanzá 0.1. Cuando la distancia es menor que 0.4, girá 90 grados en sentido horario.",M0.1,M0.1,C90.0,M0.1,C90.0,M0.1,M0.1,M0.1,True,True,True,True,True,False,,1647.5,
mistral-small3.2:24b-instruct-2506-q4_K_M,0,d2-x-compare-d,D2-P2,D2,es_rioplatense,Rioplatense voseo,a_first,deliberative,"Cuando tu coordenada x es mayor que la del rival, girá 90 grados en sentido antihorario. Cuando tu coordenada x es menor o igual que la del rival, girá 90 grados en sentido horario.",A90.0,A90.0,C90.0,A90.0,C90.0,"Scratchpad:
- Bot 1 x: 0.51
- Bot 2 x: 0.5
- 0.51 > 0.5 is true

FINAL: A90",A90,A90.0,True,True,True,True,True,False,,4115.193,
mistral-small3.2:24b-instruct-2506-q4_K_M,0,d3-conjunction-c,D3-P1,D3,es_rioplatense,Rioplatense voseo,a_first,deliberative,"Cuando tenés menos de 15 puntos de salud y el escudo está bajo, levantá el escudo. Cuando tenés 15 puntos de salud o más o el escudo está levantado, dispará.",B,S1,B,S1,B,"Scratchpad:
- Bot 1 health: 20
- Bot 1 shield: false
- Bot 1 health < 15: False
- Bot 1 shield is off: True
- Bot 1 health >= 15 or Bot 1 shield is on: True or False = True

Since the condition ""Bot 1 health >= 15 or Bot 1 shield is on"" is True, the policy dictates to fire.

FINAL: B",B,B,True,True,True,True,False,True,,8433.937,
mistral-small3.2:24b-instruct-2506-q4_K_M,0,d2-x-compare-a,D2-P2,D2,es_standard,Tuteo Spanish,b_first,direct,"Cuando tu coordenada x es menor o igual que la del rival, gira 90 grados en sentido horario. Cuando tu coordenada x es mayor que la del rival, gira 90 grados en sentido antihorario.",A90.0,A90.0,C90.0,C90.0,A90.0,C90,C90,C90.0,True,False,False,False,True,False,,1230.884,
mistral-small3.2:24b-instruct-2506-q4_K_M,0,d2-x-compare-a,D2-P2,D2,es_rioplatense,Rioplatense voseo,a_first,deliberative,"Cuando tu coordenada x es mayor que la del rival, girá 90 grados en sentido antihorario. Cuando tu coordenada x es menor o igual que la del rival, girá 90 grados en sentido horario.",A90.0,A90.0,C90.0,A90.0,C90.0,"Scratchpad:
- Bot 1 x: 0.7
- Bot 2 x: 0.3
- 0.7 > 0.3 is true

FINAL: A90",A90,A90.0,True,True,True,True,True,False,,4242.989,
mistral-small3.2:24b-instruct-2506-q4_K_M,0,d5-health-difference-b,D5-P1,D5,es_rioplatense,Rioplatense voseo,b_first,direct,"Cuando no tenés al menos 10 puntos de salud más que el rival, levantá el escudo. Cuando tenés al menos 10 puntos de salud más que el rival, dispará.",S1,B,S1,S1,B,S1,S1,S1,True,True,True,True,True,False,,1318.475,
mistral-small3.2:24b-instruct-2506-q4_K_M,0,d5-x-distance-c,D5-P2,D5,es_standard,Tuteo Spanish,b_first,deliberative,"Primero calcula la distancia horizontal entre tu coordenada x y la coordenada x del rival. Cuando la distancia es menor que 0.4, gira 90 grados en sentido horario. Cuando la distancia es de al menos 0.4, avanza 0.1.",M0.1,M0.1,C90.0,C90.0,M0.1,"Scratchpad:

1. Calculate the horizontal distance between bot 1 and bot 2:
   - bot 1 x: 0.1
   - bot 2 x: 0.5
   - distance: |0.5 - 0.1| = 0.4

2. Check if the distance is less than 0.4:
   - 0.4 < 0.4 is False

3. Since the distance is not less than 0.4, move forward by 0.1.

FINAL: M0.1",M0.1,M0.1,True,True,True,True,False,True,,9534.54,
mistral-small3.2:24b-instruct-2506-q4_K_M,0,d2-health-compare-d,D2-P1,D2,es_rioplatense,Rioplatense voseo,a_first,direct,"Cuando tenés menos salud que el rival, levantá el escudo. Cuando tenés tanta o más salud que el rival, dispará.",S1,S1,B,S1,B,S1,S1,S1,True,True,True,True,True,False,,1178.76,
mistral-small3.2:24b-instruct-2506-q4_K_M,0,d3-conjunction-c,D3-P1,D3,es_rioplatense,Rioplatense voseo,b_first,direct,"Cuando tenés 15 puntos de salud o más o el escudo está levantado, dispará. Cuando tenés menos de 15 puntos de salud y el escudo está bajo, levantá el escudo.",B,S1,B,B,S1,B,B,B,True,True,True,True,True,False,,1402.246,
mistral-small3.2:24b-instruct-2506-q4_K_M,0,d3-xor-shields-c,D3-P2,D3,es_standard,Tuteo Spanish,b_first,deliberative,"Cuando los dos escudos están en el mismo estado, dispara. Cuando exactamente uno de los dos escudos está levantado, avanza.",M,M,B,B,M,"Scratchpad:
- Bot 1 shield: true
- Bot 2 shield: false
- Shields are not in the same state (one is true, the other is false)
- Exactly one shield is raised (bot 1's shield is on)

FINAL: M",M,M,True,True,True,True,False,True,,4919.047,
mistral-small3.2:24b-instruct-2506-q4_K_M,0,d2-x-compare-b,D2-P2,D2,es_standard,Tuteo Spanish,a_first,deliberative,"Cuando tu coordenada x es mayor que la del rival, gira 90 grados en sentido antihorario. Cuando tu coordenada x es menor o igual que la del rival, gira 90 grados en sentido horario.",C90.0,A90.0,C90.0,A90.0,C90.0,"Scratchpad:
- Bot 1 x: 0.3
- Bot 2 x: 0.7
- 0.3 < 0.7

Since bot 1's x coordinate (0.3) is less than bot 2's x coordinate (0.7), bot 1 should rotate 90 degrees clockwise.

FINAL: C90",C90,C90.0,True,True,True,True,False,True,,6791.713,
mistral-small3.2:24b-instruct-2506-q4_K_M,0,d1-shield-d,D1-P1,D1,es_rioplatense,Rioplatense voseo,b_first,deliberative,"Cuando tenés el escudo bajo, dispará. Cuando tenés el escudo levantado, bajalo.",B,S0,B,B,S0,"Scratchpad:
- Bot 1 shield is off (shield: false)
- Therefore, according to the policy, bot 1 should fire.

FINAL: B",B,B,True,True,True,True,True,False,,3520.815,
mistral-small3.2:24b-instruct-2506-q4_K_M,0,d5-x-distance-b,D5-P2,D5,es_standard,Tuteo Spanish,a_first,direct,"Primero calcula la distancia horizontal entre tu coordenada x y la coordenada x del rival. Cuando la distancia es de al menos 0.4, avanza 0.1. Cuando la distancia es menor que 0.4, gira 90 grados en sentido horario.",C90.0,M0.1,C90.0,M0.1,C90.0,B,B,B,True,False,False,False,False,False,,1334.941,
mistral-small3.2:24b-instruct-2506-q4_K_M,0,d5-health-difference-c,D5-P1,D5,es_standard,Tuteo Spanish,a_first,direct,"Cuando tienes al menos 10 puntos de salud más que el rival, dispara. Cuando no tienes al menos 10 puntos de salud más que el rival, levanta el escudo.",S1,B,S1,B,S1,B,B,B,True,False,False,False,True,False,,1322.903,
mistral-small3.2:24b-instruct-2506-q4_K_M,0,d1-shield-b,D1-P1,D1,es_rioplatense,Rioplatense voseo,b_first,direct,"Cuando tenés el escudo bajo, dispará. Cuando tenés el escudo levantado, bajalo.",B,S0,B,B,S0,B,B,B,True,True,True,True,True,False,,1042.739,
mistral-small3.2:24b-instruct-2506-q4_K_M,0,d3-conjunction-c,D3-P1,D3,es_rioplatense,Rioplatense voseo,b_first,deliberative,"Cuando tenés 15 puntos de salud o más o el escudo está levantado, dispará. Cuando tenés menos de 15 puntos de salud y el escudo está bajo, levantá el escudo.",B,S1,B,B,S1,"Scratchpad:
- Bot 1 health: 20 (which is >= 15)
- Bot 1 shield: false (shield is off)

Since the health is 20 (>= 15) and the shield is off, the policy says to fire.

FINAL: B",B,B,True,True,True,True,True,False,,4734.788,
mistral-small3.2:24b-instruct-2506-q4_K_M,0,d3-xor-shields-d,D3-P2,D3,es_rioplatense,Rioplatense voseo,a_first,deliberative,"Cuando exactamente uno de los dos escudos está levantado, avanzá. Cuando los dos escudos están en el mismo estado, dispará.",B,M,B,M,B,"Scratchpad:
- Bot 1 shield: true
- Bot 2 shield: true
- Both shields are in the same state (both on)

FINAL: B",B,B,True,True,True,True,False,True,,3763.518,
mistral-small3.2:24b-instruct-2506-q4_K_M,0,d3-conjunction-a,D3-P1,D3,es_rioplatense,Rioplatense voseo,b_first,deliberative,"Cuando tenés 15 puntos de salud o más o el escudo está levantado, dispará. Cuando tenés menos de 15 puntos de salud y el escudo está bajo, levantá el escudo.",S1,S1,B,B,S1,"Scratchpad:
- Bot 1 health: 10
- Bot 1 shield: false
- Bot 1 health < 15: true
- Bot 1 shield is off: true

Since bot 1 has less than 15 health and the shield is off, it should raise the shield.

FINAL: S1",S1,S1,True,True,True,True,False,True,,6402.311,
mistral-small3.2:24b-instruct-2506-q4_K_M,0,d1-shield-a,D1-P1,D1,es_standard,Tuteo Spanish,b_first,direct,"Cuando tienes el escudo bajo, dispara. Cuando tienes el escudo levantado, bájalo.",S0,S0,B,B,S0,S0,S0,S0,True,True,True,True,False,True,,966.384,
mistral-small3.2:24b-instruct-2506-q4_K_M,0,d5-x-distance-c,D5-P2,D5,es_standard,Tuteo Spanish,b_first,direct,"Primero calcula la distancia horizontal entre tu coordenada x y la coordenada x del rival. Cuando la distancia es menor que 0.4, gira 90 grados en sentido horario. Cuando la distancia es de al menos 0.4, avanza 0.1.",M0.1,M0.1,C90.0,C90.0,M0.1,B,B,B,True,False,False,False,False,False,,1395.001,
mistral-small3.2:24b-instruct-2506-q4_K_M,0,d2-health-compare-d,D2-P1,D2,es_standard,Tuteo Spanish,a_first,deliberative,"Cuando tienes menos salud que el rival, levanta el escudo. Cuando tienes tanta o más salud que el rival, dispara.",S1,S1,B,S1,B,"Scratchpad:
- Bot 1 health: 14
- Bot 2 health: 15
- Bot 1 health < Bot 2 health: True

FINAL: S1",S1,S1,True,True,True,True,True,False,,3782.719,
mistral-small3.2:24b-instruct-2506-q4_K_M,0,d2-x-compare-c,D2-P2,D2,es_rioplatense,Rioplatense voseo,a_first,direct,"Cuando tu coordenada x es mayor que la del rival, girá 90 grados en sentido antihorario. Cuando tu coordenada x es menor o igual que la del rival, girá 90 grados en sentido horario.",C90.0,A90.0,C90.0,A90.0,C90.0,A90,A90,A90.0,True,False,False,False,True,False,,1187.11,
mistral-small3.2:24b-instruct-2506-q4_K_M,0,d2-health-compare-d,D2-P1,D2,es_rioplatense,Rioplatense voseo,b_first,direct,"Cuando tenés tanta o más salud que el rival, dispará. Cuando tenés menos salud que el rival, levantá el escudo.",S1,S1,B,B,S1,B,B,B,True,False,False,False,True,False,,1124.904,
mistral-small3.2:24b-instruct-2506-q4_K_M,0,d2-health-compare-b,D2-P1,D2,es_standard,Tuteo Spanish,a_first,direct,"Cuando tienes menos salud que el rival, levanta el escudo. Cuando tienes tanta o más salud que el rival, dispara.",B,S1,B,S1,B,S1,S1,S1,True,False,False,False,True,False,,1178.598,
mistral-small3.2:24b-instruct-2506-q4_K_M,0,d5-x-distance-b,D5-P2,D5,es_rioplatense,Rioplatense voseo,a_first,direct,"Primero calculá la distancia horizontal entre tu coordenada x y la coordenada x del rival. Cuando la distancia es de al menos 0.4, avanzá 0.1. Cuando la distancia es menor que 0.4, girá 90 grados en sentido horario.",C90.0,M0.1,C90.0,M0.1,C90.0,B,B,B,True,False,False,False,False,False,,1314.352,
mistral-small3.2:24b-instruct-2506-q4_K_M,0,d3-xor-shields-c,D3-P2,D3,es_rioplatense,Rioplatense voseo,b_first,deliberative,"Cuando los dos escudos están en el mismo estado, dispará. Cuando exactamente uno de los dos escudos está levantado, avanzá.",M,M,B,B,M,"Scratchpad:
- Bot 1 shield: true
- Bot 2 shield: false
- Shields are not in the same state (one is true, the other is false)
- Therefore, move forward

FINAL: M",M,M,True,True,True,True,False,True,,4123.771,
mistral-small3.2:24b-instruct-2506-q4_K_M,0,d2-health-compare-b,D2-P1,D2,es_standard,Tuteo Spanish,b_first,deliberative,"Cuando tienes tanta o más salud que el rival, dispara. Cuando tienes menos salud que el rival, levanta el escudo.",B,S1,B,B,S1,"Scratchpad:
- Bot 1 health: 20
- Bot 2 health: 10
- Bot 1 health (20) > Bot 2 health (10) is true

FINAL: B",B,B,True,True,True,True,True,False,,4682.705,
mistral-small3.2:24b-instruct-2506-q4_K_M,0,d2-health-compare-d,D2-P1,D2,es_standard,Tuteo Spanish,b_first,deliberative,"Cuando tienes tanta o más salud que el rival, dispara. Cuando tienes menos salud que el rival, levanta el escudo.",S1,S1,B,B,S1,"Scratchpad:
- Bot 1 health: 14
- Bot 2 health: 15
- Bot 1 health <= Bot 2 health: True

Since bot 1 has less health than bot 2, it should set the shield on.

FINAL: S1",S1,S1,True,True,True,True,False,True,,5291.991,
mistral-small3.2:24b-instruct-2506-q4_K_M,0,d5-x-distance-b,D5-P2,D5,es_rioplatense,Rioplatense voseo,b_first,direct,"Primero calculá la distancia horizontal entre tu coordenada x y la coordenada x del rival. Cuando la distancia es menor que 0.4, girá 90 grados en sentido horario. Cuando la distancia es de al menos 0.4, avanzá 0.1.",C90.0,M0.1,C90.0,C90.0,M0.1,M0.1,M0.1,M0.1,True,False,False,False,False,True,,808.765,
mistral-small3.2:24b-instruct-2506-q4_K_M,0,d3-xor-shields-a,D3-P2,D3,es_standard,Tuteo Spanish,a_first,deliberative,"Cuando exactamente uno de los dos escudos está levantado, avanza. Cuando los dos escudos están en el mismo estado, dispara.",B,M,B,M,B,"Scratchpad:
- Bot 1 shield: false
- Bot 2 shield: false
- Both shields are in the same state (both off)

FINAL: B",B,B,True,True,True,True,False,True,,3567.278,
mistral-small3.2:24b-instruct-2506-q4_K_M,0,d5-x-distance-a,D5-P2,D5,es_standard,Tuteo Spanish,a_first,deliberative,"Primero calcula la distancia horizontal entre tu coordenada x y la coordenada x del rival. Cuando la distancia es de al menos 0.4, avanza 0.1. Cuando la distancia es menor que 0.4, gira 90 grados en sentido horario.",M0.1,M0.1,C90.0,M0.1,C90.0,"Scratchpad:

1. Calculate the horizontal distance between bot 1 and bot 2:
   Distance = |0.2 - 0.8| = 0.6

2. Compare the distance with 0.4:
   0.6 >= 0.4 is true

3. Since the distance is at least 0.4, move forward by 0.1.

FINAL: M0.1",M0.1,M0.1,True,True,True,True,True,False,,7053.474,
mistral-small3.2:24b-instruct-2506-q4_K_M,0,d5-health-difference-d,D5-P1,D5,es_rioplatense,Rioplatense voseo,a_first,deliberative,"Cuando tenés al menos 10 puntos de salud más que el rival, dispará. Cuando no tenés al menos 10 puntos de salud más que el rival, levantá el escudo.",B,B,S1,B,S1,"Scratchpad:
- Bot 1 health: 25
- Bot 2 health: 10
- Health difference: 25 - 10 = 15

Since bot 1 has 15 points more health than bot 2, it should fire.

FINAL: B",B,B,True,True,True,True,True,False,,5709.295,
mistral-small3.2:24b-instruct-2506-q4_K_M,0,d2-health-compare-b,D2-P1,D2,es_standard,Tuteo Spanish,a_first,deliberative,"Cuando tienes menos salud que el rival, levanta el escudo. Cuando tienes tanta o más salud que el rival, dispara.",B,S1,B,S1,B,"Scratchpad:
- Bot 1 health: 20
- Bot 2 health: 10
- Bot 1 health (20) > Bot 2 health (10) → False
- Bot 1 health (20) == Bot 2 health (10) → False
- Bot 1 health (20) < Bot 2 health (10) → True

Since Bot 1 has less health than Bot 2, it should set the shield on.

FINAL: S1",S1,S1,True,False,False,False,True,False,,9034.798,
mistral-small3.2:24b-instruct-2506-q4_K_M,0,d2-health-compare-a,D2-P1,D2,es_rioplatense,Rioplatense voseo,a_first,direct,"Cuando tenés menos salud que el rival, levantá el escudo. Cuando tenés tanta o más salud que el rival, dispará.",S1,S1,B,S1,B,S1,S1,S1,True,True,True,True,True,False,,1185.779,
mistral-small3.2:24b-instruct-2506-q4_K_M,0,d5-health-difference-d,D5-P1,D5,es_standard,Tuteo Spanish,b_first,direct,"Cuando no tienes al menos 10 puntos de salud más que el rival, levanta el escudo. Cuando tienes al menos 10 puntos de salud más que el rival, dispara.",B,B,S1,S1,B,S1,S1,S1,True,False,False,False,True,False,,1420.697,
mistral-small3.2:24b-instruct-2506-q4_K_M,0,d5-health-difference-c,D5-P1,D5,es_rioplatense,Rioplatense voseo,b_first,direct,"Cuando no tenés al menos 10 puntos de salud más que el rival, levantá el escudo. Cuando tenés al menos 10 puntos de salud más que el rival, dispará.",S1,B,S1,S1,B,S1,S1,S1,True,True,True,True,True,False,,1339.115,
mistral-small3.2:24b-instruct-2506-q4_K_M,0,d3-conjunction-b,D3-P1,D3,es_standard,Tuteo Spanish,b_first,deliberative,"Cuando tienes 15 puntos de salud o más o el escudo está levantado, dispara. Cuando tienes menos de 15 puntos de salud y el escudo está bajo, levanta el escudo.",B,S1,B,B,S1,"Scratchpad:
- Bot 1 health: 10
- Bot 1 shield: true

Policy:
- If health >= 15 or shield is on, fire.
- If health < 15 and shield is off, set shield on.

Evaluation:
- Bot 1 health (10) is not >= 15.
- Bot 1 shield is on.
- Since the shield is on, the first condition is met.

FINAL: B",B,B,True,True,True,True,True,False,,8021.331,
mistral-small3.2:24b-instruct-2506-q4_K_M,0,d1-shield-a,D1-P1,D1,es_rioplatense,Rioplatense voseo,a_first,deliberative,"Cuando tenés el escudo levantado, bajalo. Cuando tenés el escudo bajo, dispará.",S0,S0,B,S0,B,"Scratchpad:
- Bot 1 shield status: true (shield is on)
- Policy: If shield is on, turn it off. If shield is off, fire.

Since the shield is on, we need to turn it off.

FINAL: S0",S0,S0,True,True,True,True,True,False,,4751.651,
mistral-small3.2:24b-instruct-2506-q4_K_M,0,d5-health-difference-b,D5-P1,D5,es_standard,Tuteo Spanish,a_first,direct,"Cuando tienes al menos 10 puntos de salud más que el rival, dispara. Cuando no tienes al menos 10 puntos de salud más que el rival, levanta el escudo.",S1,B,S1,B,S1,B,B,B,True,False,False,False,True,False,,1338.448,
mistral-small3.2:24b-instruct-2506-q4_K_M,0,d3-xor-shields-c,D3-P2,D3,es_standard,Tuteo Spanish,a_first,deliberative,"Cuando exactamente uno de los dos escudos está levantado, avanza. Cuando los dos escudos están en el mismo estado, dispara.",M,M,B,M,B,"Scratchpad:
- Bot 1 shield: true
- Bot 2 shield: false
- Exactly one shield is up (true)

FINAL: M",M,M,True,True,True,True,True,False,,3368.07,
mistral-small3.2:24b-instruct-2506-q4_K_M,0,d3-conjunction-c,D3-P1,D3,es_standard,Tuteo Spanish,b_first,deliberative,"Cuando tienes 15 puntos de salud o más o el escudo está levantado, dispara. Cuando tienes menos de 15 puntos de salud y el escudo está bajo, levanta el escudo.",B,S1,B,B,S1,"Scratchpad:
- Bot 1 health: 20 (which is >= 15)
- Bot 1 shield: false (shield is off)

Since the health is 20 (>= 15) and the shield is off, the policy says to fire.

FINAL: B",B,B,True,True,True,True,True,False,,5635.335,
mistral-small3.2:24b-instruct-2506-q4_K_M,0,d1-shield-b,D1-P1,D1,es_standard,Tuteo Spanish,a_first,deliberative,"Cuando tienes el escudo levantado, bájalo. Cuando tienes el escudo bajo, dispara.",B,S0,B,S0,B,"Scratchpad:
- Bot 1 shield status: false (shield is off)
- According to the policy, if shield is off, fire.

FINAL: B",B,B,True,True,True,True,False,True,,3438.34,
mistral-small3.2:24b-instruct-2506-q4_K_M,0,d3-xor-shields-b,D3-P2,D3,es_rioplatense,Rioplatense voseo,a_first,direct,"Cuando exactamente uno de los dos escudos está levantado, avanzá. Cuando los dos escudos están en el mismo estado, dispará.",M,M,B,M,B,B,B,B,True,False,False,False,False,True,,998.191,
mistral-small3.2:24b-instruct-2506-q4_K_M,0,d5-x-distance-d,D5-P2,D5,es_standard,Tuteo Spanish,a_first,deliberative,"Primero calcula la distancia horizontal entre tu coordenada x y la coordenada x del rival. Cuando la distancia es de al menos 0.4, avanza 0.1. Cuando la distancia es menor que 0.4, gira 90 grados en sentido horario.",C90.0,M0.1,C90.0,M0.1,C90.0,"Scratchpad:

1. Calculate the horizontal distance between bot 1 and bot 2:
   - bot 1 x: 0.3
   - bot 2 x: 0.31
   - distance: |0.3 - 0.31| = 0.01

2. Compare the distance with 0.4:
   - 0.01 < 0.4

3. Since the distance is less than 0.4, rotate 90 degrees clockwise.

FINAL: C90",C90,C90.0,True,True,True,True,False,True,,9580.807,
mistral-small3.2:24b-instruct-2506-q4_K_M,0,d5-x-distance-c,D5-P2,D5,es_rioplatense,Rioplatense voseo,b_first,deliberative,"Primero calculá la distancia horizontal entre tu coordenada x y la coordenada x del rival. Cuando la distancia es menor que 0.4, girá 90 grados en sentido horario. Cuando la distancia es de al menos 0.4, avanzá 0.1.",M0.1,M0.1,C90.0,C90.0,M0.1,"Scratchpad:
1. Calculate the horizontal distance between bot 1 and bot 2:
   |0.1 - 0.5| = 0.4
2. Compare the distance with 0.4:
   0.4 is not less than 0.4
3. Since the distance is not less than 0.4, move forward by 0.1

FINAL: M0.1",M0.1,M0.1,True,True,True,True,False,True,,7355.209,
mistral-small3.2:24b-instruct-2506-q4_K_M,0,d2-x-compare-d,D2-P2,D2,es_standard,Tuteo Spanish,a_first,direct,"Cuando tu coordenada x es mayor que la del rival, gira 90 grados en sentido antihorario. Cuando tu coordenada x es menor o igual que la del rival, gira 90 grados en sentido horario.",A90.0,A90.0,C90.0,A90.0,C90.0,A90,A90,A90.0,True,True,True,True,True,False,,1241.689,
mistral-small3.2:24b-instruct-2506-q4_K_M,0,d5-x-distance-d,D5-P2,D5,es_rioplatense,Rioplatense voseo,b_first,deliberative,"Primero calculá la distancia horizontal entre tu coordenada x y la coordenada x del rival. Cuando la distancia es menor que 0.4, girá 90 grados en sentido horario. Cuando la distancia es de al menos 0.4, avanzá 0.1.",C90.0,M0.1,C90.0,C90.0,M0.1,"Scratchpad:

1. Calculate the horizontal distance between bot 1 and bot 2:
   - bot 1 x: 0.3
   - bot 2 x: 0.31
   - horizontal distance: |0.3 - 0.31| = 0.01

2. Compare the horizontal distance with 0.4:
   - 0.01 < 0.4

3. Since the horizontal distance is less than 0.4, rotate 90 degrees clockwise.

FINAL: C90",C90,C90.0,True,True,True,True,True,False,,9728.994,
mistral-small3.2:24b-instruct-2506-q4_K_M,0,d2-health-compare-b,D2-P1,D2,es_rioplatense,Rioplatense voseo,b_first,deliberative,"Cuando tenés tanta o más salud que el rival, dispará. Cuando tenés menos salud que el rival, levantá el escudo.",B,S1,B,B,S1,"Scratchpad:
- Bot 1 health: 20
- Bot 2 health: 10
- Bot 1 health (20) > Bot 2 health (10) is true

FINAL: B",B,B,True,True,True,True,True,False,,4370.369,
mistral-small3.2:24b-instruct-2506-q4_K_M,0,d3-xor-shields-d,D3-P2,D3,es_standard,Tuteo Spanish,b_first,deliberative,"Cuando los dos escudos están en el mismo estado, dispara. Cuando exactamente uno de los dos escudos está levantado, avanza.",B,M,B,B,M,"Scratchpad:
- Bot 1 shield: true
- Bot 2 shield: true
- Both shields are in the same state (both true)

FINAL: B",B,B,True,True,True,True,True,False,,3607.312,
mistral-small3.2:24b-instruct-2506-q4_K_M,0,d2-x-compare-d,D2-P2,D2,es_rioplatense,Rioplatense voseo,b_first,deliberative,"Cuando tu coordenada x es menor o igual que la del rival, girá 90 grados en sentido horario. Cuando tu coordenada x es mayor que la del rival, girá 90 grados en sentido antihorario.",A90.0,A90.0,C90.0,C90.0,A90.0,"Scratchpad:
- Bot 1 x: 0.51
- Bot 2 x: 0.5
- Bot 1 x <= Bot 2 x: 0.51 <= 0.5? False
- Bot 1 x > Bot 2 x: 0.51 > 0.5? True

Since Bot 1 x is greater than Bot 2 x, rotate 90 degrees counterclockwise.

FINAL: A90",A90,A90.0,True,True,True,True,False,True,,8281.346,
mistral-small3.2:24b-instruct-2506-q4_K_M,0,d3-conjunction-b,D3-P1,D3,es_rioplatense,Rioplatense voseo,b_first,deliberative,"Cuando tenés 15 puntos de salud o más o el escudo está levantado, dispará. Cuando tenés menos de 15 puntos de salud y el escudo está bajo, levantá el escudo.",B,S1,B,B,S1,"Scratchpad:
- Bot 1 health: 10
- Bot 1 shield: true

Policy:
- If health >= 15 or shield is on, fire.
- If health < 15 and shield is off, set shield on.

Since bot 1's shield is on, the first condition is met.

FINAL: B",B,B,True,True,True,True,True,False,,6353.084,
mistral-small3.2:24b-instruct-2506-q4_K_M,0,d3-conjunction-d,D3-P1,D3,es_rioplatense,Rioplatense voseo,b_first,deliberative,"Cuando tenés 15 puntos de salud o más o el escudo está levantado, dispará. Cuando tenés menos de 15 puntos de salud y el escudo está bajo, levantá el escudo.",B,S1,B,B,S1,"Scratchpad:
- Bot 1 health: 20 (which is >= 15)
- Bot 1 shield: true (shield is on)

Since the health is 20 (>= 15) and the shield is on, the policy says to fire.

FINAL: B",B,B,True,True,True,True,True,False,,5664.181,
mistral-small3.2:24b-instruct-2506-q4_K_M,0,d1-shield-d,D1-P1,D1,es_standard,Tuteo Spanish,b_first,direct,"Cuando tienes el escudo bajo, dispara. Cuando tienes el escudo levantado, bájalo.",B,S0,B,B,S0,B,B,B,True,True,True,True,True,False,,1063.725,
mistral-small3.2:24b-instruct-2506-q4_K_M,0,d2-x-compare-c,D2-P2,D2,es_standard,Tuteo Spanish,a_first,deliberative,"Cuando tu coordenada x es mayor que la del rival, gira 90 grados en sentido antihorario. Cuando tu coordenada x es menor o igual que la del rival, gira 90 grados en sentido horario.",C90.0,A90.0,C90.0,A90.0,C90.0,"Scratchpad:
- Bot 1 x: 0.5
- Bot 2 x: 0.5
- Comparison: 0.5 > 0.5 is False
- Since 0.5 is not greater than 0.5, we choose to rotate 90 degrees clockwise.

FINAL: C90",C90,C90.0,True,True,True,True,False,True,,5941.1,
mistral-small3.2:24b-instruct-2506-q4_K_M,0,d1-shield-c,D1-P1,D1,es_rioplatense,Rioplatense voseo,b_first,deliberative,"Cuando tenés el escudo bajo, dispará. Cuando tenés el escudo levantado, bajalo.",S0,S0,B,B,S0,"Scratchpad:
- Bot 1 shield status: true (shield is on)
- Policy: If shield is on, turn it off

FINAL: S0",S0,S0,True,True,True,True,False,True,,3457.85,
mistral-small3.2:24b-instruct-2506-q4_K_M,0,d3-xor-shields-c,D3-P2,D3,es_rioplatense,Rioplatense voseo,a_first,deliberative,"Cuando exactamente uno de los dos escudos está levantado, avanzá. Cuando los dos escudos están en el mismo estado, dispará.",M,M,B,M,B,"Scratchpad:
- Bot 1 shield: true
- Bot 2 shield: false
- Exactly one shield is up (true)

FINAL: M",M,M,True,True,True,True,True,False,,3271.382,
mistral-small3.2:24b-instruct-2506-q4_K_M,0,d3-xor-shields-a,D3-P2,D3,es_rioplatense,Rioplatense voseo,a_first,deliberative,"Cuando exactamente uno de los dos escudos está levantado, avanzá. Cuando los dos escudos están en el mismo estado, dispará.",B,M,B,M,B,"Scratchpad:
- Bot 1 shield: false
- Bot 2 shield: false
- Both shields are in the same state (both off)

According to the policy:
- When both shields are in the same state, fire.

FINAL: B",B,B,True,True,True,True,False,True,,4613.498,
mistral-small3.2:24b-instruct-2506-q4_K_M,0,d5-x-distance-a,D5-P2,D5,es_rioplatense,Rioplatense voseo,b_first,deliberative,"Primero calculá la distancia horizontal entre tu coordenada x y la coordenada x del rival. Cuando la distancia es menor que 0.4, girá 90 grados en sentido horario. Cuando la distancia es de al menos 0.4, avanzá 0.1.",M0.1,M0.1,C90.0,C90.0,M0.1,"Scratchpad:

1. Calculate the horizontal distance between bot 1 and bot 2:
   - Bot 1 x-coordinate: 0.2
   - Bot 2 x-coordinate: 0.8
   - Horizontal distance: |0.8 - 0.2| = 0.6

2. Compare the horizontal distance with 0.4:
   - 0.6 >= 0.4

3. Since the horizontal distance is at least 0.4, move forward by 0.1.

FINAL: M0.1",M0.1,M0.1,True,True,True,True,False,True,,9117.794,
mistral-small3.2:24b-instruct-2506-q4_K_M,0,d1-health-b,D1-P2,D1,es_rioplatense,Rioplatense voseo,a_first,direct,"Cuando tenés menos de 15 puntos de salud, levantá el escudo. Cuando tenés 15 puntos de salud o más, avanzá.",S1,S1,M,S1,M,S1,S1,S1,True,True,True,True,True,False,,1122.892,
mistral-small3.2:24b-instruct-2506-q4_K_M,0,d2-health-compare-a,D2-P1,D2,es_standard,Tuteo Spanish,a_first,deliberative,"Cuando tienes menos salud que el rival, levanta el escudo. Cuando tienes tanta o más salud que el rival, dispara.",S1,S1,B,S1,B,"Scratchpad:
- Bot 1 health: 10
- Bot 2 health: 20
- Bot 1 health (10) < Bot 2 health (20) → True

FINAL: S1",S1,S1,True,True,True,True,True,False,,4475.248,
mistral-small3.2:24b-instruct-2506-q4_K_M,0,d2-x-compare-c,D2-P2,D2,es_rioplatense,Rioplatense voseo,b_first,direct,"Cuando tu coordenada x es menor o igual que la del rival, girá 90 grados en sentido horario. Cuando tu coordenada x es mayor que la del rival, girá 90 grados en sentido antihorario.",C90.0,A90.0,C90.0,C90.0,A90.0,C90,C90,C90.0,True,True,True,True,True,False,,1375.897,
mistral-small3.2:24b-instruct-2506-q4_K_M,0,d1-health-b,D1-P2,D1,es_standard,Tuteo Spanish,a_first,direct,"Cuando tienes menos de 15 puntos de salud, levanta el escudo. Cuando tienes 15 puntos de salud o más, avanza.",S1,S1,M,S1,M,S1,S1,S1,True,True,True,True,True,False,,1046.14,
mistral-small3.2:24b-instruct-2506-q4_K_M,0,d5-x-distance-a,D5-P2,D5,es_standard,Tuteo Spanish,b_first,direct,"Primero calcula la distancia horizontal entre tu coordenada x y la coordenada x del rival. Cuando la distancia es menor que 0.4, gira 90 grados en sentido horario. Cuando la distancia es de al menos 0.4, avanza 0.1.",M0.1,M0.1,C90.0,C90.0,M0.1,B,B,B,True,False,False,False,False,False,,1302.295,
mistral-small3.2:24b-instruct-2506-q4_K_M,0,d5-health-difference-a,D5-P1,D5,es_standard,Tuteo Spanish,b_first,deliberative,"Cuando no tienes al menos 10 puntos de salud más que el rival, levanta el escudo. Cuando tienes al menos 10 puntos de salud más que el rival, dispara.",B,B,S1,S1,B,"Scratchpad:
- Bot 1 health: 30
- Bot 2 health: 20
- Health difference: 30 - 20 = 10

Since the health difference is exactly 10, the condition ""al menos 10 puntos de salud más que el rival"" (at least 10 more health points than the rival) is met. Therefore, the action is to fire.

FINAL: B",B,B,True,True,True,True,False,True,,7156.819,
mistral-small3.2:24b-instruct-2506-q4_K_M,0,d5-health-difference-d,D5-P1,D5,es_standard,Tuteo Spanish,b_first,deliberative,"Cuando no tienes al menos 10 puntos de salud más que el rival, levanta el escudo. Cuando tienes al menos 10 puntos de salud más que el rival, dispara.",B,B,S1,S1,B,"Scratchpad:
- Bot 1 health: 25
- Bot 2 health: 10
- Health difference: 25 - 10 = 15

Since the health difference (15) is greater than or equal to 10, the policy dictates to fire.

FINAL: B",B,B,True,True,True,True,False,True,,5953.751,
mistral-small3.2:24b-instruct-2506-q4_K_M,0,d1-health-d,D1-P2,D1,es_standard,Tuteo Spanish,a_first,deliberative,"Cuando tienes menos de 15 puntos de salud, levanta el escudo. Cuando tienes 15 puntos de salud o más, avanza.",M,S1,M,S1,M,"Scratchpad:
- Bot 1 health: 25
- Condition: health < 15 → False
- Action: move forward

FINAL: M",M,M,True,True,True,True,False,True,,3244.567,
mistral-small3.2:24b-instruct-2506-q4_K_M,0,d3-xor-shields-b,D3-P2,D3,es_rioplatense,Rioplatense voseo,a_first,deliberative,"Cuando exactamente uno de los dos escudos está levantado, avanzá. Cuando los dos escudos están en el mismo estado, dispará.",M,M,B,M,B,"Scratchpad:
- Bot 1 shield: false
- Bot 2 shield: true
- Only one shield is up (bot 2's shield is on, bot 1's shield is off)

Since only one shield is up, the policy says to move forward.

FINAL: M",M,M,True,True,True,True,True,False,,5183.286,
mistral-small3.2:24b-instruct-2506-q4_K_M,0,d5-x-distance-d,D5-P2,D5,es_standard,Tuteo Spanish,b_first,direct,"Primero calcula la distancia horizontal entre tu coordenada x y la coordenada x del rival. Cuando la distancia es menor que 0.4, gira 90 grados en sentido horario. Cuando la distancia es de al menos 0.4, avanza 0.1.",C90.0,M0.1,C90.0,C90.0,M0.1,B,B,B,True,False,False,False,False,False,,1060.547,
mistral-small3.2:24b-instruct-2506-q4_K_M,0,d2-health-compare-d,D2-P1,D2,es_standard,Tuteo Spanish,a_first,direct,"Cuando tienes menos salud que el rival, levanta el escudo. Cuando tienes tanta o más salud que el rival, dispara.",S1,S1,B,S1,B,S1,S1,S1,True,True,True,True,True,False,,1164.445,
mistral-small3.2:24b-instruct-2506-q4_K_M,0,d1-shield-b,D1-P1,D1,es_rioplatense,Rioplatense voseo,a_first,deliberative,"Cuando tenés el escudo levantado, bajalo. Cuando tenés el escudo bajo, dispará.",B,S0,B,S0,B,"Scratchpad:
- Bot 1 shield status: false (shield is off)
- Policy: If shield is on, turn it off. If shield is off, fire.

Since the shield is off, the action is to fire.

FINAL: B",B,B,True,True,True,True,False,True,,4484.757,
mistral-small3.2:24b-instruct-2506-q4_K_M,0,d1-shield-d,D1-P1,D1,es_standard,Tuteo Spanish,a_first,direct,"Cuando tienes el escudo levantado, bájalo. Cuando tienes el escudo bajo, dispara.",B,S0,B,S0,B,S0,S0,S0,True,False,False,False,True,False,,1065.539,
mistral-small3.2:24b-instruct-2506-q4_K_M,0,d2-health-compare-c,D2-P1,D2,es_standard,Tuteo Spanish,a_first,deliberative,"Cuando tienes menos salud que el rival, levanta el escudo. Cuando tienes tanta o más salud que el rival, dispara.",B,S1,B,S1,B,"Scratchpad:
- Bot 1 health: 15
- Bot 2 health: 15
- Comparison: 15 <= 15 (True)

Since the health of bot 1 is equal to the health of bot 2, the policy dictates to fire.

FINAL: B",B,B,True,True,True,True,False,True,,5404.845,
mistral-small3.2:24b-instruct-2506-q4_K_M,0,d3-xor-shields-b,D3-P2,D3,es_standard,Tuteo Spanish,a_first,deliberative,"Cuando exactamente uno de los dos escudos está levantado, avanza. Cuando los dos escudos están en el mismo estado, dispara.",M,M,B,M,B,"Scratchpad:
- Bot 1 shield: false
- Bot 2 shield: true
- Exactly one shield is up (true)

FINAL: M",M,M,True,True,True,True,True,False,,3401.13,
mistral-small3.2:24b-instruct-2506-q4_K_M,0,d2-health-compare-a,D2-P1,D2,es_rioplatense,Rioplatense voseo,b_first,deliberative,"Cuando tenés tanta o más salud que el rival, dispará. Cuando tenés menos salud que el rival, levantá el escudo.",S1,S1,B,B,S1,"Scratchpad:
- Bot 1 health: 10
- Bot 2 health: 20
- Bot 1 health (10) < Bot 2 health (20)

Since bot 1 has less health than bot 2, it should set the shield on.

FINAL: S1",S1,S1,True,True,True,True,False,True,,5485.593,
mistral-small3.2:24b-instruct-2506-q4_K_M,0,d1-health-c,D1-P2,D1,es_standard,Tuteo Spanish,a_first,deliberative,"Cuando tienes menos de 15 puntos de salud, levanta el escudo. Cuando tienes 15 puntos de salud o más, avanza.",M,S1,M,S1,M,"Scratchpad:
- Bot 1 health: 15
- Condition: health < 15 → False
- Action: Move forward

FINAL: M",M,M,True,True,True,True,False,True,,3472.338,
mistral-small3.2:24b-instruct-2506-q4_K_M,0,d1-shield-a,D1-P1,D1,es_standard,Tuteo Spanish,a_first,deliberative,"Cuando tienes el escudo levantado, bájalo. Cuando tienes el escudo bajo, dispara.",S0,S0,B,S0,B,"Scratchpad:
- Bot 1 shield status: true (shield is on)
- Policy: If shield is on, turn it off. If shield is off, fire.

Since the shield is on, we need to turn it off.

FINAL: S0",S0,S0,True,True,True,True,True,False,,4607.866,
mistral-small3.2:24b-instruct-2506-q4_K_M,0,d5-health-difference-d,D5-P1,D5,es_rioplatense,Rioplatense voseo,b_first,deliberative,"Cuando no tenés al menos 10 puntos de salud más que el rival, levantá el escudo. Cuando tenés al menos 10 puntos de salud más que el rival, dispará.",B,B,S1,S1,B,"Scratchpad:
- Bot 1 health: 25
- Bot 2 health: 10
- Health difference: 25 - 10 = 15

Since the health difference (15) is greater than or equal to 10, the policy dictates to fire.

FINAL: B",B,B,True,True,True,True,False,True,,5973.545,
mistral-small3.2:24b-instruct-2506-q4_K_M,0,d1-shield-c,D1-P1,D1,es_standard,Tuteo Spanish,b_first,deliberative,"Cuando tienes el escudo bajo, dispara. Cuando tienes el escudo levantado, bájalo.",S0,S0,B,B,S0,"Scratchpad:
- Bot 1 shield status: true (shield is on)
- Policy: If shield is on, turn it off

FINAL: S0",S0,S0,True,True,True,True,False,True,,3413.33,
mistral-small3.2:24b-instruct-2506-q4_K_M,0,d5-health-difference-c,D5-P1,D5,es_rioplatense,Rioplatense voseo,a_first,deliberative,"Cuando tenés al menos 10 puntos de salud más que el rival, dispará. Cuando no tenés al menos 10 puntos de salud más que el rival, levantá el escudo.",S1,B,S1,B,S1,"Scratchpad:
- Bot 1 health: 10
- Bot 2 health: 25
- Health difference: 10 - 25 = -15

Since the health difference is not at least 10, the policy dictates to set the shield on.

FINAL: S1",S1,S1,True,True,True,True,False,True,,5747.794,
mistral-small3.2:24b-instruct-2506-q4_K_M,0,d2-x-compare-b,D2-P2,D2,es_rioplatense,Rioplatense voseo,a_first,deliberative,"Cuando tu coordenada x es mayor que la del rival, girá 90 grados en sentido antihorario. Cuando tu coordenada x es menor o igual que la del rival, girá 90 grados en sentido horario.",C90.0,A90.0,C90.0,A90.0,C90.0,"Scratchpad:
- Bot 1 x: 0.3
- Bot 2 x: 0.7
- 0.3 < 0.7

Since bot 1's x coordinate (0.3) is less than bot 2's x coordinate (0.7), bot 1 should rotate 90 degrees clockwise.

FINAL: C90",C90,C90.0,True,True,True,True,False,True,,6761.257,
mistral-small3.2:24b-instruct-2506-q4_K_M,0,d5-health-difference-c,D5-P1,D5,es_standard,Tuteo Spanish,b_first,direct,"Cuando no tienes al menos 10 puntos de salud más que el rival, levanta el escudo. Cuando tienes al menos 10 puntos de salud más que el rival, dispara.",S1,B,S1,S1,B,S1,S1,S1,True,True,True,True,True,False,,1404.719,
mistral-small3.2:24b-instruct-2506-q4_K_M,0,d2-health-compare-c,D2-P1,D2,es_rioplatense,Rioplatense voseo,b_first,direct,"Cuando tenés tanta o más salud que el rival, dispará. Cuando tenés menos salud que el rival, levantá el escudo.",B,S1,B,B,S1,B,B,B,True,True,True,True,True,False,,1055.698,
mistral-small3.2:24b-instruct-2506-q4_K_M,0,d5-x-distance-d,D5-P2,D5,es_rioplatense,Rioplatense voseo,a_first,direct,"Primero calculá la distancia horizontal entre tu coordenada x y la coordenada x del rival. Cuando la distancia es de al menos 0.4, avanzá 0.1. Cuando la distancia es menor que 0.4, girá 90 grados en sentido horario.",C90.0,M0.1,C90.0,M0.1,C90.0,M0.1,M0.1,M0.1,True,False,False,False,True,False,,1505.017,
mistral-small3.2:24b-instruct-2506-q4_K_M,0,d1-health-b,D1-P2,D1,es_rioplatense,Rioplatense voseo,b_first,direct,"Cuando tenés 15 puntos de salud o más, avanzá. Cuando tenés menos de 15 puntos de salud, levantá el escudo.",S1,S1,M,M,S1,M,M,M,True,False,False,False,True,False,,975.333,
mistral-small3.2:24b-instruct-2506-q4_K_M,0,d5-health-difference-b,D5-P1,D5,es_rioplatense,Rioplatense voseo,b_first,deliberative,"Cuando no tenés al menos 10 puntos de salud más que el rival, levantá el escudo. Cuando tenés al menos 10 puntos de salud más que el rival, dispará.",S1,B,S1,S1,B,"Scratchpad:
- Bot 1 health: 29
- Bot 2 health: 20
- Health difference: 29 - 20 = 9

Since the health difference (9) is less than 10, the policy dictates to set the shield on.

FINAL: S1",S1,S1,True,True,True,True,True,False,,5713.237,
mistral-small3.2:24b-instruct-2506-q4_K_M,0,d3-xor-shields-a,D3-P2,D3,es_standard,Tuteo Spanish,b_first,deliberative,"Cuando los dos escudos están en el mismo estado, dispara. Cuando exactamente uno de los dos escudos está levantado, avanza.",B,M,B,B,M,"Scratchpad:
- Bot 1 shield: false
- Bot 2 shield: false
- Both shields are in the same state (both off)

FINAL: B",B,B,True,True,True,True,True,False,,3410.706,
mistral-small3.2:24b-instruct-2506-q4_K_M,0,d2-health-compare-a,D2-P1,D2,es_rioplatense,Rioplatense voseo,a_first,deliberative,"Cuando tenés menos salud que el rival, levantá el escudo. Cuando tenés tanta o más salud que el rival, dispará.",S1,S1,B,S1,B,"Scratchpad:
- Bot 1 health: 10
- Bot 2 health: 20
- Bot 1 health < Bot 2 health: True

FINAL: S1",S1,S1,True,True,True,True,True,False,,3906.529,
mistral-small3.2:24b-instruct-2506-q4_K_M,0,d1-health-a,D1-P2,D1,es_standard,Tuteo Spanish,b_first,deliberative,"Cuando tienes 15 puntos de salud o más, avanza. Cuando tienes menos de 15 puntos de salud, levanta el escudo.",S1,S1,M,M,S1,"Scratchpad:
- Bot 1 health: 5
- Bot 1 health < 15: True

FINAL: S1",S1,S1,True,True,True,True,False,True,,3025.158,
qwen3:30b-a3b-instruct-2507-q4_K_M,0,d2-x-compare-c,D2-P2,D2,es_rioplatense,Rioplatense voseo,b_first,deliberative,"Cuando tu coordenada x es menor o igual que la del rival, girá 90 grados en sentido horario. Cuando tu coordenada x es mayor que la del rival, girá 90 grados en sentido antihorario.",C90.0,A90.0,C90.0,C90.0,A90.0,"Scratchpad:
- Bot 1's x coordinate: 0.5
- Bot 2's x coordinate: 0.5
- Compare: 0.5 <= 0.5 → True
- Since x is less than or equal to the rival's x, the rule says to rotate 90 degrees clockwise.
- Therefore, the command should be C90.

FINAL: C90",C90,C90.0,True,True,True,True,True,False,,12888.553,
qwen3:30b-a3b-instruct-2507-q4_K_M,0,d2-health-compare-c,D2-P1,D2,es_standard,Tuteo Spanish,a_first,deliberative,"Cuando tienes menos salud que el rival, levanta el escudo. Cuando tienes tanta o más salud que el rival, dispara.",B,S1,B,S1,B,"Scratchpad:
- Bot 1 health: 15
- Bot 2 health: 15
- Compare health: 15 >= 15 → true (Bot 1 has equal or more health than Bot 2)
- According to policy: ""Cuando tienes tanta o más salud que el rival, dispara.""
- Therefore, the action should be to fire (B).

FINAL: B",B,B,True,True,True,True,False,True,,1726.748,
qwen3:30b-a3b-instruct-2507-q4_K_M,0,d2-x-compare-a,D2-P2,D2,es_standard,Tuteo Spanish,b_first,direct,"Cuando tu coordenada x es menor o igual que la del rival, gira 90 grados en sentido horario. Cuando tu coordenada x es mayor que la del rival, gira 90 grados en sentido antihorario.",A90.0,A90.0,C90.0,C90.0,A90.0,C90,C90,C90.0,True,False,False,False,True,False,,631.264,
qwen3:30b-a3b-instruct-2507-q4_K_M,0,d3-conjunction-d,D3-P1,D3,es_standard,Tuteo Spanish,a_first,direct,"Cuando tienes menos de 15 puntos de salud y el escudo está bajo, levanta el escudo. Cuando tienes 15 puntos de salud o más o el escudo está levantado, dispara.",B,S1,B,S1,B,S0,S0,S0,True,False,False,False,False,False,,369.342,
qwen3:30b-a3b-instruct-2507-q4_K_M,0,d3-conjunction-b,D3-P1,D3,es_rioplatense,Rioplatense voseo,b_first,deliberative,"Cuando tenés 15 puntos de salud o más o el escudo está levantado, dispará. Cuando tenés menos de 15 puntos de salud y el escudo está bajo, levantá el escudo.",B,S1,B,B,S1,"Let's analyze the state and policy step by step:

1. Current health of bot 1: 10 (less than 15)
2. Shield status of bot 1: true (shield is on)

Policy conditions:
- ""Cuando tenés 15 puntos de salud o más o el escudo está levantado, dispará.""
  - This means: if health >= 15 OR shield is on → fire (B)
  - Current health is 10 (< 15), but shield is on → condition is true → should fire.

- ""Cuando tenés menos de 15 puntos de salud y el escudo está bajo, levantá el escudo.""
  - This means: if health < 15 AND shield is off → set shield on (S1)
  - But here, health is 10 (< 15), but shield is on → condition not met → do nothing.

So, the first condition is satisfied (shield is on), so we should fire.

FINAL: B",B,B,True,True,True,True,True,False,,3833.83,
qwen3:30b-a3b-instruct-2507-q4_K_M,0,d2-health-compare-c,D2-P1,D2,es_rioplatense,Rioplatense voseo,b_first,direct,"Cuando tenés tanta o más salud que el rival, dispará. Cuando tenés menos salud que el rival, levantá el escudo.",B,S1,B,B,S1,B,B,B,True,True,True,True,True,False,,345.723,
qwen3:30b-a3b-instruct-2507-q4_K_M,0,d2-x-compare-a,D2-P2,D2,es_standard,Tuteo Spanish,a_first,direct,"Cuando tu coordenada x es mayor que la del rival, gira 90 grados en sentido antihorario. Cuando tu coordenada x es menor o igual que la del rival, gira 90 grados en sentido horario.",A90.0,A90.0,C90.0,A90.0,C90.0,A90,A90,A90.0,True,True,True,True,True,False,,381.968,
qwen3:30b-a3b-instruct-2507-q4_K_M,0,d5-x-distance-a,D5-P2,D5,es_rioplatense,Rioplatense voseo,b_first,deliberative,"Primero calculá la distancia horizontal entre tu coordenada x y la coordenada x del rival. Cuando la distancia es menor que 0.4, girá 90 grados en sentido horario. Cuando la distancia es de al menos 0.4, avanzá 0.1.",M0.1,M0.1,C90.0,C90.0,M0.1,"Scratchpad:
- Your x-coordinate: 0.2
- Opponent's x-coordinate: 0.8
- Horizontal distance = |0.8 - 0.2| = 0.6
- Since 0.6 >= 0.4, the condition ""distance is of at least 0.4"" is true.
- Therefore, according to the policy, you should move forward by 0.1.

FINAL: M0.1",M0.1,M0.1,True,True,True,True,False,True,,1961.369,
qwen3:30b-a3b-instruct-2507-q4_K_M,0,d3-conjunction-a,D3-P1,D3,es_standard,Tuteo Spanish,a_first,direct,"Cuando tienes menos de 15 puntos de salud y el escudo está bajo, levanta el escudo. Cuando tienes 15 puntos de salud o más o el escudo está levantado, dispara.",S1,S1,B,S1,B,S1,S1,S1,True,True,True,True,True,False,,355.222,
qwen3:30b-a3b-instruct-2507-q4_K_M,0,d5-x-distance-d,D5-P2,D5,es_standard,Tuteo Spanish,b_first,deliberative,"Primero calcula la distancia horizontal entre tu coordenada x y la coordenada x del rival. Cuando la distancia es menor que 0.4, gira 90 grados en sentido horario. Cuando la distancia es de al menos 0.4, avanza 0.1.",C90.0,M0.1,C90.0,C90.0,M0.1,"Scratchpad:
- My x-coordinate: 0.3
- Opponent's x-coordinate: 0.31
- Horizontal distance = |0.3 - 0.31| = 0.01
- Since 0.01 < 0.4, the condition ""distance < 0.4"" is true.
- Therefore, I should rotate 90 degrees clockwise.
- The command for rotating 90 degrees clockwise is C90.

FINAL: C90",C90,C90.0,True,True,True,True,True,False,,2057.214,
qwen3:30b-a3b-instruct-2507-q4_K_M,0,d2-x-compare-c,D2-P2,D2,es_standard,Tuteo Spanish,b_first,direct,"Cuando tu coordenada x es menor o igual que la del rival, gira 90 grados en sentido horario. Cuando tu coordenada x es mayor que la del rival, gira 90 grados en sentido antihorario.",C90.0,A90.0,C90.0,C90.0,A90.0,C90,C90,C90.0,True,True,True,True,True,False,,400.923,
qwen3:30b-a3b-instruct-2507-q4_K_M,0,d3-conjunction-c,D3-P1,D3,es_rioplatense,Rioplatense voseo,b_first,direct,"Cuando tenés 15 puntos de salud o más o el escudo está levantado, dispará. Cuando tenés menos de 15 puntos de salud y el escudo está bajo, levantá el escudo.",B,S1,B,B,S1,B,B,B,True,True,True,True,True,False,,346.879,
qwen3:30b-a3b-instruct-2507-q4_K_M,0,d2-x-compare-a,D2-P2,D2,es_standard,Tuteo Spanish,a_first,deliberative,"Cuando tu coordenada x es mayor que la del rival, gira 90 grados en sentido antihorario. Cuando tu coordenada x es menor o igual que la del rival, gira 90 grados en sentido horario.",A90.0,A90.0,C90.0,A90.0,C90.0,"Scratchpad:
- Bot 1's x coordinate: 0.7
- Bot 2's x coordinate: 0.3
- Compare: 0.7 > 0.3 → True
- Since bot 1's x is greater than bot 2's x, the rule says to rotate 90 degrees counterclockwise.
- Therefore, the command should be A90.

FINAL: A90",A90,A90.0,True,True,True,True,True,False,,1793.185,
qwen3:30b-a3b-instruct-2507-q4_K_M,0,d3-xor-shields-d,D3-P2,D3,es_rioplatense,Rioplatense voseo,b_first,deliberative,"Cuando los dos escudos están en el mismo estado, dispará. Cuando exactamente uno de los dos escudos está levantado, avanzá.",B,M,B,B,M,"Let's analyze the game state and the policy step by step.

Game State:
- Bot 1 (you):
  - health: 30
  - x: 0.2, y: 0.5
  - rot: 0.0 degrees
  - shield: true (on)
- Bot 2 (opponent):
  - health: 30
  - x: 0.8, y: 0.5
  - rot: 180.0 degrees
  - shield: true (on)

Policy:
1. ""Cuando los dos escudos están en el mismo estado, dispará.""  
   → If both shields are in the same state (both on or both off), then fire (B).

2. ""Cuando exactamente uno de los dos escudos está levantado, avanzá.""  
   → If exactly one shield is on (one on, one off), then move forward (M).

Now, check the current shield states:
- Bot 1 shield: true
- Bot 2 shield: true

→ Both shields are on → same state.

Therefore, according to the first condition, we should fire.

FINAL: B",B,B,True,True,True,True,True,False,,4333.122,
qwen3:30b-a3b-instruct-2507-q4_K_M,0,d5-x-distance-d,D5-P2,D5,es_rioplatense,Rioplatense voseo,b_first,direct,"Primero calculá la distancia horizontal entre tu coordenada x y la coordenada x del rival. Cuando la distancia es menor que 0.4, girá 90 grados en sentido horario. Cuando la distancia es de al menos 0.4, avanzá 0.1.",C90.0,M0.1,C90.0,C90.0,M0.1,C90,C90,C90.0,True,True,True,True,True,False,,408.388,
qwen3:30b-a3b-instruct-2507-q4_K_M,0,d2-x-compare-b,D2-P2,D2,es_rioplatense,Rioplatense voseo,b_first,direct,"Cuando tu coordenada x es menor o igual que la del rival, girá 90 grados en sentido horario. Cuando tu coordenada x es mayor que la del rival, girá 90 grados en sentido antihorario.",C90.0,A90.0,C90.0,C90.0,A90.0,C90,C90,C90.0,True,True,True,True,True,False,,342.747,
qwen3:30b-a3b-instruct-2507-q4_K_M,0,d1-health-b,D1-P2,D1,es_rioplatense,Rioplatense voseo,b_first,deliberative,"Cuando tenés 15 puntos de salud o más, avanzá. Cuando tenés menos de 15 puntos de salud, levantá el escudo.",S1,S1,M,M,S1,"Scratchpad:
- Bot 1's health is 14, which is less than 15.
- According to the policy: ""Cuando tenés menos de 15 puntos de salud, levantá el escudo.""
- Therefore, the action should be to toggle the shield on (since it is currently off).
- The command to toggle the shield is ""S"".

FINAL: S",S,S,True,False,False,True,False,False,,1654.451,
qwen3:30b-a3b-instruct-2507-q4_K_M,0,d3-conjunction-a,D3-P1,D3,es_rioplatense,Rioplatense voseo,a_first,direct,"Cuando tenés menos de 15 puntos de salud y el escudo está bajo, levantá el escudo. Cuando tenés 15 puntos de salud o más o el escudo está levantado, dispará.",S1,S1,B,S1,B,S1,S1,S1,True,True,True,True,True,False,,383.876,
qwen3:30b-a3b-instruct-2507-q4_K_M,0,d1-health-c,D1-P2,D1,es_standard,Tuteo Spanish,a_first,deliberative,"Cuando tienes menos de 15 puntos de salud, levanta el escudo. Cuando tienes 15 puntos de salud o más, avanza.",M,S1,M,S1,M,"Scratchpad:
- Bot 1's health is 15.
- The policy says: if health < 15, set shield on; if health >= 15, move forward.
- Since health is exactly 15, the condition ""health >= 15"" is true.
- Therefore, the action should be to move forward.

FINAL: M",M,M,True,True,True,True,False,True,,1557.77,
qwen3:30b-a3b-instruct-2507-q4_K_M,0,d1-shield-c,D1-P1,D1,es_standard,Tuteo Spanish,a_first,direct,"Cuando tienes el escudo levantado, bájalo. Cuando tienes el escudo bajo, dispara.",S0,S0,B,S0,B,S0,S0,S0,True,True,True,True,True,False,,349.123,
qwen3:30b-a3b-instruct-2507-q4_K_M,0,d1-shield-c,D1-P1,D1,es_rioplatense,Rioplatense voseo,b_first,direct,"Cuando tenés el escudo bajo, dispará. Cuando tenés el escudo levantado, bajalo.",S0,S0,B,B,S0,S0,S0,S0,True,True,True,True,False,True,,222.606,
qwen3:30b-a3b-instruct-2507-q4_K_M,0,d3-xor-shields-b,D3-P2,D3,es_standard,Tuteo Spanish,a_first,deliberative,"Cuando exactamente uno de los dos escudos está levantado, avanza. Cuando los dos escudos están en el mismo estado, dispara.",M,M,B,M,B,"Scratchpad:

- Bot 1 (me): shield = false
- Bot 2 (opponent): shield = true

So, exactly one shield is raised → condition ""cuando exactamente uno de los dos escudos está levantado"" is true.

Therefore, according to the policy: ""avanza"" → move forward.

The default move is M (move forward by default step).

FINAL: M",M,M,True,True,True,True,True,False,,1745.721,
qwen3:30b-a3b-instruct-2507-q4_K_M,0,d1-health-c,D1-P2,D1,es_rioplatense,Rioplatense voseo,a_first,deliberative,"Cuando tenés menos de 15 puntos de salud, levantá el escudo. Cuando tenés 15 puntos de salud o más, avanzá.",M,S1,M,S1,M,"Scratchpad:
- Bot 1's health is 15.
- The policy says: ""Cuando tenés menos de 15 puntos de salud, levantá el escudo."" → If health < 15, set shield on.
- But current health is exactly 15, so the condition ""less than 15"" is false.
- Next part: ""Cuando tenés 15 puntos de salud o más, avanzá."" → If health >= 15, move forward.
- Since health is 15, which is >= 15, the condition is true.
- Therefore, the action is to move forward.

FINAL: M",M,M,True,True,True,True,False,True,,2603.216,
qwen3:30b-a3b-instruct-2507-q4_K_M,0,d5-health-difference-b,D5-P1,D5,es_rioplatense,Rioplatense voseo,a_first,deliberative,"Cuando tenés al menos 10 puntos de salud más que el rival, dispará. Cuando no tenés al menos 10 puntos de salud más que el rival, levantá el escudo.",S1,B,S1,B,S1,"Let's analyze the game state and the policy step by step.

1. **Current health of bot 1 (you):** 29
2. **Current health of bot 2 (opponent):** 20
3. **Health difference:** 29 - 20 = 9

Now, evaluate the policy:
- ""Cuando tenés al menos 10 puntos de salud más que el rival, dispará."" → If you have at least 10 more health than the rival, fire.
  - 9 < 10 → condition not met → do not fire.
- ""Cuando no tenés al menos 10 puntos de salud más que el rival, levantá el escudo."" → If you do not have at least 10 more health than the rival, raise the shield.
  - Since 9 < 10, this condition is true → you should raise the shield.

Currently, your shield is off (shield = false). So you should turn it on.

The command to set the shield on is: **S1**

FINAL: S1",S1,S1,True,True,True,True,False,True,,4198.133,
qwen3:30b-a3b-instruct-2507-q4_K_M,0,d5-health-difference-a,D5-P1,D5,es_standard,Tuteo Spanish,b_first,direct,"Cuando no tienes al menos 10 puntos de salud más que el rival, levanta el escudo. Cuando tienes al menos 10 puntos de salud más que el rival, dispara.",B,B,S1,S1,B,S1,S1,S1,True,False,False,False,True,False,,360.398,
qwen3:30b-a3b-instruct-2507-q4_K_M,0,d5-x-distance-a,D5-P2,D5,es_standard,Tuteo Spanish,b_first,direct,"Primero calcula la distancia horizontal entre tu coordenada x y la coordenada x del rival. Cuando la distancia es menor que 0.4, gira 90 grados en sentido horario. Cuando la distancia es de al menos 0.4, avanza 0.1.",M0.1,M0.1,C90.0,C90.0,M0.1,C90,C90,C90.0,True,False,False,False,True,False,,359.025,
qwen3:30b-a3b-instruct-2507-q4_K_M,0,d2-health-compare-c,D2-P1,D2,es_standard,Tuteo Spanish,b_first,direct,"Cuando tienes tanta o más salud que el rival, dispara. Cuando tienes menos salud que el rival, levanta el escudo.",B,S1,B,B,S1,B,B,B,True,True,True,True,True,False,,333.838,
qwen3:30b-a3b-instruct-2507-q4_K_M,0,d5-health-difference-c,D5-P1,D5,es_rioplatense,Rioplatense voseo,b_first,direct,"Cuando no tenés al menos 10 puntos de salud más que el rival, levantá el escudo. Cuando tenés al menos 10 puntos de salud más que el rival, dispará.",S1,B,S1,S1,B,S1,S1,S1,True,True,True,True,True,False,,353.529,
qwen3:30b-a3b-instruct-2507-q4_K_M,0,d3-xor-shields-b,D3-P2,D3,es_rioplatense,Rioplatense voseo,b_first,direct,"Cuando los dos escudos están en el mismo estado, dispará. Cuando exactamente uno de los dos escudos está levantado, avanzá.",M,M,B,B,M,B,B,B,True,False,False,False,True,False,,327.116,
qwen3:30b-a3b-instruct-2507-q4_K_M,0,d2-health-compare-b,D2-P1,D2,es_rioplatense,Rioplatense voseo,a_first,deliberative,"Cuando tenés menos salud que el rival, levantá el escudo. Cuando tenés tanta o más salud que el rival, dispará.",B,S1,B,S1,B,"Let's analyze the game state and the policy step by step.

Game State:
- Bot 1 (you):
  - Health: 20
  - Position: (x=0.2, y=0.5)
  - Rotation: 0.0 degrees
  - Shield: off (false)
- Bot 2 (opponent):
  - Health: 10
  - Position: (x=0.8, y=0.5)
  - Rotation: 180.0 degrees
  - Shield: off (false)

Policy:
1. ""Cuando tenés menos salud que el rival, levantá el escudo.""  
   → If your health < opponent's health → set shield on (S1)
2. ""Cuando tenés tanta o más salud que el rival, dispará.""  
   → If your health ≥ opponent's health → fire (B)

Now, compare health:
- Your health: 20
- Opponent's health: 10
- 20 ≥ 10 → condition is true → you should fire.

Therefore, the correct action is to fire.

FINAL: B",B,B,True,True,True,True,False,True,,4335.91,
qwen3:30b-a3b-instruct-2507-q4_K_M,0,d1-health-c,D1-P2,D1,es_standard,Tuteo Spanish,a_first,direct,"Cuando tienes menos de 15 puntos de salud, levanta el escudo. Cuando tienes 15 puntos de salud o más, avanza.",M,S1,M,S1,M,S1,S1,S1,True,False,False,False,True,False,,357.427,
qwen3:30b-a3b-instruct-2507-q4_K_M,0,d5-health-difference-d,D5-P1,D5,es_rioplatense,Rioplatense voseo,a_first,deliberative,"Cuando tenés al menos 10 puntos de salud más que el rival, dispará. Cuando no tenés al menos 10 puntos de salud más que el rival, levantá el escudo.",B,B,S1,B,S1,"Let's analyze the game state and the policy step by step.

Game state:
- Bot 1 (you): health = 25, shield = false, position (x=0.2, y=0.5), rot = 0.0
- Bot 2 (opponent): health = 10, shield = false, position (x=0.8, y=0.5), rot = 180.0

Policy:
1. ""Cuando tenés al menos 10 puntos de salud más que el rival, dispará.""
   - Check: Bot 1 health (25) - Bot 2 health (10) = 15
   - 15 >= 10 → condition is true → action should be to fire (B)

2. ""Cuando no tenés al menos 10 puntos de salud más que el rival, levantá el escudo.""
   - This is the else case, but since the first condition is true, we don't execute this.

So, the correct action is to fire.

FINAL: B",B,B,True,True,True,True,True,False,,4138.927,
qwen3:30b-a3b-instruct-2507-q4_K_M,0,d5-health-difference-b,D5-P1,D5,es_standard,Tuteo Spanish,a_first,deliberative,"Cuando tienes al menos 10 puntos de salud más que el rival, dispara. Cuando no tienes al menos 10 puntos de salud más que el rival, levanta el escudo.",S1,B,S1,B,S1,"Let's analyze the game state and the policy step by step.

Game state:
- Bot 1 (you): health = 29, shield = false, position (x=0.2, y=0.5), rot = 0.0
- Bot 2 (opponent): health = 20, shield = false, position (x=0.8, y=0.5), rot = 180.0

Policy:
1. If you have at least 10 more health points than the opponent → fire (B).
2. Otherwise → raise shield (S1).

Check the condition:
- Your health: 29
- Opponent's health: 20
- Difference: 29 - 20 = 9

Since 9 < 10, you do **not** have at least 10 more health points than the opponent.

Therefore, the policy dictates: **raise the shield**.

So, the correct command is: S1

FINAL: S1",S1,S1,True,True,True,True,False,True,,3866.082,
qwen3:30b-a3b-instruct-2507-q4_K_M,0,d1-shield-b,D1-P1,D1,es_rioplatense,Rioplatense voseo,a_first,deliberative,"Cuando tenés el escudo levantado, bajalo. Cuando tenés el escudo bajo, dispará.",B,S0,B,S0,B,"Scratchpad:
- Bot 1's current shield state is false (off).
- According to the policy: ""When the shield is down, shoot.""
- Since the shield is currently off, the action should be to fire.
- Therefore, the command is B (fire).

FINAL: B",B,B,True,True,True,True,False,True,,1293.999,
qwen3:30b-a3b-instruct-2507-q4_K_M,0,d5-x-distance-a,D5-P2,D5,es_rioplatense,Rioplatense voseo,b_first,direct,"Primero calculá la distancia horizontal entre tu coordenada x y la coordenada x del rival. Cuando la distancia es menor que 0.4, girá 90 grados en sentido horario. Cuando la distancia es de al menos 0.4, avanzá 0.1.",M0.1,M0.1,C90.0,C90.0,M0.1,C90,C90,C90.0,True,False,False,False,True,False,,396.771,
qwen3:30b-a3b-instruct-2507-q4_K_M,0,d3-xor-shields-d,D3-P2,D3,es_rioplatense,Rioplatense voseo,a_first,direct,"Cuando exactamente uno de los dos escudos está levantado, avanzá. Cuando los dos escudos están en el mismo estado, dispará.",B,M,B,M,B,M,M,M,True,False,False,False,True,False,,321.401,
qwen3:30b-a3b-instruct-2507-q4_K_M,0,d1-shield-a,D1-P1,D1,es_rioplatense,Rioplatense voseo,b_first,direct,"Cuando tenés el escudo bajo, dispará. Cuando tenés el escudo levantado, bajalo.",S0,S0,B,B,S0,B,B,B,True,False,False,False,True,False,,324.178,
qwen3:30b-a3b-instruct-2507-q4_K_M,0,d1-shield-b,D1-P1,D1,es_standard,Tuteo Spanish,b_first,direct,"Cuando tienes el escudo bajo, dispara. Cuando tienes el escudo levantado, bájalo.",B,S0,B,B,S0,B,B,B,True,True,True,True,True,False,,312.965,
qwen3:30b-a3b-instruct-2507-q4_K_M,0,d2-health-compare-a,D2-P1,D2,es_rioplatense,Rioplatense voseo,b_first,direct,"Cuando tenés tanta o más salud que el rival, dispará. Cuando tenés menos salud que el rival, levantá el escudo.",S1,S1,B,B,S1,B,B,B,True,False,False,False,True,False,,331.128,
qwen3:30b-a3b-instruct-2507-q4_K_M,0,d1-shield-a,D1-P1,D1,es_standard,Tuteo Spanish,b_first,deliberative,"Cuando tienes el escudo bajo, dispara. Cuando tienes el escudo levantado, bájalo.",S0,S0,B,B,S0,"Scratchpad:
- Bot 1's current shield state is true (on).
- According to the policy: ""Cuando tienes el escudo levantado, bájalo"" → since the shield is up, we should turn it off.
- Therefore, the correct action is to set the shield off.

FINAL: S0",S0,S0,True,True,True,True,False,True,,1422.072,
qwen3:30b-a3b-instruct-2507-q4_K_M,0,d5-health-difference-c,D5-P1,D5,es_standard,Tuteo Spanish,a_first,deliberative,"Cuando tienes al menos 10 puntos de salud más que el rival, dispara. Cuando no tienes al menos 10 puntos de salud más que el rival, levanta el escudo.",S1,B,S1,B,S1,"Let's analyze the game state and the policy step by step.

Game State:
- Bot 1 (you):
  - Health: 10
  - Position: (x=0.2, y=0.5)
  - Rotation: 0.0 degrees
  - Shield: off
- Bot 2 (opponent):
  - Health: 25
  - Position: (x=0.8, y=0.5)
  - Rotation: 180.0 degrees
  - Shield: off

Policy:
1. If you have at least 10 points of health more than the rival → fire (B).
2. Otherwise → raise shield (S1).

Check condition:
- Your health: 10
- Opponent health: 25
- Difference: 10 - 25 = -15 → you do **not** have at least 10 more health than the opponent.

Therefore, the condition ""at least 10 points of health more"" is **false**.

So, according to the policy, you should **raise the shield**.

Command: S1 (set shield on)

FINAL: S1",S1,S1,True,True,True,True,False,True,,4400.153,
qwen3:30b-a3b-instruct-2507-q4_K_M,0,d5-health-difference-c,D5-P1,D5,es_standard,Tuteo Spanish,a_first,direct,"Cuando tienes al menos 10 puntos de salud más que el rival, dispara. Cuando no tienes al menos 10 puntos de salud más que el rival, levanta el escudo.",S1,B,S1,B,S1,B,B,B,True,False,False,False,True,False,,320.736,
qwen3:30b-a3b-instruct-2507-q4_K_M,0,d3-conjunction-b,D3-P1,D3,es_standard,Tuteo Spanish,b_first,deliberative,"Cuando tienes 15 puntos de salud o más o el escudo está levantado, dispara. Cuando tienes menos de 15 puntos de salud y el escudo está bajo, levanta el escudo.",B,S1,B,B,S1,"Let's analyze the state and policy step by step:

1. Current health of bot 1: 10 (less than 15)
2. Shield status of bot 1: true (shield is on)

Policy conditions:
- ""Cuando tienes 15 puntos de salud o más o el escudo está levantado, dispara.""
  - This means: if health >= 15 OR shield is on → fire (B)
  - Current health is 10 (< 15), but shield is on → condition is true → should fire.

- ""Cuando tienes menos de 15 puntos de salud y el escudo está bajo, levanta el escudo.""
  - This means: if health < 15 AND shield is off → set shield on (S1)
  - But here, health is 10 (< 15), but shield is on → condition not met → do nothing.

So, the first condition is satisfied (shield is on), so the action is to fire.

FINAL: B",B,B,True,True,True,True,True,False,,3828.204,
qwen3:30b-a3b-instruct-2507-q4_K_M,0,d1-shield-c,D1-P1,D1,es_standard,Tuteo Spanish,b_first,deliberative,"Cuando tienes el escudo bajo, dispara. Cuando tienes el escudo levantado, bájalo.",S0,S0,B,B,S0,"Scratchpad:
- Bot 1's current shield state is true (on).
- According to the policy: ""Cuando tienes el escudo levantado, bájalo"" → since the shield is up, we should turn it off.
- Therefore, the correct action is to set the shield off.
- Command: S0

FINAL: S0",S0,S0,True,True,True,True,False,True,,1509.223,
qwen3:30b-a3b-instruct-2507-q4_K_M,0,d2-health-compare-c,D2-P1,D2,es_rioplatense,Rioplatense voseo,a_first,deliberative,"Cuando tenés menos salud que el rival, levantá el escudo. Cuando tenés tanta o más salud que el rival, dispará.",B,S1,B,S1,B,"Let's analyze the game state and the policy step by step.

Game State:
- Bot 1 (you):
  - Health: 15
  - Shield: off (false)
  - Position: (x=0.2, y=0.5)
  - Rotation: 0.0 degrees
- Bot 2 (opponent):
  - Health: 15
  - Shield: off (false)
  - Position: (x=0.8, y=0.5)
  - Rotation: 180.0 degrees

Policy:
1. ""Cuando tenés menos salud que el rival, levantá el escudo.""  
   → If your health < opponent's health → set shield on (S1)
2. ""Cuando tenés tanta o más salud que el rival, dispará.""  
   → If your health >= opponent's health → fire (B)

Now compare health values:
- Your health: 15
- Opponent's health: 15
→ You have ""tanta o más salud"" (same or more) than the opponent.

Therefore, the second condition applies: **dispará** → fire (B)

FINAL: B",B,B,True,True,True,True,False,True,,4465.24,
qwen3:30b-a3b-instruct-2507-q4_K_M,0,d2-x-compare-c,D2-P2,D2,es_standard,Tuteo Spanish,a_first,deliberative,"Cuando tu coordenada x es mayor que la del rival, gira 90 grados en sentido antihorario. Cuando tu coordenada x es menor o igual que la del rival, gira 90 grados en sentido horario.",C90.0,A90.0,C90.0,A90.0,C90.0,"Scratchpad:
- My x coordinate (bot 1): 0.5
- Opponent's x coordinate (bot 2): 0.5
- Compare: 0.5 > 0.5 → False
- Since x is not greater, condition is false → use the ""else"" branch: rotate 90 degrees clockwise
- Therefore, command is C90

FINAL: C90",C90,C90.0,True,True,True,True,False,True,,1752.324,
qwen3:30b-a3b-instruct-2507-q4_K_M,0,d2-health-compare-c,D2-P1,D2,es_standard,Tuteo Spanish,b_first,deliberative,"Cuando tienes tanta o más salud que el rival, dispara. Cuando tienes menos salud que el rival, levanta el escudo.",B,S1,B,B,S1,"Scratchpad:
- Bot 1 health: 15
- Bot 2 health: 15
- Health comparison: 15 >= 15 → true (same or more health)
- Since health is equal (not less), the condition ""when you have less health"" does not trigger.
- Therefore, the action is to fire (B), as per the rule: ""when you have tanta o más salud que el rival, dispara"".

FINAL: B",B,B,True,True,True,True,True,False,,1957.82,
qwen3:30b-a3b-instruct-2507-q4_K_M,0,d2-x-compare-b,D2-P2,D2,es_standard,Tuteo Spanish,b_first,deliberative,"Cuando tu coordenada x es menor o igual que la del rival, gira 90 grados en sentido horario. Cuando tu coordenada x es mayor que la del rival, gira 90 grados en sentido antihorario.",C90.0,A90.0,C90.0,C90.0,A90.0,"Scratchpad:
- Bot 1's x coordinate: 0.3
- Bot 2's x coordinate: 0.7
- Compare: 0.3 <= 0.7 → True
- Condition satisfied: ""x is less than or equal to rival's x""
- Action: Rotate 90 degrees clockwise
- Command: C90

FINAL: C90",C90,C90.0,True,True,True,True,True,False,,1697.648,
qwen3:30b-a3b-instruct-2507-q4_K_M,0,d1-health-d,D1-P2,D1,es_rioplatense,Rioplatense voseo,a_first,direct,"Cuando tenés menos de 15 puntos de salud, levantá el escudo. Cuando tenés 15 puntos de salud o más, avanzá.",M,S1,M,S1,M,S1,S1,S1,True,False,False,False,True,False,,348.095,
qwen3:30b-a3b-instruct-2507-q4_K_M,0,d1-health-a,D1-P2,D1,es_rioplatense,Rioplatense voseo,b_first,direct,"Cuando tenés 15 puntos de salud o más, avanzá. Cuando tenés menos de 15 puntos de salud, levantá el escudo.",S1,S1,M,M,S1,M,M,M,True,False,False,False,True,False,,329.311,
qwen3:30b-a3b-instruct-2507-q4_K_M,0,d5-x-distance-c,D5-P2,D5,es_rioplatense,Rioplatense voseo,b_first,direct,"Primero calculá la distancia horizontal entre tu coordenada x y la coordenada x del rival. Cuando la distancia es menor que 0.4, girá 90 grados en sentido horario. Cuando la distancia es de al menos 0.4, avanzá 0.1.",M0.1,M0.1,C90.0,C90.0,M0.1,C90,C90,C90.0,True,False,False,False,True,False,,392.488,
qwen3:30b-a3b-instruct-2507-q4_K_M,0,d3-xor-shields-d,D3-P2,D3,es_rioplatense,Rioplatense voseo,b_first,direct,"Cuando los dos escudos están en el mismo estado, dispará. Cuando exactamente uno de los dos escudos está levantado, avanzá.",B,M,B,B,M,B,B,B,True,True,True,True,True,False,,317.683,
qwen3:30b-a3b-instruct-2507-q4_K_M,0,d3-xor-shields-b,D3-P2,D3,es_standard,Tuteo Spanish,b_first,deliberative,"Cuando los dos escudos están en el mismo estado, dispara. Cuando exactamente uno de los dos escudos está levantado, avanza.",M,M,B,B,M,"Let's analyze the game state and the policy step by step.

Game State:
- Bot 1 (you):
  - Health: 30
  - Position: (x=0.2, y=0.5)
  - Rotation: 0.0 degrees
  - Shield: false (off)
- Bot 2 (opponent):
  - Health: 30
  - Position: (x=0.8, y=0.5)
  - Rotation: 180.0 degrees
  - Shield: true (on)

Policy:
1. ""Cuando los dos escudos están en el mismo estado, dispara.""  
   → If both shields are in the same state (both on or both off), then fire (B).

2. ""Cuando exactamente uno de los dos escudos está levantado, avanza.""  
   → If exactly one shield is on (i.e., one on, one off), then move forward (M).

Now, evaluate the shield states:
- Bot 1 shield: false
- Bot 2 shield: true

→ Exactly one shield is on → condition for ""avanza"" (move forward) is satisfied.

Therefore, the correct action",,ERR,False,False,False,False,False,False,"expected exactly one FINAL line, found 0",4470.168,
qwen3:30b-a3b-instruct-2507-q4_K_M,0,d5-health-difference-a,D5-P1,D5,es_standard,Tuteo Spanish,b_first,deliberative,"Cuando no tienes al menos 10 puntos de salud más que el rival, levanta el escudo. Cuando tienes al menos 10 puntos de salud más que el rival, dispara.",B,B,S1,S1,B,"Scratchpad:
- Bot 1 health: 30
- Bot 2 health: 20
- Difference in health: 30 - 20 = 10
- Condition 1: ""Cuando no tienes al menos 10 puntos de salud más que el rival, levanta el escudo.""
  - This means: if (health of bot 1) < (health of bot 2) + 10 → then shield on
  - 30 < 20 + 10 → 30 < 30 → False → do not trigger shield on
- Condition 2: ""Cuando tienes al menos 10 puntos de salud más que el rival, dispara.""
  - This means: if (health of bot 1) >= (health of bot 2) + 10 → then fire
  - 30 >= 20 + 10 → 30 >= 30 → True → trigger fire

So, the policy says: since bot 1 has at least 10 more health than bot 2, it should fire.

FINAL: B",B,B,True,True,True,True,False,True,,4224.503,
qwen3:30b-a3b-instruct-2507-q4_K_M,0,d2-health-compare-b,D2-P1,D2,es_standard,Tuteo Spanish,b_first,deliberative,"Cuando tienes tanta o más salud que el rival, dispara. Cuando tienes menos salud que el rival, levanta el escudo.",B,S1,B,B,S1,"Scratchpad:
- Bot 1 health: 20
- Bot 2 health: 10
- Bot 1 has more health than bot 2 (20 > 10)
- According to the policy: ""Cuando tienes tanta o más salud que el rival, dispara""
- Since bot 1 has more health, the action should be to fire
- Therefore, the command is B

FINAL: B",B,B,True,True,True,True,True,False,,1683.58,
qwen3:30b-a3b-instruct-2507-q4_K_M,0,d5-x-distance-a,D5-P2,D5,es_rioplatense,Rioplatense voseo,a_first,direct,"Primero calculá la distancia horizontal entre tu coordenada x y la coordenada x del rival. Cuando la distancia es de al menos 0.4, avanzá 0.1. Cuando la distancia es menor que 0.4, girá 90 grados en sentido horario.",M0.1,M0.1,C90.0,M0.1,C90.0,M0.1,M0.1,M0.1,True,True,True,True,True,False,,406.951,
qwen3:30b-a3b-instruct-2507-q4_K_M,0,d1-health-c,D1-P2,D1,es_standard,Tuteo Spanish,b_first,deliberative,"Cuando tienes 15 puntos de salud o más, avanza. Cuando tienes menos de 15 puntos de salud, levanta el escudo.",M,S1,M,M,S1,"Scratchpad:
- Bot 1's health is 15.
- Since health is 15 or more (15 >= 15), the condition ""Cuando tienes 15 puntos de salud o más, avanza"" applies.
- Therefore, the action should be to move forward.
- The default move is M (move forward by the default step).

FINAL: M",M,M,True,True,True,True,True,False,,1576.402,
qwen3:30b-a3b-instruct-2507-q4_K_M,0,d2-health-compare-a,D2-P1,D2,es_rioplatense,Rioplatense voseo,b_first,deliberative,"Cuando tenés tanta o más salud que el rival, dispará. Cuando tenés menos salud que el rival, levantá el escudo.",S1,S1,B,B,S1,"Let's analyze the game state and the policy step by step:

1. **Current health of bot 1 (you):** 10
2. **Current health of bot 2 (opponent):** 20
3. **Compare health:** 10 < 20 → You have less health than the opponent.

According to the policy:
- If you have **more or equal** health than the opponent → **fire (B)**
- If you have **less** health than the opponent → **set shield on (S1)**

Since your health (10) is less than the opponent's (20), the correct action is to **set the shield on**.

FINAL: S1",S1,S1,True,True,True,True,False,True,,2790.725,
qwen3:30b-a3b-instruct-2507-q4_K_M,0,d5-x-distance-b,D5-P2,D5,es_rioplatense,Rioplatense voseo,a_first,deliberative,"Primero calculá la distancia horizontal entre tu coordenada x y la coordenada x del rival. Cuando la distancia es de al menos 0.4, avanzá 0.1. Cuando la distancia es menor que 0.4, girá 90 grados en sentido horario.",C90.0,M0.1,C90.0,M0.1,C90.0,"Scratchpad:
- My x-coordinate: 0.4
- Opponent's x-coordinate: 0.7
- Horizontal distance = |0.7 - 0.4| = 0.3
- Since 0.3 < 0.4, I should rotate 90 degrees clockwise.
- Therefore, the command is C90.

FINAL: C90",C90,C90.0,True,True,True,True,False,True,,1746.496,
qwen3:30b-a3b-instruct-2507-q4_K_M,0,d2-health-compare-c,D2-P1,D2,es_standard,Tuteo Spanish,a_first,direct,"Cuando tienes menos salud que el rival, levanta el escudo. Cuando tienes tanta o más salud que el rival, dispara.",B,S1,B,S1,B,S1,S1,S1,True,False,False,False,True,False,,343.722,
qwen3:30b-a3b-instruct-2507-q4_K_M,0,d5-x-distance-d,D5-P2,D5,es_standard,Tuteo Spanish,a_first,direct,"Primero calcula la distancia horizontal entre tu coordenada x y la coordenada x del rival. Cuando la distancia es de al menos 0.4, avanza 0.1. Cuando la distancia es menor que 0.4, gira 90 grados en sentido horario.",C90.0,M0.1,C90.0,M0.1,C90.0,M0.1,M0.1,M0.1,True,False,False,False,True,False,,414.589,
qwen3:30b-a3b-instruct-2507-q4_K_M,0,d1-health-d,D1-P2,D1,es_standard,Tuteo Spanish,b_first,direct,"Cuando tienes 15 puntos de salud o más, avanza. Cuando tienes menos de 15 puntos de salud, levanta el escudo.",M,S1,M,M,S1,M,M,M,True,True,True,True,True,False,,326.675,
qwen3:30b-a3b-instruct-2507-q4_K_M,0,d3-xor-shields-a,D3-P2,D3,es_standard,Tuteo Spanish,a_first,deliberative,"Cuando exactamente uno de los dos escudos está levantado, avanza. Cuando los dos escudos están en el mismo estado, dispara.",B,M,B,M,B,"Scratchpad:

- Bot 1 (me): shield = false, health = 30, x = 0.2, y = 0.5, rot = 0.0
- Bot 2 (opponent): shield = false, health = 30, x = 0.8, y = 0.5, rot = 180.0

Check shield states:
- Bot 1 shield: false
- Bot 2 shield: false
→ Both shields are off → same state

According to the policy:
- When the two shields are in the same state → shoot (B)
- When exactly one shield is up → move forward (M)

Since both shields are off (same state), we should fire.

FINAL: B",B,B,True,True,True,True,False,True,,2852.397,
qwen3:30b-a3b-instruct-2507-q4_K_M,0,d3-conjunction-c,D3-P1,D3,es_rioplatense,Rioplatense voseo,b_first,deliberative,"Cuando tenés 15 puntos de salud o más o el escudo está levantado, dispará. Cuando tenés menos de 15 puntos de salud y el escudo está bajo, levantá el escudo.",B,S1,B,B,S1,"Let's analyze the state and policy step by step:

1. Current health of bot 1: 20 (which is ≥ 15)
2. Shield status of bot 1: false (off)
3. Policy condition 1: ""Cuando tenés 15 puntos de salud o más o el escudo está levantado, dispará.""
   - Since health is 20 (≥ 15), this condition is true.
   - Therefore, the action is to fire (B).

Even though the second part of the condition (shield up) is false, the OR condition is satisfied due to the health being ≥ 15.

So, the correct action is to fire.

FINAL: B",B,B,True,True,True,True,True,False,,2730.415,
qwen3:30b-a3b-instruct-2507-q4_K_M,0,d2-health-compare-d,D2-P1,D2,es_rioplatense,Rioplatense voseo,a_first,deliberative,"Cuando tenés menos salud que el rival, levantá el escudo. Cuando tenés tanta o más salud que el rival, dispará.",S1,S1,B,S1,B,"Let's analyze the game state and the policy step by step.

Game State:
- Bot 1 (you):
  - Health: 14
  - Shield: off (false)
  - Position: (x=0.2, y=0.5)
  - Rotation: 0.0 degrees
- Bot 2 (opponent):
  - Health: 15
  - Shield: off (false)
  - Position: (x=0.8, y=0.5)
  - Rotation: 180.0 degrees

Policy:
1. ""Cuando tenés menos salud que el rival, levantá el escudo.""  
   → If your health < opponent's health → set shield on.

2. ""Cuando tenés tanta o más salud que el rival, dispará.""  
   → If your health ≥ opponent's health → fire.

Now compare health:
- Your health: 14
- Opponent's health: 15
→ 14 < 15 → condition for ""levantá el escudo"" is true.

So, according to the policy, you should set the shield on.

Command: S1 (set shield on)

FINAL",,ERR,False,False,False,False,False,False,"expected exactly one FINAL line, found 0",4589.077,
qwen3:30b-a3b-instruct-2507-q4_K_M,0,d3-xor-shields-b,D3-P2,D3,es_rioplatense,Rioplatense voseo,a_first,deliberative,"Cuando exactamente uno de los dos escudos está levantado, avanzá. Cuando los dos escudos están en el mismo estado, dispará.",M,M,B,M,B,"Scratchpad:
- Bot 1 (me): shield = false
- Bot 2 (opponent): shield = true
- So, exactly one shield is raised (bot 2 has shield on, bot 1 does not).
- Therefore, condition ""exactly one of the two shields is raised"" is true.
- According to the policy: ""Cuando exactamente uno de los dos escudos está levantado, avanzá"" → ""When exactly one shield is raised, advance.""
- So, I should move forward.

Command: M

FINAL: M",M,M,True,True,True,True,True,False,,2159.427,
qwen3:30b-a3b-instruct-2507-q4_K_M,0,d1-shield-a,D1-P1,D1,es_rioplatense,Rioplatense voseo,a_first,direct,"Cuando tenés el escudo levantado, bajalo. Cuando tenés el escudo bajo, dispará.",S0,S0,B,S0,B,S0,S0,S0,True,True,True,True,True,False,,342.866,
qwen3:30b-a3b-instruct-2507-q4_K_M,0,d5-x-distance-b,D5-P2,D5,es_rioplatense,Rioplatense voseo,a_first,direct,"Primero calculá la distancia horizontal entre tu coordenada x y la coordenada x del rival. Cuando la distancia es de al menos 0.4, avanzá 0.1. Cuando la distancia es menor que 0.4, girá 90 grados en sentido horario.",C90.0,M0.1,C90.0,M0.1,C90.0,C90,C90,C90.0,True,True,True,True,False,True,,399.883,
qwen3:30b-a3b-instruct-2507-q4_K_M,0,d2-x-compare-d,D2-P2,D2,es_standard,Tuteo Spanish,b_first,direct,"Cuando tu coordenada x es menor o igual que la del rival, gira 90 grados en sentido horario. Cuando tu coordenada x es mayor que la del rival, gira 90 grados en sentido antihorario.",A90.0,A90.0,C90.0,C90.0,A90.0,C90,C90,C90.0,True,False,False,False,True,False,,361.738,
qwen3:30b-a3b-instruct-2507-q4_K_M,0,d2-health-compare-c,D2-P1,D2,es_rioplatense,Rioplatense voseo,a_first,direct,"Cuando tenés menos salud que el rival, levantá el escudo. Cuando tenés tanta o más salud que el rival, dispará.",B,S1,B,S1,B,S1,S1,S1,True,False,False,False,True,False,,347.432,
qwen3:30b-a3b-instruct-2507-q4_K_M,0,d5-x-distance-b,D5-P2,D5,es_rioplatense,Rioplatense voseo,b_first,deliberative,"Primero calculá la distancia horizontal entre tu coordenada x y la coordenada x del rival. Cuando la distancia es menor que 0.4, girá 90 grados en sentido horario. Cuando la distancia es de al menos 0.4, avanzá 0.1.",C90.0,M0.1,C90.0,C90.0,M0.1,"Scratchpad:
- Your x-coordinate: 0.4
- Opponent's x-coordinate: 0.7
- Horizontal distance = |0.7 - 0.4| = 0.3
- Since 0.3 < 0.4, the condition ""distance is less than 0.4"" is true.
- Therefore, according to the policy, you should rotate 90 degrees clockwise.

FINAL: C90",C90,C90.0,True,True,True,True,True,False,,1704.913,
qwen3:30b-a3b-instruct-2507-q4_K_M,0,d5-health-difference-b,D5-P1,D5,es_rioplatense,Rioplatense voseo,b_first,direct,"Cuando no tenés al menos 10 puntos de salud más que el rival, levantá el escudo. Cuando tenés al menos 10 puntos de salud más que el rival, dispará.",S1,B,S1,S1,B,S1,S1,S1,True,True,True,True,True,False,,371.77,
qwen3:30b-a3b-instruct-2507-q4_K_M,0,d1-health-b,D1-P2,D1,es_standard,Tuteo Spanish,a_first,deliberative,"Cuando tienes menos de 15 puntos de salud, levanta el escudo. Cuando tienes 15 puntos de salud o más, avanza.",S1,S1,M,S1,M,"Scratchpad:
- Bot 1's health is 14, which is less than 15.
- According to the policy: ""Cuando tienes menos de 15 puntos de salud, levanta el escudo"" → when health is less than 15, raise the shield.
- Therefore, the action should be to set the shield on.
- The command for setting the shield on is S1.

FINAL: S1",S1,S1,True,True,True,True,True,False,,1743.224,
qwen3:30b-a3b-instruct-2507-q4_K_M,0,d1-shield-d,D1-P1,D1,es_standard,Tuteo Spanish,a_first,deliberative,"Cuando tienes el escudo levantado, bájalo. Cuando tienes el escudo bajo, dispara.",B,S0,B,S0,B,"Scratchpad:
- Bot 1's current shield state is false (off).
- According to the policy: ""When the shield is down, shoot.""
- Since the shield is currently off, the action should be to fire.
- Therefore, the command is B (fire).

FINAL: B",B,B,True,True,True,True,False,True,,1245.766,
qwen3:30b-a3b-instruct-2507-q4_K_M,0,d5-health-difference-b,D5-P1,D5,es_rioplatense,Rioplatense voseo,a_first,direct,"Cuando tenés al menos 10 puntos de salud más que el rival, dispará. Cuando no tenés al menos 10 puntos de salud más que el rival, levantá el escudo.",S1,B,S1,B,S1,S1,S1,S1,True,True,True,True,False,True,,254.801,
qwen3:30b-a3b-instruct-2507-q4_K_M,0,d2-x-compare-b,D2-P2,D2,es_standard,Tuteo Spanish,a_first,direct,"Cuando tu coordenada x es mayor que la del rival, gira 90 grados en sentido antihorario. Cuando tu coordenada x es menor o igual que la del rival, gira 90 grados en sentido horario.",C90.0,A90.0,C90.0,A90.0,C90.0,A90,A90,A90.0,True,False,False,False,True,False,,477.773,
qwen3:30b-a3b-instruct-2507-q4_K_M,0,d3-conjunction-c,D3-P1,D3,es_rioplatense,Rioplatense voseo,a_first,deliberative,"Cuando tenés menos de 15 puntos de salud y el escudo está bajo, levantá el escudo. Cuando tenés 15 puntos de salud o más o el escudo está levantado, dispará.",B,S1,B,S1,B,"Let's analyze the state and policy step by step:

1. Current health of bot 1: 20 (from the state: ""health"": 20)
2. Shield status of bot 1: false (from the state: ""shield"": false)

Now, evaluate the policy:

- ""Cuando tenés menos de 15 puntos de salud y el escudo está bajo, levantá el escudo.""
  - Condition: health < 15 AND shield == false
  - Current health is 20 → not less than 15 → condition false → do not raise shield.

- ""Cuando tenés 15 puntos de salud o más o el escudo está levantado, dispará.""
  - Condition: health >= 15 OR shield == true
  - health is 20 → >= 15 → condition true → action is to fire.

Therefore, the correct action is to fire.

FINAL: B",B,B,True,True,True,True,False,True,,3511.079,
qwen3:30b-a3b-instruct-2507-q4_K_M,0,d5-x-distance-c,D5-P2,D5,es_standard,Tuteo Spanish,a_first,deliberative,"Primero calcula la distancia horizontal entre tu coordenada x y la coordenada x del rival. Cuando la distancia es de al menos 0.4, avanza 0.1. Cuando la distancia es menor que 0.4, gira 90 grados en sentido horario.",M0.1,M0.1,C90.0,M0.1,C90.0,"Scratchpad:
- My x-coordinate: 0.1
- Opponent's x-coordinate: 0.5
- Horizontal distance = |0.5 - 0.1| = 0.4

Condition: ""When the distance is of at least 0.4, advance 0.1""
- 0.4 >= 0.4 → True
- Therefore, I should move forward by 0.1

No rotation needed since the distance condition is met.

FINAL: M0.1",M0.1,M0.1,True,True,True,True,True,False,,2191.955,
qwen3:30b-a3b-instruct-2507-q4_K_M,0,d1-health-a,D1-P2,D1,es_standard,Tuteo Spanish,b_first,direct,"Cuando tienes 15 puntos de salud o más, avanza. Cuando tienes menos de 15 puntos de salud, levanta el escudo.",S1,S1,M,M,S1,M,M,M,True,False,False,False,True,False,,336.494,
qwen3:30b-a3b-instruct-2507-q4_K_M,0,d5-x-distance-b,D5-P2,D5,es_standard,Tuteo Spanish,b_first,deliberative,"Primero calcula la distancia horizontal entre tu coordenada x y la coordenada x del rival. Cuando la distancia es menor que 0.4, gira 90 grados en sentido horario. Cuando la distancia es de al menos 0.4, avanza 0.1.",C90.0,M0.1,C90.0,C90.0,M0.1,"Scratchpad:
- Your x-coordinate: 0.4
- Opponent's x-coordinate: 0.7
- Horizontal distance = |0.7 - 0.4| = 0.3
- Since 0.3 < 0.4, the condition ""distance is less than 0.4"" is true.
- Therefore, according to the policy, you should rotate 90 degrees clockwise.
- The command for rotating 90 degrees clockwise is C90.

FINAL: C90",C90,C90.0,True,True,True,True,True,False,,2030.977,
qwen3:30b-a3b-instruct-2507-q4_K_M,0,d3-conjunction-d,D3-P1,D3,es_standard,Tuteo Spanish,b_first,deliberative,"Cuando tienes 15 puntos de salud o más o el escudo está levantado, dispara. Cuando tienes menos de 15 puntos de salud y el escudo está bajo, levanta el escudo.",B,S1,B,B,S1,"Análisis del estado:

- Bot 1 (tu bot):
  - Salud: 20 (≥ 15)
  - Escudo: activado (true)
  - Posición: (0.2, 0.5)
  - Rotación: 0.0°

- Bot 2 (oponente):
  - Salud: 30
  - Escudo: desactivado (false)
  - Posición: (0.8, 0.5)
  - Rotación: 180.0°

Política:
1. Si tienes 15 puntos de salud o más **o** el escudo está levantado → dispara.
   - Salud = 20 ≥ 15 → condición verdadera → se cumple.
   - Por lo tanto, debes disparar.

2. Si tienes menos de 15 puntos de salud **y** el escudo está bajo → levanta el escudo.
   - No se aplica porque tu salud es 20 (no es < 15).

Conclusión: La condición del disparo se cumple, así que debes disparar.

FINAL: B",B,B,True,True,True,True,True,False,,4541.527,
qwen3:30b-a3b-instruct-2507-q4_K_M,0,d2-x-compare-a,D2-P2,D2,es_rioplatense,Rioplatense voseo,b_first,deliberative,"Cuando tu coordenada x es menor o igual que la del rival, girá 90 grados en sentido horario. Cuando tu coordenada x es mayor que la del rival, girá 90 grados en sentido antihorario.",A90.0,A90.0,C90.0,C90.0,A90.0,"Scratchpad:
- My x-coordinate (bot 1): 0.7
- Opponent's x-coordinate (bot 2): 0.3
- Compare: 0.7 > 0.3 → True
- Since my x is greater than the opponent's x, I should rotate counterclockwise by 90 degrees.
- Therefore, the command is A90.

FINAL: A90",A90,A90.0,True,True,True,True,False,True,,1838.492,
qwen3:30b-a3b-instruct-2507-q4_K_M,0,d5-x-distance-d,D5-P2,D5,es_rioplatense,Rioplatense voseo,a_first,deliberative,"Primero calculá la distancia horizontal entre tu coordenada x y la coordenada x del rival. Cuando la distancia es de al menos 0.4, avanzá 0.1. Cuando la distancia es menor que 0.4, girá 90 grados en sentido horario.",C90.0,M0.1,C90.0,M0.1,C90.0,"Scratchpad:
- My x-coordinate: 0.3
- Opponent's x-coordinate: 0.31
- Horizontal distance = |0.3 - 0.31| = 0.01
- Since 0.01 < 0.4, I should rotate 90 degrees clockwise.
- Therefore, the command is C90.

FINAL: C90",C90,C90.0,True,True,True,True,False,True,,1703.403,
qwen3:30b-a3b-instruct-2507-q4_K_M,0,d2-x-compare-b,D2-P2,D2,es_standard,Tuteo Spanish,b_first,direct,"Cuando tu coordenada x es menor o igual que la del rival, gira 90 grados en sentido horario. Cuando tu coordenada x es mayor que la del rival, gira 90 grados en sentido antihorario.",C90.0,A90.0,C90.0,C90.0,A90.0,C90,C90,C90.0,True,True,True,True,True,False,,394.838,
qwen3:30b-a3b-instruct-2507-q4_K_M,0,d2-x-compare-d,D2-P2,D2,es_rioplatense,Rioplatense voseo,a_first,deliberative,"Cuando tu coordenada x es mayor que la del rival, girá 90 grados en sentido antihorario. Cuando tu coordenada x es menor o igual que la del rival, girá 90 grados en sentido horario.",A90.0,A90.0,C90.0,A90.0,C90.0,"Scratchpad:
- My x-coordinate (bot 1): 0.51
- Opponent's x-coordinate (bot 2): 0.5
- Compare: 0.51 > 0.5 → True
- Since my x is greater than the opponent's x, I should rotate 90 degrees counterclockwise.
- The command for rotating 90 degrees counterclockwise is A90.

FINAL: A90",A90,A90.0,True,True,True,True,True,False,,1934.846,
qwen3:30b-a3b-instruct-2507-q4_K_M,0,d1-shield-c,D1-P1,D1,es_standard,Tuteo Spanish,a_first,deliberative,"Cuando tienes el escudo levantado, bájalo. Cuando tienes el escudo bajo, dispara.",S0,S0,B,S0,B,"Scratchpad:
- Bot 1's current shield state is true (shield is on).
- According to the policy: ""Cuando tienes el escudo levantado, bájalo"" → since the shield is up, I must lower it.
- Therefore, the correct action is to turn the shield off.

FINAL: S0",S0,S0,True,True,True,True,True,False,,1431.462,
qwen3:30b-a3b-instruct-2507-q4_K_M,0,d1-health-c,D1-P2,D1,es_rioplatense,Rioplatense voseo,b_first,deliberative,"Cuando tenés 15 puntos de salud o más, avanzá. Cuando tenés menos de 15 puntos de salud, levantá el escudo.",M,S1,M,M,S1,"Scratchpad:
- Bot 1's health is 15.
- The condition ""when you have 15 or more health points"" is true because health == 15.
- Therefore, according to the policy, the action should be to move forward.
- The default move command is M.

FINAL: M",M,M,True,True,True,True,True,False,,1436.892,
qwen3:30b-a3b-instruct-2507-q4_K_M,0,d3-xor-shields-a,D3-P2,D3,es_rioplatense,Rioplatense voseo,a_first,deliberative,"Cuando exactamente uno de los dos escudos está levantado, avanzá. Cuando los dos escudos están en el mismo estado, dispará.",B,M,B,M,B,"Scratchpad:
- Bot 1 (me): shield = false
- Bot 2 (opponent): shield = false
- Both shields are off → same state → condition for shooting is met
- Therefore, according to the policy: ""When the two shields are in the same state, shoot""
- So, I should fire

FINAL: B",B,B,True,True,True,True,False,True,,1490.87,
qwen3:30b-a3b-instruct-2507-q4_K_M,0,d1-health-b,D1-P2,D1,es_rioplatense,Rioplatense voseo,b_first,direct,"Cuando tenés 15 puntos de salud o más, avanzá. Cuando tenés menos de 15 puntos de salud, levantá el escudo.",S1,S1,M,M,S1,M,M,M,True,False,False,False,True,False,,336.976,
qwen3:30b-a3b-instruct-2507-q4_K_M,0,d1-health-d,D1-P2,D1,es_standard,Tuteo Spanish,a_first,deliberative,"Cuando tienes menos de 15 puntos de salud, levanta el escudo. Cuando tienes 15 puntos de salud o más, avanza.",M,S1,M,S1,M,"Scratchpad:
- Bot 1's health is 25, which is greater than or equal to 15.
- According to the policy: ""When you have 15 points of health or more, advance.""
- Therefore, the action should be to move forward.
- The default move is M (move forward by the default step).

FINAL: M",M,M,True,True,True,True,False,True,,1496.859,
qwen3:30b-a3b-instruct-2507-q4_K_M,0,d5-x-distance-d,D5-P2,D5,es_rioplatense,Rioplatense voseo,b_first,deliberative,"Primero calculá la distancia horizontal entre tu coordenada x y la coordenada x del rival. Cuando la distancia es menor que 0.4, girá 90 grados en sentido horario. Cuando la distancia es de al menos 0.4, avanzá 0.1.",C90.0,M0.1,C90.0,C90.0,M0.1,"Scratchpad:
- My x-coordinate: 0.3
- Opponent's x-coordinate: 0.31
- Horizontal distance = |0.3 - 0.31| = 0.01
- Since 0.01 < 0.4, the condition ""distance < 0.4"" is true.
- Therefore, I should rotate 90 degrees clockwise.

FINAL: C90",C90,C90.0,True,True,True,True,True,False,,1883.38,
qwen3:30b-a3b-instruct-2507-q4_K_M,0,d5-x-distance-b,D5-P2,D5,es_standard,Tuteo Spanish,a_first,direct,"Primero calcula la distancia horizontal entre tu coordenada x y la coordenada x del rival. Cuando la distancia es de al menos 0.4, avanza 0.1. Cuando la distancia es menor que 0.4, gira 90 grados en sentido horario.",C90.0,M0.1,C90.0,M0.1,C90.0,M0.1,M0.1,M0.1,True,False,False,False,True,False,,410.074,
qwen3:30b-a3b-instruct-2507-q4_K_M,0,d5-x-distance-b,D5-P2,D5,es_rioplatense,Rioplatense voseo,b_first,direct,"Primero calculá la distancia horizontal entre tu coordenada x y la coordenada x del rival. Cuando la distancia es menor que 0.4, girá 90 grados en sentido horario. Cuando la distancia es de al menos 0.4, avanzá 0.1.",C90.0,M0.1,C90.0,C90.0,M0.1,C90,C90,C90.0,True,True,True,True,True,False,,295.44,
qwen3:30b-a3b-instruct-2507-q4_K_M,0,d1-shield-d,D1-P1,D1,es_standard,Tuteo Spanish,a_first,direct,"Cuando tienes el escudo levantado, bájalo. Cuando tienes el escudo bajo, dispara.",B,S0,B,S0,B,S0,S0,S0,True,False,False,False,True,False,,355.53,
qwen3:30b-a3b-instruct-2507-q4_K_M,0,d3-conjunction-b,D3-P1,D3,es_rioplatense,Rioplatense voseo,a_first,deliberative,"Cuando tenés menos de 15 puntos de salud y el escudo está bajo, levantá el escudo. Cuando tenés 15 puntos de salud o más o el escudo está levantado, dispará.",B,S1,B,S1,B,"Let's analyze the state and policy step by step:

1. Current health of bot 1: 10 (less than 15)
2. Current shield status of bot 1: true (shield is on)

Policy:
- ""Cuando tenés menos de 15 puntos de salud y el escudo está bajo, levantá el escudo.""
  - Condition: health < 15 AND shield is off
  - Current health is 10 (< 15), but shield is ON → condition not met → do not raise shield.

- ""Cuando tenés 15 puntos de salud o más o el escudo está levantado, dispará.""
  - Condition: health >= 15 OR shield is on
  - Current health is 10 (< 15), but shield is ON → OR condition is true → action is to fire.

Therefore, the correct action is to fire.

FINAL: B",B,B,True,True,True,True,False,True,,3479.073,
qwen3:30b-a3b-instruct-2507-q4_K_M,0,d2-health-compare-d,D2-P1,D2,es_standard,Tuteo Spanish,a_first,direct,"Cuando tienes menos salud que el rival, levanta el escudo. Cuando tienes tanta o más salud que el rival, dispara.",S1,S1,B,S1,B,S1,S1,S1,True,True,True,True,True,False,,372.765,
qwen3:30b-a3b-instruct-2507-q4_K_M,0,d5-x-distance-c,D5-P2,D5,es_rioplatense,Rioplatense voseo,b_first,deliberative,"Primero calculá la distancia horizontal entre tu coordenada x y la coordenada x del rival. Cuando la distancia es menor que 0.4, girá 90 grados en sentido horario. Cuando la distancia es de al menos 0.4, avanzá 0.1.",M0.1,M0.1,C90.0,C90.0,M0.1,"Scratchpad:
- My x-coordinate: 0.1
- Opponent's x-coordinate: 0.5
- Horizontal distance = |0.5 - 0.1| = 0.4

Condition 1: If distance < 0.4 → rotate 90° clockwise
- 0.4 is not less than 0.4 → condition false

Condition 2: If distance >= 0.4 → move forward by 0.1
- 0.4 >= 0.4 → condition true → execute move forward by 0.1

Thus, the action is M0.1

FINAL: M0.1",M0.1,M0.1,True,True,True,True,False,True,,2592.986,
qwen3:30b-a3b-instruct-2507-q4_K_M,0,d2-health-compare-d,D2-P1,D2,es_standard,Tuteo Spanish,b_first,deliberative,"Cuando tienes tanta o más salud que el rival, dispara. Cuando tienes menos salud que el rival, levanta el escudo.",S1,S1,B,B,S1,"Scratchpad:
- Bot 1 health: 14
- Bot 2 health: 15
- Bot 1 health < Bot 2 health → condition for shield
- Therefore, according to policy: ""When you have less health than the rival, raise the shield""
- So, command should be: S1 (set shield on)

FINAL: S1",S1,S1,True,True,True,True,False,True,,1601.6,
qwen3:30b-a3b-instruct-2507-q4_K_M,0,d1-shield-c,D1-P1,D1,es_rioplatense,Rioplatense voseo,a_first,deliberative,"Cuando tenés el escudo levantado, bajalo. Cuando tenés el escudo bajo, dispará.",S0,S0,B,S0,B,"Scratchpad:
- Bot 1's current shield state is true (shield is on).
- According to the policy: ""Cuando tenés el escudo levantado, bajalo"" → since the shield is up, I should lower it.
- Therefore, the correct action is to turn the shield off.

FINAL: S0",S0,S0,True,True,True,True,True,False,,1439.399,
qwen3:30b-a3b-instruct-2507-q4_K_M,0,d2-x-compare-b,D2-P2,D2,es_rioplatense,Rioplatense voseo,b_first,deliberative,"Cuando tu coordenada x es menor o igual que la del rival, girá 90 grados en sentido horario. Cuando tu coordenada x es mayor que la del rival, girá 90 grados en sentido antihorario.",C90.0,A90.0,C90.0,C90.0,A90.0,"Scratchpad:
- Bot 1's x coordinate: 0.3
- Bot 2's x coordinate: 0.7
- Since 0.3 <= 0.7, the condition ""tu coordenada x es menor o igual que la del rival"" is true.
- Therefore, according to the policy, I should rotate 90 degrees clockwise.
- The command for rotating 90 degrees clockwise is C90.

FINAL: C90",C90,C90.0,True,True,True,True,True,False,,2222.703,
qwen3:30b-a3b-instruct-2507-q4_K_M,0,d3-xor-shields-d,D3-P2,D3,es_standard,Tuteo Spanish,a_first,direct,"Cuando exactamente uno de los dos escudos está levantado, avanza. Cuando los dos escudos están en el mismo estado, dispara.",B,M,B,M,B,M,M,M,True,False,False,False,True,False,,346.092,
qwen3:30b-a3b-instruct-2507-q4_K_M,0,d5-x-distance-d,D5-P2,D5,es_standard,Tuteo Spanish,a_first,deliberative,"Primero calcula la distancia horizontal entre tu coordenada x y la coordenada x del rival. Cuando la distancia es de al menos 0.4, avanza 0.1. Cuando la distancia es menor que 0.4, gira 90 grados en sentido horario.",C90.0,M0.1,C90.0,M0.1,C90.0,"Scratchpad:
- Bot 1's x = 0.3
- Bot 2's x = 0.31
- Horizontal distance = |0.31 - 0.3| = 0.01
- 0.01 < 0.4 → condition ""distancia menor que 0.4"" is true
- Therefore, execute: rotate 90 degrees clockwise

FINAL: C90",C90,C90.0,True,True,True,True,False,True,,1819.424,
qwen3:30b-a3b-instruct-2507-q4_K_M,0,d2-health-compare-a,D2-P1,D2,es_rioplatense,Rioplatense voseo,a_first,direct,"Cuando tenés menos salud que el rival, levantá el escudo. Cuando tenés tanta o más salud que el rival, dispará.",S1,S1,B,S1,B,S1,S1,S1,True,True,True,True,True,False,,348.337,
qwen3:30b-a3b-instruct-2507-q4_K_M,0,d5-health-difference-d,D5-P1,D5,es_standard,Tuteo Spanish,b_first,deliberative,"Cuando no tienes al menos 10 puntos de salud más que el rival, levanta el escudo. Cuando tienes al menos 10 puntos de salud más que el rival, dispara.",B,B,S1,S1,B,"Scratchpad:
- Bot 1 health: 25
- Bot 2 health: 10
- Health difference: 25 - 10 = 15
- Since 15 >= 10, the condition ""have at least 10 points of health more than the rival"" is true.
- Therefore, according to the policy, the action should be to fire (B).
- No need to check shield condition since the firing condition is met.

FINAL: B",B,B,True,True,True,True,False,True,,2014.239,
qwen3:30b-a3b-instruct-2507-q4_K_M,0,d3-conjunction-c,D3-P1,D3,es_standard,Tuteo Spanish,a_first,direct,"Cuando tienes menos de 15 puntos de salud y el escudo está bajo, levanta el escudo. Cuando tienes 15 puntos de salud o más o el escudo está levantado, dispara.",B,S1,B,S1,B,S1,S1,S1,True,False,False,False,True,False,,375.318,
qwen3:30b-a3b-instruct-2507-q4_K_M,0,d1-health-d,D1-P2,D1,es_rioplatense,Rioplatense voseo,b_first,deliberative,"Cuando tenés 15 puntos de salud o más, avanzá. Cuando tenés menos de 15 puntos de salud, levantá el escudo.",M,S1,M,M,S1,"Scratchpad:
- Bot 1's health is 25, which is greater than or equal to 15.
- According to the policy: ""Cuando tenés 15 puntos de salud o más, avanzá"" → when health is 15 or more, move forward.
- Therefore, the action should be to move forward by the default step.
- No need to toggle shield since health is above 15.

FINAL: M",M,M,True,True,True,True,True,False,,1786.753,
qwen3:30b-a3b-instruct-2507-q4_K_M,0,d5-x-distance-b,D5-P2,D5,es_standard,Tuteo Spanish,a_first,deliberative,"Primero calcula la distancia horizontal entre tu coordenada x y la coordenada x del rival. Cuando la distancia es de al menos 0.4, avanza 0.1. Cuando la distancia es menor que 0.4, gira 90 grados en sentido horario.",C90.0,M0.1,C90.0,M0.1,C90.0,"Scratchpad:
- Your x-coordinate: 0.4
- Opponent's x-coordinate: 0.7
- Horizontal distance = |0.7 - 0.4| = 0.3
- Since 0.3 < 0.4, the condition ""distance is less than 0.4"" is true.
- Therefore, according to the policy, you should rotate 90 degrees clockwise.
- The command for rotating 90 degrees clockwise is C90.

FINAL: C90",C90,C90.0,True,True,True,True,False,True,,2119.814,
qwen3:30b-a3b-instruct-2507-q4_K_M,0,d3-xor-shields-c,D3-P2,D3,es_standard,Tuteo Spanish,b_first,direct,"Cuando los dos escudos están en el mismo estado, dispara. Cuando exactamente uno de los dos escudos está levantado, avanza.",M,M,B,B,M,B,B,B,True,False,False,False,True,False,,333.901,
qwen3:30b-a3b-instruct-2507-q4_K_M,0,d1-shield-b,D1-P1,D1,es_standard,Tuteo Spanish,a_first,deliberative,"Cuando tienes el escudo levantado, bájalo. Cuando tienes el escudo bajo, dispara.",B,S0,B,S0,B,"Scratchpad:
- Bot 1's current shield state is false (off).
- According to the policy: ""When the shield is down, shoot.""
- Since the shield is currently off, the action should be to fire.
- Therefore, the command is B (fire).

FINAL: B",B,B,True,True,True,True,False,True,,1287.529,
qwen3:30b-a3b-instruct-2507-q4_K_M,0,d3-xor-shields-c,D3-P2,D3,es_standard,Tuteo Spanish,a_first,direct,"Cuando exactamente uno de los dos escudos está levantado, avanza. Cuando los dos escudos están en el mismo estado, dispara.",M,M,B,M,B,M,M,M,True,True,True,True,True,False,,221.831,
qwen3:30b-a3b-instruct-2507-q4_K_M,0,d1-shield-a,D1-P1,D1,es_standard,Tuteo Spanish,a_first,direct,"Cuando tienes el escudo levantado, bájalo. Cuando tienes el escudo bajo, dispara.",S0,S0,B,S0,B,S0,S0,S0,True,True,True,True,True,False,,339.135,
qwen3:30b-a3b-instruct-2507-q4_K_M,0,d5-x-distance-a,D5-P2,D5,es_rioplatense,Rioplatense voseo,a_first,deliberative,"Primero calculá la distancia horizontal entre tu coordenada x y la coordenada x del rival. Cuando la distancia es de al menos 0.4, avanzá 0.1. Cuando la distancia es menor que 0.4, girá 90 grados en sentido horario.",M0.1,M0.1,C90.0,M0.1,C90.0,"Scratchpad:
- Your x-coordinate: 0.2
- Opponent's x-coordinate: 0.8
- Horizontal distance = |0.8 - 0.2| = 0.6
- Since 0.6 >= 0.4, you should move forward by 0.1
- Therefore, the command is M0.1

FINAL: M0.1",M0.1,M0.1,True,True,True,True,True,False,,1665.56,
qwen3:30b-a3b-instruct-2507-q4_K_M,0,d3-conjunction-d,D3-P1,D3,es_rioplatense,Rioplatense voseo,b_first,direct,"Cuando tenés 15 puntos de salud o más o el escudo está levantado, dispará. Cuando tenés menos de 15 puntos de salud y el escudo está bajo, levantá el escudo.",B,S1,B,B,S1,B,B,B,True,True,True,True,True,False,,356.075,
qwen3:30b-a3b-instruct-2507-q4_K_M,0,d5-health-difference-b,D5-P1,D5,es_rioplatense,Rioplatense voseo,b_first,deliberative,"Cuando no tenés al menos 10 puntos de salud más que el rival, levantá el escudo. Cuando tenés al menos 10 puntos de salud más que el rival, dispará.",S1,B,S1,S1,B,"Let's analyze the game state and the policy step by step.

Game State:
- Bot 1 (you): health = 29, shield = false, rot = 0.0, x = 0.2, y = 0.5
- Bot 2 (opponent): health = 20, shield = false, rot = 180.0, x = 0.8, y = 0.5

Policy:
1. ""Cuando no tenés al menos 10 puntos de salud más que el rival, levantá el escudo.""
   - This means: If your health is not at least 10 more than the opponent's health, turn on the shield.
   - Compare: your health (29) vs opponent health (20)
   - Difference: 29 - 20 = 9
   - 9 < 10 → condition is true → you should turn on the shield.

2. ""Cuando tenés al menos 10 puntos de salud más que el rival, dispará.""
   - This means: If your health is at least 10 more than the opponent's, fire.
   - But 29 -",,ERR,False,False,False,False,False,False,"expected exactly one FINAL line, found 0",4578.519,
qwen3:30b-a3b-instruct-2507-q4_K_M,0,d5-x-distance-c,D5-P2,D5,es_rioplatense,Rioplatense voseo,a_first,deliberative,"Primero calculá la distancia horizontal entre tu coordenada x y la coordenada x del rival. Cuando la distancia es de al menos 0.4, avanzá 0.1. Cuando la distancia es menor que 0.4, girá 90 grados en sentido horario.",M0.1,M0.1,C90.0,M0.1,C90.0,"Scratchpad:
- My x-coordinate: 0.1
- Opponent's x-coordinate: 0.5
- Horizontal distance = |0.5 - 0.1| = 0.4

Since the distance is exactly 0.4, which is ""at least 0.4"", the condition is satisfied.

Therefore, according to the policy: ""When the distance is of at least 0.4, advance by 0.1.""

So, I should move forward by 0.1.

FINAL: M0.1",M0.1,M0.1,True,True,True,True,True,False,,2184.573,
qwen3:30b-a3b-instruct-2507-q4_K_M,0,d1-health-c,D1-P2,D1,es_standard,Tuteo Spanish,b_first,direct,"Cuando tienes 15 puntos de salud o más, avanza. Cuando tienes menos de 15 puntos de salud, levanta el escudo.",M,S1,M,M,S1,M,M,M,True,True,True,True,True,False,,338.694,
qwen3:30b-a3b-instruct-2507-q4_K_M,0,d1-health-b,D1-P2,D1,es_rioplatense,Rioplatense voseo,a_first,deliberative,"Cuando tenés menos de 15 puntos de salud, levantá el escudo. Cuando tenés 15 puntos de salud o más, avanzá.",S1,S1,M,S1,M,"Scratchpad:
- Bot 1's health is 14, which is less than 15.
- According to the policy: ""Cuando tenés menos de 15 puntos de salud, levantá el escudo"" → when health is less than 15, raise the shield.
- Therefore, the action should be to set the shield on.
- The command for setting the shield on is S1.

FINAL: S1",S1,S1,True,True,True,True,True,False,,1874.448,
qwen3:30b-a3b-instruct-2507-q4_K_M,0,d2-health-compare-c,D2-P1,D2,es_rioplatense,Rioplatense voseo,b_first,deliberative,"Cuando tenés tanta o más salud que el rival, dispará. Cuando tenés menos salud que el rival, levantá el escudo.",B,S1,B,B,S1,"Scratchpad:
- Bot 1 health: 15
- Bot 2 health: 15
- Compare: health of bot 1 (15) vs health of bot 2 (15)
- Since health is equal (not more), the first condition ""Cuando tenés tanta o más salud que el rival, dispará"" does not trigger.
- Second condition: ""Cuando tenés menos salud que el rival, levantá el escudo""
- Bot 1 health (15) is not less than bot 2 health (15), so this condition also does not trigger.
- Since neither condition is met, no action is specified by the policy.
- However, the policy only defines actions for the two cases above, and since both are false, we must consider default behavior.
- But the policy does not specify a default, so we must infer: no action is required by the policy.
- However, in the absence of a specific instruction, we should not take any action that contradicts the policy.
- But the policy does not say what to do when health is equal — so we can assume no action is required.
- But in the game, we must choose a command. Since the policy",,ERR,False,False,False,False,False,False,"expected exactly one FINAL line, found 0",4521.726,
qwen3:30b-a3b-instruct-2507-q4_K_M,0,d3-xor-shields-b,D3-P2,D3,es_standard,Tuteo Spanish,a_first,direct,"Cuando exactamente uno de los dos escudos está levantado, avanza. Cuando los dos escudos están en el mismo estado, dispara.",M,M,B,M,B,M,M,M,True,True,True,True,True,False,,339.29,
qwen3:30b-a3b-instruct-2507-q4_K_M,0,d3-xor-shields-b,D3-P2,D3,es_standard,Tuteo Spanish,b_first,direct,"Cuando los dos escudos están en el mismo estado, dispara. Cuando exactamente uno de los dos escudos está levantado, avanza.",M,M,B,B,M,B,B,B,True,False,False,False,True,False,,223.334,
qwen3:30b-a3b-instruct-2507-q4_K_M,0,d1-shield-b,D1-P1,D1,es_rioplatense,Rioplatense voseo,a_first,direct,"Cuando tenés el escudo levantado, bajalo. Cuando tenés el escudo bajo, dispará.",B,S0,B,S0,B,S0,S0,S0,True,False,False,False,True,False,,331.587,
qwen3:30b-a3b-instruct-2507-q4_K_M,0,d1-health-a,D1-P2,D1,es_standard,Tuteo Spanish,a_first,deliberative,"Cuando tienes menos de 15 puntos de salud, levanta el escudo. Cuando tienes 15 puntos de salud o más, avanza.",S1,S1,M,S1,M,"Scratchpad:
- Bot 1's health is 5, which is less than 15.
- According to the policy: ""Cuando tienes menos de 15 puntos de salud, levanta el escudo"" → when health is less than 15, raise the shield.
- Therefore, the action should be to set the shield on.
- The command to set the shield on is S1.

FINAL: S1",S1,S1,True,True,True,True,True,False,,1798.231,
qwen3:30b-a3b-instruct-2507-q4_K_M,0,d2-x-compare-a,D2-P2,D2,es_standard,Tuteo Spanish,b_first,deliberative,"Cuando tu coordenada x es menor o igual que la del rival, gira 90 grados en sentido horario. Cuando tu coordenada x es mayor que la del rival, gira 90 grados en sentido antihorario.",A90.0,A90.0,C90.0,C90.0,A90.0,"Scratchpad:
- My x-coordinate (bot 1): 0.7
- Opponent's x-coordinate (bot 2): 0.3
- Compare: 0.7 > 0.3 → True
- Since my x is greater than the opponent's x, I should rotate counterclockwise by 90 degrees.
- Therefore, the command is A90.

FINAL: A90",A90,A90.0,True,True,True,True,False,True,,1849.617,
qwen3:30b-a3b-instruct-2507-q4_K_M,0,d1-shield-a,D1-P1,D1,es_standard,Tuteo Spanish,b_first,direct,"Cuando tienes el escudo bajo, dispara. Cuando tienes el escudo levantado, bájalo.",S0,S0,B,B,S0,S0,S0,S0,True,True,True,True,False,True,,329.149,
qwen3:30b-a3b-instruct-2507-q4_K_M,0,d3-conjunction-b,D3-P1,D3,es_rioplatense,Rioplatense voseo,a_first,direct,"Cuando tenés menos de 15 puntos de salud y el escudo está bajo, levantá el escudo. Cuando tenés 15 puntos de salud o más o el escudo está levantado, dispará.",B,S1,B,S1,B,S1,S1,S1,True,False,False,False,True,False,,371.768,
qwen3:30b-a3b-instruct-2507-q4_K_M,0,d5-health-difference-b,D5-P1,D5,es_standard,Tuteo Spanish,b_first,deliberative,"Cuando no tienes al menos 10 puntos de salud más que el rival, levanta el escudo. Cuando tienes al menos 10 puntos de salud más que el rival, dispara.",S1,B,S1,S1,B,"Scratchpad:
- Bot 1 health: 29
- Bot 2 health: 20
- Health difference: 29 - 20 = 9
- Since 9 < 10, the condition ""no tienes al menos 10 puntos de salud más que el rival"" is true.
- Therefore, according to the policy, we should ""levantar el escudo"" → set shield on.
- So the action is S1.

FINAL: S1",S1,S1,True,True,True,True,True,False,,1989.544,
qwen3:30b-a3b-instruct-2507-q4_K_M,0,d5-health-difference-b,D5-P1,D5,es_standard,Tuteo Spanish,a_first,direct,"Cuando tienes al menos 10 puntos de salud más que el rival, dispara. Cuando no tienes al menos 10 puntos de salud más que el rival, levanta el escudo.",S1,B,S1,B,S1,B,B,B,True,False,False,False,True,False,,348.515,
qwen3:30b-a3b-instruct-2507-q4_K_M,0,d5-x-distance-a,D5-P2,D5,es_standard,Tuteo Spanish,a_first,deliberative,"Primero calcula la distancia horizontal entre tu coordenada x y la coordenada x del rival. Cuando la distancia es de al menos 0.4, avanza 0.1. Cuando la distancia es menor que 0.4, gira 90 grados en sentido horario.",M0.1,M0.1,C90.0,M0.1,C90.0,"Scratchpad:
- Your x-coordinate: 0.2
- Opponent's x-coordinate: 0.8
- Horizontal distance = |0.8 - 0.2| = 0.6
- Since 0.6 >= 0.4, the condition ""distance is at least 0.4"" is true.
- Therefore, according to the policy, you should move forward by 0.1.

FINAL: M0.1",M0.1,M0.1,True,True,True,True,True,False,,1788.077,
qwen3:30b-a3b-instruct-2507-q4_K_M,0,d2-health-compare-d,D2-P1,D2,es_rioplatense,Rioplatense voseo,b_first,direct,"Cuando tenés tanta o más salud que el rival, dispará. Cuando tenés menos salud que el rival, levantá el escudo.",S1,S1,B,B,S1,B,B,B,True,False,False,False,True,False,,350.522,
qwen3:30b-a3b-instruct-2507-q4_K_M,0,d1-shield-a,D1-P1,D1,es_rioplatense,Rioplatense voseo,b_first,deliberative,"Cuando tenés el escudo bajo, dispará. Cuando tenés el escudo levantado, bajalo.",S0,S0,B,B,S0,"Let's analyze the state and policy step by step:

1. Current state of bot 1:
   - health: 27 (not critical)
   - x: 0.2, y: 0.5
   - rot: 0.0 degrees
   - shield: true (shield is currently ON)

2. Policy interpretation:
   - ""Cuando tenés el escudo bajo, dispará."" → When your shield is down, shoot.
   - ""Cuando tenés el escudo levantado, bajalo."" → When your shield is up, lower it.

   So the policy says:
   - If shield is ON → turn it OFF (S0)
   - If shield is OFF → shoot (B)

3. Current shield state: true (ON) → so we must lower it.

Therefore, the correct action is to turn the shield off.

FINAL: S0",S0,S0,True,True,True,True,False,True,,3416.71,
qwen3:30b-a3b-instruct-2507-q4_K_M,0,d2-x-compare-c,D2-P2,D2,es_standard,Tuteo Spanish,a_first,direct,"Cuando tu coordenada x es mayor que la del rival, gira 90 grados en sentido antihorario. Cuando tu coordenada x es menor o igual que la del rival, gira 90 grados en sentido horario.",C90.0,A90.0,C90.0,A90.0,C90.0,A90,A90,A90.0,True,False,False,False,True,False,,393.475,
qwen3:30b-a3b-instruct-2507-q4_K_M,0,d1-health-a,D1-P2,D1,es_standard,Tuteo Spanish,b_first,deliberative,"Cuando tienes 15 puntos de salud o más, avanza. Cuando tienes menos de 15 puntos de salud, levanta el escudo.",S1,S1,M,M,S1,"Scratchpad:
- Bot 1's health is 5, which is less than 15.
- According to the policy: ""When you have less than 15 health, raise the shield.""
- Therefore, the action should be to set the shield on.
- The command to set the shield on is S1.

FINAL: S1",S1,S1,True,True,True,True,False,True,,1474.107,
qwen3:30b-a3b-instruct-2507-q4_K_M,0,d2-health-compare-b,D2-P1,D2,es_standard,Tuteo Spanish,a_first,deliberative,"Cuando tienes menos salud que el rival, levanta el escudo. Cuando tienes tanta o más salud que el rival, dispara.",B,S1,B,S1,B,"Scratchpad:
- Bot 1 health: 20
- Bot 2 health: 10
- Bot 1 health (20) > Bot 2 health (10) → condition ""tienes tanta o más salud que el rival"" is true
- Therefore, according to the policy: ""cuando tienes tanta o más salud que el rival, dispara""
- So the action should be: B (fire)

FINAL: B",B,B,True,True,True,True,False,True,,1886.242,
qwen3:30b-a3b-instruct-2507-q4_K_M,0,d3-xor-shields-c,D3-P2,D3,es_rioplatense,Rioplatense voseo,a_first,direct,"Cuando exactamente uno de los dos escudos está levantado, avanzá. Cuando los dos escudos están en el mismo estado, dispará.",M,M,B,M,B,M,M,M,True,True,True,True,True,False,,327.147,
qwen3:30b-a3b-instruct-2507-q4_K_M,0,d5-health-difference-b,D5-P1,D5,es_standard,Tuteo Spanish,b_first,direct,"Cuando no tienes al menos 10 puntos de salud más que el rival, levanta el escudo. Cuando tienes al menos 10 puntos de salud más que el rival, dispara.",S1,B,S1,S1,B,S1,S1,S1,True,True,True,True,True,False,,362.808,
qwen3:30b-a3b-instruct-2507-q4_K_M,0,d3-xor-shields-d,D3-P2,D3,es_rioplatense,Rioplatense voseo,a_first,deliberative,"Cuando exactamente uno de los dos escudos está levantado, avanzá. Cuando los dos escudos están en el mismo estado, dispará.",B,M,B,M,B,"Scratchpad:
- Bot 1 (me): shield = true
- Bot 2 (opponent): shield = true
- Both shields are in the same state (both on)
- Therefore, according to the policy: ""Cuando los dos escudos están en el mismo estado, dispará"" → fire
- Command: B

FINAL: B",B,B,True,True,True,True,False,True,,1489.282,
qwen3:30b-a3b-instruct-2507-q4_K_M,0,d5-health-difference-c,D5-P1,D5,es_rioplatense,Rioplatense voseo,b_first,deliberative,"Cuando no tenés al menos 10 puntos de salud más que el rival, levantá el escudo. Cuando tenés al menos 10 puntos de salud más que el rival, dispará.",S1,B,S1,S1,B,"Let's analyze the game state and the policy step by step.

Game state:
- Bot 1 (you): health = 10, x = 0.2, y = 0.5, rot = 0.0, shield = false
- Bot 2 (opponent): health = 25, x = 0.8, y = 0.5, rot = 180.0, shield = false

Policy:
1. ""Cuando no tenés al menos 10 puntos de salud más que el rival, levantá el escudo.""
   - This means: if your health is not at least 10 more than the opponent's health, turn on the shield.
   - Your health: 10
   - Opponent's health: 25
   - Difference: 10 - 25 = -15 → not ≥ 10
   - So, condition is true → you should set shield on.

2. ""Cuando tenés al menos 10 puntos de salud más que el rival, dispará.""
   - This means: if your health is at least 10 more than the opponent's, fire.
   - But",,ERR,False,False,False,False,False,False,"expected exactly one FINAL line, found 0",4559.388,
qwen3:30b-a3b-instruct-2507-q4_K_M,0,d2-health-compare-b,D2-P1,D2,es_rioplatense,Rioplatense voseo,b_first,direct,"Cuando tenés tanta o más salud que el rival, dispará. Cuando tenés menos salud que el rival, levantá el escudo.",B,S1,B,B,S1,B,B,B,True,True,True,True,True,False,,347.315,
qwen3:30b-a3b-instruct-2507-q4_K_M,0,d1-health-b,D1-P2,D1,es_standard,Tuteo Spanish,a_first,direct,"Cuando tienes menos de 15 puntos de salud, levanta el escudo. Cuando tienes 15 puntos de salud o más, avanza.",S1,S1,M,S1,M,S1,S1,S1,True,True,True,True,True,False,,356.534,
qwen3:30b-a3b-instruct-2507-q4_K_M,0,d1-shield-b,D1-P1,D1,es_rioplatense,Rioplatense voseo,b_first,deliberative,"Cuando tenés el escudo bajo, dispará. Cuando tenés el escudo levantado, bajalo.",B,S0,B,B,S0,"Let's analyze the state and policy step by step:

1. Current state of bot 1:
   - health: 27 (not critical)
   - x: 0.2, y: 0.5
   - rot: 0.0 degrees
   - shield: false (shield is currently off)

2. Policy interpretation:
   - ""Cuando tenés el escudo bajo, dispará."" → When your shield is down, shoot.
     - Since shield is currently off (false), this condition is true → we should shoot.
   - ""Cuando tenés el escudo levantado, bajalo."" → When your shield is up, lower it.
     - This condition does not apply now, since shield is off.

3. Action selection:
   - The policy says to shoot when shield is down → we should fire.
   - No need to toggle shield since it's already off.

Therefore, the correct command is to fire.

FINAL: B",B,B,True,True,True,True,True,False,,3653.487,
qwen3:30b-a3b-instruct-2507-q4_K_M,0,d3-xor-shields-d,D3-P2,D3,es_standard,Tuteo Spanish,b_first,deliberative,"Cuando los dos escudos están en el mismo estado, dispara. Cuando exactamente uno de los dos escudos está levantado, avanza.",B,M,B,B,M,"Let's analyze the game state and the policy step by step.

Game State:
- Bot 1 (you):
  - Health: 30
  - Position: (x=0.2, y=0.5)
  - Rotation: 0.0 degrees
  - Shield: true (on)
- Bot 2 (opponent):
  - Health: 30
  - Position: (x=0.8, y=0.5)
  - Rotation: 180.0 degrees
  - Shield: true (on)

Policy:
1. ""Cuando los dos escudos están en el mismo estado, dispara.""  
   → If both shields are in the same state (both on OR both off), then fire (B).

2. ""Cuando exactamente uno de los dos escudos está levantado, avanza.""  
   → If exactly one shield is on (one on, one off), then move forward (M).

Now, check the shield states:
- Bot 1 shield: true
- Bot 2 shield: true

→ Both shields are on → same state.

Therefore, the first condition applies: ""When both shields are in the same state, shoot.""

",,ERR,False,False,False,False,False,False,"expected exactly one FINAL line, found 0",4477.045,
qwen3:30b-a3b-instruct-2507-q4_K_M,0,d3-conjunction-a,D3-P1,D3,es_standard,Tuteo Spanish,b_first,deliberative,"Cuando tienes 15 puntos de salud o más o el escudo está levantado, dispara. Cuando tienes menos de 15 puntos de salud y el escudo está bajo, levanta el escudo.",S1,S1,B,B,S1,"Let's analyze the state and policy step by step:

1. Current health of bot 1: 10 (less than 15)
2. Shield status of bot 1: false (shield is off)
3. The policy says:
   - If health >= 15 OR shield is on → fire (B)
   - Else (health < 15 AND shield is off) → raise shield (S1)

Since health is 10 (less than 15) and shield is off, the second condition applies: we must raise the shield.

Therefore, the correct command is S1.

FINAL: S1",S1,S1,True,True,True,True,False,True,,2423.788,
qwen3:30b-a3b-instruct-2507-q4_K_M,0,d5-health-difference-d,D5-P1,D5,es_standard,Tuteo Spanish,b_first,direct,"Cuando no tienes al menos 10 puntos de salud más que el rival, levanta el escudo. Cuando tienes al menos 10 puntos de salud más que el rival, dispara.",B,B,S1,S1,B,S1,S1,S1,True,False,False,False,True,False,,365.121,
qwen3:30b-a3b-instruct-2507-q4_K_M,0,d2-health-compare-a,D2-P1,D2,es_standard,Tuteo Spanish,b_first,deliberative,"Cuando tienes tanta o más salud que el rival, dispara. Cuando tienes menos salud que el rival, levanta el escudo.",S1,S1,B,B,S1,"Scratchpad:
- Bot 1 health: 10
- Bot 2 health: 20
- Bot 1 health (10) < Bot 2 health (20) → condition for shield
- Therefore, according to policy: ""When you have less health than the rival, raise the shield""
- So, command should be: S1 (set shield on)

FINAL: S1",S1,S1,True,True,True,True,False,True,,1701.491,
qwen3:30b-a3b-instruct-2507-q4_K_M,0,d5-health-difference-d,D5-P1,D5,es_standard,Tuteo Spanish,a_first,deliberative,"Cuando tienes al menos 10 puntos de salud más que el rival, dispara. Cuando no tienes al menos 10 puntos de salud más que el rival, levanta el escudo.",B,B,S1,B,S1,"Scratchpad:

- Bot 1 health: 25
- Bot 2 health: 10
- Health difference: 25 - 10 = 15

Since 15 >= 10, the condition ""al menos 10 puntos de salud más que el rival"" is true.

Therefore, according to the policy: ""Cuando tienes al menos 10 puntos de salud más que el rival, dispara.""

So the action should be: B (fire)

FINAL: B",B,B,True,True,True,True,True,False,,2114.802,
qwen3:30b-a3b-instruct-2507-q4_K_M,0,d2-health-compare-a,D2-P1,D2,es_standard,Tuteo Spanish,a_first,direct,"Cuando tienes menos salud que el rival, levanta el escudo. Cuando tienes tanta o más salud que el rival, dispara.",S1,S1,B,S1,B,S1,S1,S1,True,True,True,True,True,False,,330.272,
qwen3:30b-a3b-instruct-2507-q4_K_M,0,d3-xor-shields-b,D3-P2,D3,es_rioplatense,Rioplatense voseo,a_first,direct,"Cuando exactamente uno de los dos escudos está levantado, avanzá. Cuando los dos escudos están en el mismo estado, dispará.",M,M,B,M,B,M,M,M,True,True,True,True,True,False,,314.377,
qwen3:30b-a3b-instruct-2507-q4_K_M,0,d3-xor-shields-a,D3-P2,D3,es_standard,Tuteo Spanish,b_first,deliberative,"Cuando los dos escudos están en el mismo estado, dispara. Cuando exactamente uno de los dos escudos está levantado, avanza.",B,M,B,B,M,"Let's analyze the game state and the policy step by step.

Game State:
- Bot 1 (you): health=30, x=0.2, y=0.5, rot=0.0, shield=false
- Bot 2 (opponent): health=30, x=0.8, y=0.5, rot=180.0, shield=false

Policy:
1. ""Cuando los dos escudos están en el mismo estado, dispara.""
   - This means: if both shields are in the same state (both on or both off), then fire.
   - Currently, both shields are off → same state → condition is true → should fire.

2. ""Cuando exactamente uno de los dos escudos está levantado, avanza.""
   - This means: if exactly one shield is on, then move forward.
   - But currently, both shields are off → not exactly one → this condition is false.

So, only the first condition applies: both shields are in the same state (both off), so we should fire.

Therefore, the correct command is: B (fire)

FINAL: B",B,B,True,True,True,True,True,False,,3908.534,
qwen3:30b-a3b-instruct-2507-q4_K_M,0,d3-conjunction-d,D3-P1,D3,es_rioplatense,Rioplatense voseo,b_first,deliberative,"Cuando tenés 15 puntos de salud o más o el escudo está levantado, dispará. Cuando tenés menos de 15 puntos de salud y el escudo está bajo, levantá el escudo.",B,S1,B,B,S1,"Análisis del estado:

- Bot 1 (tu bot):
  - Salud: 20 (≥ 15)
  - Escudo: activado (true)
  - Rotación: 0.0°
  - Posición: (0.2, 0.5)

- Bot 2 (oponente):
  - Salud: 30
  - Escudo: desactivado (false)
  - Rotación: 180.0°
  - Posición: (0.8, 0.5)

Política:
1. Si tienes 15 puntos de salud o más **O** el escudo está levantado → disparar (B).
2. Si tienes menos de 15 puntos de salud **Y** el escudo está bajo → levantar el escudo (S1).

Aplicación:
- Salud = 20 → ≥ 15 → condición 1 verdadera.
- Escudo está levantado → condición 2 también verdadera.
- Como se cumple al menos una de las condiciones del ""O"", se debe disparar.

Por lo tanto, la acción es: B (disparar).

",,ERR,False,False,False,False,False,False,"expected exactly one FINAL line, found 0",4247.738,
qwen3:30b-a3b-instruct-2507-q4_K_M,0,d3-conjunction-c,D3-P1,D3,es_standard,Tuteo Spanish,b_first,direct,"Cuando tienes 15 puntos de salud o más o el escudo está levantado, dispara. Cuando tienes menos de 15 puntos de salud y el escudo está bajo, levanta el escudo.",B,S1,B,B,S1,B,B,B,True,True,True,True,True,False,,348.572,
qwen3:30b-a3b-instruct-2507-q4_K_M,0,d3-xor-shields-c,D3-P2,D3,es_rioplatense,Rioplatense voseo,b_first,deliberative,"Cuando los dos escudos están en el mismo estado, dispará. Cuando exactamente uno de los dos escudos está levantado, avanzá.",M,M,B,B,M,"Let's analyze the game state and the policy step by step.

Game State:
- Bot 1 (you):
  - health: 30
  - x: 0.2, y: 0.5
  - rot: 0.0 degrees
  - shield: true (on)

- Bot 2 (opponent):
  - health: 30
  - x: 0.8, y: 0.5
  - rot: 180.0 degrees
  - shield: false (off)

Policy:
1. ""Cuando los dos escudos están en el mismo estado, dispará.""  
   → If both shields are in the same state (both on or both off), then fire (B).

2. ""Cuando exactamente uno de los dos escudos está levantado, avanzá.""  
   → If exactly one shield is on (one on, one off), then move forward (M).

Now, evaluate the shield states:
- Bot 1 shield: true
- Bot 2 shield: false

→ Exactly one shield is on (Bot 1 has shield on, Bot 2 has shield off).

Therefore, the condition ""exactly one of",,ERR,False,False,False,False,False,False,"expected exactly one FINAL line, found 0",4231.302,
qwen3:30b-a3b-instruct-2507-q4_K_M,0,d2-x-compare-d,D2-P2,D2,es_standard,Tuteo Spanish,a_first,deliberative,"Cuando tu coordenada x es mayor que la del rival, gira 90 grados en sentido antihorario. Cuando tu coordenada x es menor o igual que la del rival, gira 90 grados en sentido horario.",A90.0,A90.0,C90.0,A90.0,C90.0,"Scratchpad:
- My x-coordinate (bot 1): 0.51
- Opponent's x-coordinate (bot 2): 0.5
- Compare: 0.51 > 0.5 → True
- Since my x is greater than the opponent's x, I should rotate 90 degrees counterclockwise.
- The command for rotating 90 degrees counterclockwise is A90.

FINAL: A90",A90,A90.0,True,True,True,True,True,False,,1785.483,
qwen3:30b-a3b-instruct-2507-q4_K_M,0,d2-x-compare-c,D2-P2,D2,es_rioplatense,Rioplatense voseo,a_first,direct,"Cuando tu coordenada x es mayor que la del rival, girá 90 grados en sentido antihorario. Cuando tu coordenada x es menor o igual que la del rival, girá 90 grados en sentido horario.",C90.0,A90.0,C90.0,A90.0,C90.0,A90,A90,A90.0,True,False,False,False,True,False,,374.198,
qwen3:30b-a3b-instruct-2507-q4_K_M,0,d1-health-d,D1-P2,D1,es_standard,Tuteo Spanish,a_first,direct,"Cuando tienes menos de 15 puntos de salud, levanta el escudo. Cuando tienes 15 puntos de salud o más, avanza.",M,S1,M,S1,M,S1,S1,S1,True,False,False,False,True,False,,336.31,
qwen3:30b-a3b-instruct-2507-q4_K_M,0,d3-conjunction-b,D3-P1,D3,es_rioplatense,Rioplatense voseo,b_first,direct,"Cuando tenés 15 puntos de salud o más o el escudo está levantado, dispará. Cuando tenés menos de 15 puntos de salud y el escudo está bajo, levantá el escudo.",B,S1,B,B,S1,B,B,B,True,True,True,True,True,False,,333.074,
qwen3:30b-a3b-instruct-2507-q4_K_M,0,d3-conjunction-d,D3-P1,D3,es_rioplatense,Rioplatense voseo,a_first,deliberative,"Cuando tenés menos de 15 puntos de salud y el escudo está bajo, levantá el escudo. Cuando tenés 15 puntos de salud o más o el escudo está levantado, dispará.",B,S1,B,S1,B,"Let's analyze the state and policy step by step:

1. Current health of bot 1: 20 (from the state)
2. Shield status of bot 1: true (shield is on)
3. Policy:
   - If health < 15 AND shield is off → raise shield (S1)
   - Else (health >= 15 OR shield is on) → fire (B)

Now apply the policy:
- Health is 20 → which is >= 15 → condition satisfied
- Shield is on → so the ""OR"" condition is satisfied
- Therefore, the action is to fire (B)

FINAL: B",B,B,True,True,True,True,False,True,,2309.712,
qwen3:30b-a3b-instruct-2507-q4_K_M,0,d3-xor-shields-d,D3-P2,D3,es_standard,Tuteo Spanish,a_first,deliberative,"Cuando exactamente uno de los dos escudos está levantado, avanza. Cuando los dos escudos están en el mismo estado, dispara.",B,M,B,M,B,"Scratchpad:

- Bot 1 (me): shield = true, health = 30, x = 0.2, y = 0.5, rot = 0.0
- Bot 2 (opponent): shield = true, health = 30, x = 0.8, y = 0.5, rot = 180.0

Check the condition:
- ""Cuando exactamente uno de los dos escudos está levantado"" → one shield on, one off.
  - But both shields are on → condition false.

- ""Cuando los dos escudos están en el mismo estado"" → both on or both off.
  - Both shields are on → same state → condition true.

Therefore, according to the policy: when both shields are in the same state, shoot.

So the correct action is: B (fire)

FINAL: B",B,B,True,True,True,True,False,True,,3165.872,
qwen3:30b-a3b-instruct-2507-q4_K_M,0,d1-shield-a,D1-P1,D1,es_standard,Tuteo Spanish,a_first,deliberative,"Cuando tienes el escudo levantado, bájalo. Cuando tienes el escudo bajo, dispara.",S0,S0,B,S0,B,"Scratchpad:
- Bot 1's current shield state is true (shield is on).
- According to the policy: ""Cuando tienes el escudo levantado, bájalo"" → since the shield is up, I must lower it.
- Therefore, the correct action is to turn the shield off.

FINAL: S0",S0,S0,True,True,True,True,True,False,,1329.179,
qwen3:30b-a3b-instruct-2507-q4_K_M,0,d5-health-difference-d,D5-P1,D5,es_standard,Tuteo Spanish,a_first,direct,"Cuando tienes al menos 10 puntos de salud más que el rival, dispara. Cuando no tienes al menos 10 puntos de salud más que el rival, levanta el escudo.",B,B,S1,B,S1,B,B,B,True,True,True,True,True,False,,333.043,
qwen3:30b-a3b-instruct-2507-q4_K_M,0,d2-health-compare-b,D2-P1,D2,es_rioplatense,Rioplatense voseo,a_first,direct,"Cuando tenés menos salud que el rival, levantá el escudo. Cuando tenés tanta o más salud que el rival, dispará.",B,S1,B,S1,B,S1,S1,S1,True,False,False,False,True,False,,334.349,
qwen3:30b-a3b-instruct-2507-q4_K_M,0,d2-x-compare-d,D2-P2,D2,es_standard,Tuteo Spanish,a_first,direct,"Cuando tu coordenada x es mayor que la del rival, gira 90 grados en sentido antihorario. Cuando tu coordenada x es menor o igual que la del rival, gira 90 grados en sentido horario.",A90.0,A90.0,C90.0,A90.0,C90.0,A90,A90,A90.0,True,True,True,True,True,False,,370.547,
qwen3:30b-a3b-instruct-2507-q4_K_M,0,d3-conjunction-a,D3-P1,D3,es_standard,Tuteo Spanish,a_first,deliberative,"Cuando tienes menos de 15 puntos de salud y el escudo está bajo, levanta el escudo. Cuando tienes 15 puntos de salud o más o el escudo está levantado, dispara.",S1,S1,B,S1,B,"Scratchpad:
- Current health of bot 1: 10 (less than 15)
- Current shield status of bot 1: false (shield is off)
- Since health < 15 AND shield is off → condition for raising shield is met
- Therefore, the action should be to set shield on

FINAL: S1",S1,S1,True,True,True,True,True,False,,1402.539,
qwen3:30b-a3b-instruct-2507-q4_K_M,0,d3-xor-shields-c,D3-P2,D3,es_rioplatense,Rioplatense voseo,b_first,direct,"Cuando los dos escudos están en el mismo estado, dispará. Cuando exactamente uno de los dos escudos está levantado, avanzá.",M,M,B,B,M,B,B,B,True,False,False,False,True,False,,310.03,
qwen3:30b-a3b-instruct-2507-q4_K_M,0,d1-shield-a,D1-P1,D1,es_rioplatense,Rioplatense voseo,a_first,deliberative,"Cuando tenés el escudo levantado, bajalo. Cuando tenés el escudo bajo, dispará.",S0,S0,B,S0,B,"Scratchpad:
- Bot 1's current shield state is true (shield is on).
- According to the policy: ""Cuando tenés el escudo levantado, bajalo"" → Since the shield is up, I must lower it.
- Therefore, the correct action is to turn the shield off.

FINAL: S0",S0,S0,True,True,True,True,True,False,,1224.189,
qwen3:30b-a3b-instruct-2507-q4_K_M,0,d3-conjunction-a,D3-P1,D3,es_rioplatense,Rioplatense voseo,a_first,deliberative,"Cuando tenés menos de 15 puntos de salud y el escudo está bajo, levantá el escudo. Cuando tenés 15 puntos de salud o más o el escudo está levantado, dispará.",S1,S1,B,S1,B,"Let's analyze the state and policy step by step:

1. Current health of bot 1: 10 (which is less than 15)
2. Current shield state of bot 1: false (shield is off)
3. Since health < 15 AND shield is off → condition for raising the shield is met.

According to the policy:
- ""Cuando tenés menos de 15 puntos de salud y el escudo está bajo, levantá el escudo.""
  → If health < 15 AND shield is off → raise the shield (S1)

So, the correct action is to set the shield on.

FINAL: S1",S1,S1,True,True,True,True,True,False,,2437.79,
qwen3:30b-a3b-instruct-2507-q4_K_M,0,d3-xor-shields-c,D3-P2,D3,es_standard,Tuteo Spanish,a_first,deliberative,"Cuando exactamente uno de los dos escudos está levantado, avanza. Cuando los dos escudos están en el mismo estado, dispara.",M,M,B,M,B,"Scratchpad:

- Bot 1 (current player): shield = true
- Bot 2 (opponent): shield = false

Check condition: ""Cuando exactamente uno de los dos escudos está levantado""
- Bot 1 shield: true
- Bot 2 shield: false
→ Exactly one shield is up → condition is true

Therefore, according to the policy: ""avanza"" (move forward)

Since no specific distance is given, use the default move: M

FINAL: M",M,M,True,True,True,True,True,False,,1824.676,
qwen3:30b-a3b-instruct-2507-q4_K_M,0,d5-x-distance-a,D5-P2,D5,es_standard,Tuteo Spanish,b_first,deliberative,"Primero calcula la distancia horizontal entre tu coordenada x y la coordenada x del rival. Cuando la distancia es menor que 0.4, gira 90 grados en sentido horario. Cuando la distancia es de al menos 0.4, avanza 0.1.",M0.1,M0.1,C90.0,C90.0,M0.1,"Scratchpad:
- Your x-coordinate: 0.2
- Opponent's x-coordinate: 0.8
- Horizontal distance = |0.8 - 0.2| = 0.6
- Since 0.6 >= 0.4, the condition ""distance is of at least 0.4"" is true.
- Therefore, according to the policy, you should advance 0.1 units forward.
- The command for moving forward by 0.1 is M0.1.

FINAL: M0.1",M0.1,M0.1,True,True,True,True,False,True,,2025.465,
qwen3:30b-a3b-instruct-2507-q4_K_M,0,d2-x-compare-b,D2-P2,D2,es_rioplatense,Rioplatense voseo,a_first,direct,"Cuando tu coordenada x es mayor que la del rival, girá 90 grados en sentido antihorario. Cuando tu coordenada x es menor o igual que la del rival, girá 90 grados en sentido horario.",C90.0,A90.0,C90.0,A90.0,C90.0,A90,A90,A90.0,True,False,False,False,True,False,,369.912,
qwen3:30b-a3b-instruct-2507-q4_K_M,0,d2-health-compare-d,D2-P1,D2,es_rioplatense,Rioplatense voseo,a_first,direct,"Cuando tenés menos salud que el rival, levantá el escudo. Cuando tenés tanta o más salud que el rival, dispará.",S1,S1,B,S1,B,S1,S1,S1,True,True,True,True,True,False,,335.362,
qwen3:30b-a3b-instruct-2507-q4_K_M,0,d5-x-distance-c,D5-P2,D5,es_rioplatense,Rioplatense voseo,a_first,direct,"Primero calculá la distancia horizontal entre tu coordenada x y la coordenada x del rival. Cuando la distancia es de al menos 0.4, avanzá 0.1. Cuando la distancia es menor que 0.4, girá 90 grados en sentido horario.",M0.1,M0.1,C90.0,M0.1,C90.0,C90,C90,C90.0,True,False,False,False,False,True,,374.54,
qwen3:30b-a3b-instruct-2507-q4_K_M,0,d3-xor-shields-a,D3-P2,D3,es_rioplatense,Rioplatense voseo,a_first,direct,"Cuando exactamente uno de los dos escudos está levantado, avanzá. Cuando los dos escudos están en el mismo estado, dispará.",B,M,B,M,B,M,M,M,True,False,False,False,True,False,,294.785,
qwen3:30b-a3b-instruct-2507-q4_K_M,0,d1-shield-c,D1-P1,D1,es_rioplatense,Rioplatense voseo,a_first,direct,"Cuando tenés el escudo levantado, bajalo. Cuando tenés el escudo bajo, dispará.",S0,S0,B,S0,B,S0,S0,S0,True,True,True,True,True,False,,318.604,
qwen3:30b-a3b-instruct-2507-q4_K_M,0,d5-health-difference-c,D5-P1,D5,es_standard,Tuteo Spanish,b_first,direct,"Cuando no tienes al menos 10 puntos de salud más que el rival, levanta el escudo. Cuando tienes al menos 10 puntos de salud más que el rival, dispara.",S1,B,S1,S1,B,S1,S1,S1,True,True,True,True,True,False,,351.58,
qwen3:30b-a3b-instruct-2507-q4_K_M,0,d3-conjunction-c,D3-P1,D3,es_standard,Tuteo Spanish,b_first,deliberative,"Cuando tienes 15 puntos de salud o más o el escudo está levantado, dispara. Cuando tienes menos de 15 puntos de salud y el escudo está bajo, levanta el escudo.",B,S1,B,B,S1,"Let's analyze the state and policy step by step:

1. Current health of bot 1: 20 (which is ≥ 15)
2. Shield status of bot 1: false (off)
3. The policy says:
   - If health ≥ 15 OR shield is on → fire (B)
   - Else (health < 15 AND shield is off) → set shield on (S1)

Since health is 20 (≥ 15), the first condition is satisfied, regardless of shield status.

Therefore, the action is to fire.

FINAL: B",B,B,True,True,True,True,True,False,,2185.337,
qwen3:30b-a3b-instruct-2507-q4_K_M,0,d2-x-compare-a,D2-P2,D2,es_rioplatense,Rioplatense voseo,a_first,direct,"Cuando tu coordenada x es mayor que la del rival, girá 90 grados en sentido antihorario. Cuando tu coordenada x es menor o igual que la del rival, girá 90 grados en sentido horario.",A90.0,A90.0,C90.0,A90.0,C90.0,A90,A90,A90.0,True,True,True,True,True,False,,370.482,
qwen3:30b-a3b-instruct-2507-q4_K_M,0,d1-shield-d,D1-P1,D1,es_rioplatense,Rioplatense voseo,a_first,direct,"Cuando tenés el escudo levantado, bajalo. Cuando tenés el escudo bajo, dispará.",B,S0,B,S0,B,S0,S0,S0,True,False,False,False,True,False,,327.967,
qwen3:30b-a3b-instruct-2507-q4_K_M,0,d5-health-difference-d,D5-P1,D5,es_rioplatense,Rioplatense voseo,a_first,direct,"Cuando tenés al menos 10 puntos de salud más que el rival, dispará. Cuando no tenés al menos 10 puntos de salud más que el rival, levantá el escudo.",B,B,S1,B,S1,B,B,B,True,True,True,True,True,False,,328.7,
qwen3:30b-a3b-instruct-2507-q4_K_M,0,d2-x-compare-d,D2-P2,D2,es_standard,Tuteo Spanish,b_first,deliberative,"Cuando tu coordenada x es menor o igual que la del rival, gira 90 grados en sentido horario. Cuando tu coordenada x es mayor que la del rival, gira 90 grados en sentido antihorario.",A90.0,A90.0,C90.0,C90.0,A90.0,"Scratchpad:
- Bot 1's x coordinate: 0.51
- Bot 2's x coordinate: 0.5
- Compare: 0.51 > 0.5 → True
- Since bot 1's x is greater than bot 2's x, the rule says to rotate counterclockwise by 90 degrees.
- Therefore, the command should be A90.

FINAL: A90",A90,A90.0,True,True,True,True,False,True,,1618.814,
qwen3:30b-a3b-instruct-2507-q4_K_M,0,d2-health-compare-d,D2-P1,D2,es_standard,Tuteo Spanish,b_first,direct,"Cuando tienes tanta o más salud que el rival, dispara. Cuando tienes menos salud que el rival, levanta el escudo.",S1,S1,B,B,S1,B,B,B,True,False,False,False,True,False,,319.058,
qwen3:30b-a3b-instruct-2507-q4_K_M,0,d2-x-compare-b,D2-P2,D2,es_standard,Tuteo Spanish,a_first,deliberative,"Cuando tu coordenada x es mayor que la del rival, gira 90 grados en sentido antihorario. Cuando tu coordenada x es menor o igual que la del rival, gira 90 grados en sentido horario.",C90.0,A90.0,C90.0,A90.0,C90.0,"Scratchpad:
- Bot 1's x coordinate: 0.3
- Bot 2's x coordinate: 0.7
- Compare: 0.3 > 0.7? → No
- Since x is not greater, the condition ""x > rival_x"" is false.
- Therefore, follow the ""else"" branch: rotate 90 degrees clockwise.
- Command: C90

FINAL: C90",C90,C90.0,True,True,True,True,False,True,,1685.706,
qwen3:30b-a3b-instruct-2507-q4_K_M,0,d2-x-compare-c,D2-P2,D2,es_standard,Tuteo Spanish,b_first,deliberative,"Cuando tu coordenada x es menor o igual que la del rival, gira 90 grados en sentido horario. Cuando tu coordenada x es mayor que la del rival, gira 90 grados en sentido antihorario.",C90.0,A90.0,C90.0,C90.0,A90.0,"Scratchpad:
- Bot 1's x coordinate: 0.5
- Bot 2's x coordinate: 0.5
- Since bot 1's x (0.5) is equal to bot 2's x (0.5), the condition ""x <= rival_x"" is true.
- According to the policy, when x <= rival_x, rotate 90 degrees clockwise.
- Therefore, the command should be C90.

FINAL: C90",C90,C90.0,True,True,True,True,True,False,,1796.105,
qwen3:30b-a3b-instruct-2507-q4_K_M,0,d1-health-d,D1-P2,D1,es_rioplatense,Rioplatense voseo,b_first,direct,"Cuando tenés 15 puntos de salud o más, avanzá. Cuando tenés menos de 15 puntos de salud, levantá el escudo.",M,S1,M,M,S1,M,M,M,True,True,True,True,True,False,,323.552,
qwen3:30b-a3b-instruct-2507-q4_K_M,0,d3-xor-shields-c,D3-P2,D3,es_standard,Tuteo Spanish,b_first,deliberative,"Cuando los dos escudos están en el mismo estado, dispara. Cuando exactamente uno de los dos escudos está levantado, avanza.",M,M,B,B,M,"Let's analyze the game state and the policy step by step.

Game State:
- Bot 1 (you):
  - health: 30
  - x: 0.2, y: 0.5
  - rot: 0.0 degrees
  - shield: true (on)
- Bot 2 (opponent):
  - health: 30
  - x: 0.8, y: 0.5
  - rot: 180.0 degrees
  - shield: false (off)

Policy:
1. ""Cuando los dos escudos están en el mismo estado, dispara.""  
   → If both shields are in the same state (both on or both off), then fire (B).

2. ""Cuando exactamente uno de los dos escudos está levantado, avanza.""  
   → If exactly one shield is on (one on, one off), then move forward (M).

Now, evaluate the shield states:
- Bot 1 shield: true
- Bot 2 shield: false

→ Exactly one shield is on (Bot 1 has shield on, Bot 2 has shield off).  
→ This matches the second condition: """,,ERR,False,False,False,False,False,False,"expected exactly one FINAL line, found 0",4116.832,
qwen3:30b-a3b-instruct-2507-q4_K_M,0,d1-health-b,D1-P2,D1,es_standard,Tuteo Spanish,b_first,direct,"Cuando tienes 15 puntos de salud o más, avanza. Cuando tienes menos de 15 puntos de salud, levanta el escudo.",S1,S1,M,M,S1,M,M,M,True,False,False,False,True,False,,326.247,
qwen3:30b-a3b-instruct-2507-q4_K_M,0,d2-x-compare-b,D2-P2,D2,es_rioplatense,Rioplatense voseo,a_first,deliberative,"Cuando tu coordenada x es mayor que la del rival, girá 90 grados en sentido antihorario. Cuando tu coordenada x es menor o igual que la del rival, girá 90 grados en sentido horario.",C90.0,A90.0,C90.0,A90.0,C90.0,"Scratchpad:
- Bot 1's x coordinate: 0.3
- Bot 2's x coordinate: 0.7
- Compare: 0.3 > 0.7? → No
- Since x is not greater, the condition ""x > rival_x"" is false.
- Therefore, follow the ""else"" branch: rotate 90 degrees clockwise.

FINAL: C90",C90,C90.0,True,True,True,True,False,True,,1605.811,
qwen3:30b-a3b-instruct-2507-q4_K_M,0,d1-health-b,D1-P2,D1,es_standard,Tuteo Spanish,b_first,deliberative,"Cuando tienes 15 puntos de salud o más, avanza. Cuando tienes menos de 15 puntos de salud, levanta el escudo.",S1,S1,M,M,S1,"Scratchpad:
- Bot 1's health is 14, which is less than 15.
- According to the policy: ""Cuando tienes menos de 15 puntos de salud, levanta el escudo.""
- Therefore, the action should be to set the shield on.
- The command to set the shield on is S1.

FINAL: S1",S1,S1,True,True,True,True,False,True,,1462.536,
qwen3:30b-a3b-instruct-2507-q4_K_M,0,d2-health-compare-a,D2-P1,D2,es_standard,Tuteo Spanish,b_first,direct,"Cuando tienes tanta o más salud que el rival, dispara. Cuando tienes menos salud que el rival, levanta el escudo.",S1,S1,B,B,S1,B,B,B,True,False,False,False,True,False,,327.433,
qwen3:30b-a3b-instruct-2507-q4_K_M,0,d5-x-distance-c,D5-P2,D5,es_standard,Tuteo Spanish,a_first,direct,"Primero calcula la distancia horizontal entre tu coordenada x y la coordenada x del rival. Cuando la distancia es de al menos 0.4, avanza 0.1. Cuando la distancia es menor que 0.4, gira 90 grados en sentido horario.",M0.1,M0.1,C90.0,M0.1,C90.0,M0.1,M0.1,M0.1,True,True,True,True,True,False,,435.164,
qwen3:30b-a3b-instruct-2507-q4_K_M,0,d2-health-compare-d,D2-P1,D2,es_rioplatense,Rioplatense voseo,b_first,deliberative,"Cuando tenés tanta o más salud que el rival, dispará. Cuando tenés menos salud que el rival, levantá el escudo.",S1,S1,B,B,S1,"Let's analyze the game state and the policy step by step:

1. **Current health of bot 1 (you):** 14
2. **Current health of bot 2 (opponent):** 15
3. **Compare health:** 14 < 15 → You have less health than the opponent.

According to the policy:
- If you have **more or equal** health than the opponent → **fire (B)**
- If you have **less** health than the opponent → **set shield on (S1)**

Since your health (14) is less than the opponent's (15), the correct action is to **set the shield on**.

FINAL: S1",S1,S1,True,True,True,True,False,True,,2478.789,
qwen3:30b-a3b-instruct-2507-q4_K_M,0,d2-x-compare-c,D2-P2,D2,es_rioplatense,Rioplatense voseo,b_first,direct,"Cuando tu coordenada x es menor o igual que la del rival, girá 90 grados en sentido horario. Cuando tu coordenada x es mayor que la del rival, girá 90 grados en sentido antihorario.",C90.0,A90.0,C90.0,C90.0,A90.0,C90,C90,C90.0,True,True,True,True,True,False,,352.969,
qwen3:30b-a3b-instruct-2507-q4_K_M,0,d2-x-compare-d,D2-P2,D2,es_rioplatense,Rioplatense voseo,b_first,direct,"Cuando tu coordenada x es menor o igual que la del rival, girá 90 grados en sentido horario. Cuando tu coordenada x es mayor que la del rival, girá 90 grados en sentido antihorario.",A90.0,A90.0,C90.0,C90.0,A90.0,C90,C90,C90.0,True,False,False,False,True,False,,345.047,
qwen3:30b-a3b-instruct-2507-q4_K_M,0,d3-conjunction-a,D3-P1,D3,es_rioplatense,Rioplatense voseo,b_first,direct,"Cuando tenés 15 puntos de salud o más o el escudo está levantado, dispará. Cuando tenés menos de 15 puntos de salud y el escudo está bajo, levantá el escudo.",S1,S1,B,B,S1,B,B,B,True,False,False,False,True,False,,334.682,
qwen3:30b-a3b-instruct-2507-q4_K_M,0,d2-health-compare-d,D2-P1,D2,es_standard,Tuteo Spanish,a_first,deliberative,"Cuando tienes menos salud que el rival, levanta el escudo. Cuando tienes tanta o más salud que el rival, dispara.",S1,S1,B,S1,B,"Scratchpad:
- Bot 1 health: 14
- Bot 2 health: 15
- Bot 1 has less health than bot 2 (14 < 15)
- According to the policy: ""Cuando tienes menos salud que el rival, levanta el escudo"" → when you have less health than the rival, raise the shield
- Therefore, the action should be to set the shield on
- Command: S1

FINAL: S1",S1,S1,True,True,True,True,True,False,,1719.696,
qwen3:30b-a3b-instruct-2507-q4_K_M,0,d2-health-compare-b,D2-P1,D2,es_standard,Tuteo Spanish,b_first,direct,"Cuando tienes tanta o más salud que el rival, dispara. Cuando tienes menos salud que el rival, levanta el escudo.",B,S1,B,B,S1,B,B,B,True,True,True,True,True,False,,318.829,
qwen3:30b-a3b-instruct-2507-q4_K_M,0,d1-health-a,D1-P2,D1,es_rioplatense,Rioplatense voseo,a_first,deliberative,"Cuando tenés menos de 15 puntos de salud, levantá el escudo. Cuando tenés 15 puntos de salud o más, avanzá.",S1,S1,M,S1,M,"Scratchpad:
- Bot 1's health is 5, which is less than 15.
- According to the policy: ""Cuando tenés menos de 15 puntos de salud, levantá el escudo"" → when health is less than 15, raise the shield.
- Therefore, the action should be to set the shield on.
- The command for setting the shield on is S1.

FINAL: S1",S1,S1,True,True,True,True,True,False,,1709.977,
qwen3:30b-a3b-instruct-2507-q4_K_M,0,d5-health-difference-a,D5-P1,D5,es_standard,Tuteo Spanish,a_first,direct,"Cuando tienes al menos 10 puntos de salud más que el rival, dispara. Cuando no tienes al menos 10 puntos de salud más que el rival, levanta el escudo.",B,B,S1,B,S1,B,B,B,True,True,True,True,True,False,,332.065,
qwen3:30b-a3b-instruct-2507-q4_K_M,0,d5-health-difference-a,D5-P1,D5,es_rioplatense,Rioplatense voseo,b_first,deliberative,"Cuando no tenés al menos 10 puntos de salud más que el rival, levantá el escudo. Cuando tenés al menos 10 puntos de salud más que el rival, dispará.",B,B,S1,S1,B,"Let's analyze the game state and the policy step by step.

Game state:
- Bot 1 (you): health = 30, x = 0.2, y = 0.5, rot = 0.0, shield = false
- Bot 2 (opponent): health = 20, x = 0.8, y = 0.5, rot = 180.0, shield = false

Policy:
1. ""Cuando no tenés al menos 10 puntos de salud más que el rival, levantá el escudo.""
   - This means: if your health is not at least 10 more than the opponent's health, then activate the shield.
   - Your health: 30
   - Opponent's health: 20
   - Difference: 30 - 20 = 10
   - So, you have exactly 10 more health than the opponent → condition ""al menos 10 puntos más"" is satisfied.

   Therefore, the first condition (""no tenés al menos 10 puntos más"") is **false**, so we do **not** activate the shield.

2. ""Cuando tenés",,ERR,False,False,False,False,False,False,"expected exactly one FINAL line, found 0",4148.196,
qwen3:30b-a3b-instruct-2507-q4_K_M,0,d5-x-distance-c,D5-P2,D5,es_standard,Tuteo Spanish,b_first,deliberative,"Primero calcula la distancia horizontal entre tu coordenada x y la coordenada x del rival. Cuando la distancia es menor que 0.4, gira 90 grados en sentido horario. Cuando la distancia es de al menos 0.4, avanza 0.1.",M0.1,M0.1,C90.0,C90.0,M0.1,"Scratchpad:
- Your x-coordinate: 0.1
- Opponent's x-coordinate: 0.5
- Horizontal distance = |0.5 - 0.1| = 0.4

Condition 1: If distance < 0.4 → False (since 0.4 is not less than 0.4)
Condition 2: Else (distance >= 0.4) → True

So, according to the policy: ""Cuando la distancia es de al menos 0.4, avanza 0.1""

Therefore, the action is: M0.1

FINAL: M0.1",M0.1,M0.1,True,True,True,True,False,True,,2405.915,
qwen3:30b-a3b-instruct-2507-q4_K_M,0,d2-health-compare-b,D2-P1,D2,es_standard,Tuteo Spanish,a_first,direct,"Cuando tienes menos salud que el rival, levanta el escudo. Cuando tienes tanta o más salud que el rival, dispara.",B,S1,B,S1,B,S1,S1,S1,True,False,False,False,True,False,,332.782,
qwen3:30b-a3b-instruct-2507-q4_K_M,0,d5-x-distance-a,D5-P2,D5,es_standard,Tuteo Spanish,a_first,direct,"Primero calcula la distancia horizontal entre tu coordenada x y la coordenada x del rival. Cuando la distancia es de al menos 0.4, avanza 0.1. Cuando la distancia es menor que 0.4, gira 90 grados en sentido horario.",M0.1,M0.1,C90.0,M0.1,C90.0,M0.1,M0.1,M0.1,True,True,True,True,True,False,,392.179,
qwen3:30b-a3b-instruct-2507-q4_K_M,0,d5-health-difference-a,D5-P1,D5,es_standard,Tuteo Spanish,a_first,deliberative,"Cuando tienes al menos 10 puntos de salud más que el rival, dispara. Cuando no tienes al menos 10 puntos de salud más que el rival, levanta el escudo.",B,B,S1,B,S1,"Let's analyze the game state and the policy step by step.

1. **Current health of bot 1 (you):** 30
2. **Current health of bot 2 (opponent):** 20
3. **Health difference:** 30 - 20 = 10

The policy says:
- If you have **at least 10 points of health more** than the rival → **fire (B)**
- Otherwise → **raise shield (S1)**

Since you have exactly 10 points more (30 ≥ 20 + 10), the condition ""at least 10 points more"" is satisfied.

Therefore, the correct action is to **fire**.

FINAL: B",B,B,True,True,True,True,True,False,,2615.831,
qwen3:30b-a3b-instruct-2507-q4_K_M,0,d1-shield-d,D1-P1,D1,es_standard,Tuteo Spanish,b_first,direct,"Cuando tienes el escudo bajo, dispara. Cuando tienes el escudo levantado, bájalo.",B,S0,B,B,S0,B,B,B,True,True,True,True,True,False,,313.226,
qwen3:30b-a3b-instruct-2507-q4_K_M,0,d3-xor-shields-a,D3-P2,D3,es_rioplatense,Rioplatense voseo,b_first,direct,"Cuando los dos escudos están en el mismo estado, dispará. Cuando exactamente uno de los dos escudos está levantado, avanzá.",B,M,B,B,M,B,B,B,True,True,True,True,True,False,,316.425,
qwen3:30b-a3b-instruct-2507-q4_K_M,0,d2-health-compare-a,D2-P1,D2,es_standard,Tuteo Spanish,a_first,deliberative,"Cuando tienes menos salud que el rival, levanta el escudo. Cuando tienes tanta o más salud que el rival, dispara.",S1,S1,B,S1,B,"Scratchpad:
- Bot 1 health: 10
- Bot 2 health: 20
- Bot 1 health < Bot 2 health → condition is true
- Therefore, according to the policy: ""Cuando tienes menos salud que el rival, levanta el escudo"" → set shield on
- Command: S1

FINAL: S1",S1,S1,True,True,True,True,True,False,,1431.403,
qwen3:30b-a3b-instruct-2507-q4_K_M,0,d3-conjunction-a,D3-P1,D3,es_rioplatense,Rioplatense voseo,b_first,deliberative,"Cuando tenés 15 puntos de salud o más o el escudo está levantado, dispará. Cuando tenés menos de 15 puntos de salud y el escudo está bajo, levantá el escudo.",S1,S1,B,B,S1,"Let's analyze the state and policy step by step:

1. Current health of bot 1: 10 (less than 15)
2. Shield status of bot 1: false (shield is off)
3. The policy says:
   - If health >= 15 OR shield is on → fire (B)
   - Else (health < 15 AND shield is off) → raise shield (S1)

Since health is 10 (less than 15) and shield is off, the second condition applies: we must raise the shield.

Therefore, the correct command is S1.

FINAL: S1",S1,S1,True,True,True,True,False,True,,2253.012,
qwen3:30b-a3b-instruct-2507-q4_K_M,0,d3-conjunction-c,D3-P1,D3,es_rioplatense,Rioplatense voseo,a_first,direct,"Cuando tenés menos de 15 puntos de salud y el escudo está bajo, levantá el escudo. Cuando tenés 15 puntos de salud o más o el escudo está levantado, dispará.",B,S1,B,S1,B,S1,S1,S1,True,False,False,False,True,False,,355.795,
qwen3:30b-a3b-instruct-2507-q4_K_M,0,d3-xor-shields-c,D3-P2,D3,es_rioplatense,Rioplatense voseo,a_first,deliberative,"Cuando exactamente uno de los dos escudos está levantado, avanzá. Cuando los dos escudos están en el mismo estado, dispará.",M,M,B,M,B,"Scratchpad:
- Bot 1 (me): shield = true, health = 30, x = 0.2, y = 0.5, rot = 0.0
- Bot 2 (opponent): shield = false, health = 30, x = 0.8, y = 0.5, rot = 180.0

Check condition: ""Cuando exactamente uno de los dos escudos está levantado""
- Bot 1 shield: true
- Bot 2 shield: false
→ Exactly one shield is up → condition is true

Therefore, according to the policy: ""avanzá"" → move forward by default step → M

FINAL: M",M,M,True,True,True,True,True,False,,2579.664,
qwen3:30b-a3b-instruct-2507-q4_K_M,0,d3-xor-shields-d,D3-P2,D3,es_standard,Tuteo Spanish,b_first,direct,"Cuando los dos escudos están en el mismo estado, dispara. Cuando exactamente uno de los dos escudos está levantado, avanza.",B,M,B,B,M,B,B,B,True,True,True,True,True,False,,327.316,
qwen3:30b-a3b-instruct-2507-q4_K_M,0,d1-health-d,D1-P2,D1,es_rioplatense,Rioplatense voseo,a_first,deliberative,"Cuando tenés menos de 15 puntos de salud, levantá el escudo. Cuando tenés 15 puntos de salud o más, avanzá.",M,S1,M,S1,M,"Scratchpad:
- Bot 1's health is 25, which is greater than or equal to 15.
- According to the policy: ""Cuando tenés 15 puntos de salud o más, avanzá"" → when health is 15 or more, move forward.
- Therefore, the action should be to move forward by the default step.

FINAL: M",M,M,True,True,True,True,False,True,,1514.507,
qwen3:30b-a3b-instruct-2507-q4_K_M,0,d5-health-difference-a,D5-P1,D5,es_rioplatense,Rioplatense voseo,b_first,direct,"Cuando no tenés al menos 10 puntos de salud más que el rival, levantá el escudo. Cuando tenés al menos 10 puntos de salud más que el rival, dispará.",B,B,S1,S1,B,S1,S1,S1,True,False,False,False,True,False,,329.626,
qwen3:30b-a3b-instruct-2507-q4_K_M,0,d3-xor-shields-a,D3-P2,D3,es_standard,Tuteo Spanish,b_first,direct,"Cuando los dos escudos están en el mismo estado, dispara. Cuando exactamente uno de los dos escudos está levantado, avanza.",B,M,B,B,M,B,B,B,True,True,True,True,True,False,,289.264,
qwen3:30b-a3b-instruct-2507-q4_K_M,0,d1-shield-b,D1-P1,D1,es_rioplatense,Rioplatense voseo,b_first,direct,"Cuando tenés el escudo bajo, dispará. Cuando tenés el escudo levantado, bajalo.",B,S0,B,B,S0,B,B,B,True,True,True,True,True,False,,303.935,
qwen3:30b-a3b-instruct-2507-q4_K_M,0,d3-conjunction-b,D3-P1,D3,es_standard,Tuteo Spanish,b_first,direct,"Cuando tienes 15 puntos de salud o más o el escudo está levantado, dispara. Cuando tienes menos de 15 puntos de salud y el escudo está bajo, levanta el escudo.",B,S1,B,B,S1,B,B,B,True,True,True,True,True,False,,330.531,
qwen3:30b-a3b-instruct-2507-q4_K_M,0,d5-health-difference-a,D5-P1,D5,es_rioplatense,Rioplatense voseo,a_first,direct,"Cuando tenés al menos 10 puntos de salud más que el rival, dispará. Cuando no tenés al menos 10 puntos de salud más que el rival, levantá el escudo.",B,B,S1,B,S1,B,B,B,True,True,True,True,True,False,,332.545,
qwen3:30b-a3b-instruct-2507-q4_K_M,0,d2-health-compare-a,D2-P1,D2,es_rioplatense,Rioplatense voseo,a_first,deliberative,"Cuando tenés menos salud que el rival, levantá el escudo. Cuando tenés tanta o más salud que el rival, dispará.",S1,S1,B,S1,B,"Let's analyze the game state and the policy step by step.

Game State:
- Bot 1 (you):
  - Health: 10
  - Position: (x=0.2, y=0.5)
  - Rotation: 0.0 degrees
  - Shield: off (false)
- Bot 2 (opponent):
  - Health: 20
  - Position: (x=0.8, y=0.5)
  - Rotation: 180.0 degrees
  - Shield: off (false)

Policy:
1. ""Cuando tenés menos salud que el rival, levantá el escudo.""  
   → If your health < opponent's health → set shield on.

2. ""Cuando tenés tanta o más salud que el rival, dispará.""  
   → If your health ≥ opponent's health → fire.

Current comparison:
- Your health: 10
- Opponent's health: 20
→ 10 < 20 → condition for ""levantá el escudo"" is true.

Therefore, according to the policy, you should set the shield on.

Command: S1 (set shield on)

FINAL:",,ERR,False,False,False,False,False,False,"expected exactly one FINAL line, found 0",4129.127,
qwen3:30b-a3b-instruct-2507-q4_K_M,0,d5-health-difference-c,D5-P1,D5,es_standard,Tuteo Spanish,b_first,deliberative,"Cuando no tienes al menos 10 puntos de salud más que el rival, levanta el escudo. Cuando tienes al menos 10 puntos de salud más que el rival, dispara.",S1,B,S1,S1,B,"Scratchpad:
- Bot 1 health: 10
- Bot 2 health: 25
- Health difference: 10 - 25 = -15 (Bot 1 has 15 less health than Bot 2)
- Since Bot 1 does not have at least 10 more health than Bot 2, the condition ""when not having at least 10 points of health more than the rival"" is true.
- Therefore, according to the policy, Bot 1 should raise the shield.
- The current shield state is off (false), so we need to set it on.

FINAL: S1",S1,S1,True,True,True,True,True,False,,2304.055,
qwen3:30b-a3b-instruct-2507-q4_K_M,0,d3-conjunction-d,D3-P1,D3,es_rioplatense,Rioplatense voseo,a_first,direct,"Cuando tenés menos de 15 puntos de salud y el escudo está bajo, levantá el escudo. Cuando tenés 15 puntos de salud o más o el escudo está levantado, dispará.",B,S1,B,S1,B,S0,S0,S0,True,False,False,False,False,False,,349.053,
qwen3:30b-a3b-instruct-2507-q4_K_M,0,d1-shield-d,D1-P1,D1,es_rioplatense,Rioplatense voseo,b_first,deliberative,"Cuando tenés el escudo bajo, dispará. Cuando tenés el escudo levantado, bajalo.",B,S0,B,B,S0,"Scratchpad:
- Bot 1's current shield state is false (off).
- According to the policy: ""Cuando tenés el escudo bajo, dispará"" → When your shield is down, shoot.
- Since the shield is currently off (down), the action should be to fire.
- The second part of the policy: ""Cuando tenés el escudo levantado, bajalo"" → When your shield is up, lower it.
- This condition does not apply now because the shield is off.

Therefore, the correct action is to fire.

FINAL: B",B,B,True,True,True,True,True,False,,2145.665,
qwen3:30b-a3b-instruct-2507-q4_K_M,0,d3-xor-shields-b,D3-P2,D3,es_rioplatense,Rioplatense voseo,b_first,deliberative,"Cuando los dos escudos están en el mismo estado, dispará. Cuando exactamente uno de los dos escudos está levantado, avanzá.",M,M,B,B,M,"Let's analyze the game state and the policy step by step.

Game State:
- Bot 1 (you):
  - health: 30
  - x: 0.2, y: 0.5
  - rot: 0.0 degrees
  - shield: false (off)
- Bot 2 (opponent):
  - health: 30
  - x: 0.8, y: 0.5
  - rot: 180.0 degrees
  - shield: true (on)

Policy:
1. ""Cuando los dos escudos están en el mismo estado, dispará.""  
   → If both shields are in the same state (both on or both off), then fire (B).

2. ""Cuando exactamente uno de los dos escudos está levantado, avanzá.""  
   → If exactly one shield is on (i.e., one on, one off), then move forward (M).

Now, evaluate the shield states:
- Bot 1 shield: false
- Bot 2 shield: true

→ Exactly one shield is on → condition for ""avanzá"" is met.

Therefore, the correct action is to move forward.

",,ERR,False,False,False,False,False,False,"expected exactly one FINAL line, found 0",4196.151,
qwen3:30b-a3b-instruct-2507-q4_K_M,0,d2-x-compare-d,D2-P2,D2,es_rioplatense,Rioplatense voseo,b_first,deliberative,"Cuando tu coordenada x es menor o igual que la del rival, girá 90 grados en sentido horario. Cuando tu coordenada x es mayor que la del rival, girá 90 grados en sentido antihorario.",A90.0,A90.0,C90.0,C90.0,A90.0,"Scratchpad:
- My x coordinate (bot 1): 0.51
- Opponent's x coordinate (bot 2): 0.5
- Compare: 0.51 > 0.5 → True
- Since my x is greater than the opponent's x, I should rotate counterclockwise by 90 degrees.
- Therefore, the command is A90.

FINAL: A90",A90,A90.0,True,True,True,True,False,True,,1726.117,
qwen3:30b-a3b-instruct-2507-q4_K_M,0,d2-x-compare-c,D2-P2,D2,es_rioplatense,Rioplatense voseo,a_first,deliberative,"Cuando tu coordenada x es mayor que la del rival, girá 90 grados en sentido antihorario. Cuando tu coordenada x es menor o igual que la del rival, girá 90 grados en sentido horario.",C90.0,A90.0,C90.0,A90.0,C90.0,"Scratchpad:
- My x coordinate (bot 1): 0.5
- Opponent's x coordinate (bot 2): 0.5
- Compare: 0.5 > 0.5 → False
- Since x is not greater, condition is false → use the ""else"" branch: rotate 90 degrees clockwise
- Therefore, command is C90

FINAL: C90",C90,C90.0,True,True,True,True,False,True,,1611.096,
qwen3:30b-a3b-instruct-2507-q4_K_M,0,d5-health-difference-a,D5-P1,D5,es_rioplatense,Rioplatense voseo,a_first,deliberative,"Cuando tenés al menos 10 puntos de salud más que el rival, dispará. Cuando no tenés al menos 10 puntos de salud más que el rival, levantá el escudo.",B,B,S1,B,S1,"Let's analyze the game state and the policy step by step.

Game State:
- Bot 1 (you):
  - Health: 30
  - Position: (x=0.2, y=0.5)
  - Rotation: 0.0 degrees
  - Shield: off
- Bot 2 (opponent):
  - Health: 20
  - Position: (x=0.8, y=0.5)
  - Rotation: 180.0 degrees
  - Shield: off

Policy:
1. ""Cuando tenés al menos 10 puntos de salud más que el rival, dispará.""
   - Check: Bot 1 health (30) - Bot 2 health (20) = 10
   - 10 >= 10 → condition is true → action: fire (B)

2. ""Cuando no tenés al menos 10 puntos de salud más que el rival, levantá el escudo.""
   - This is the else case, but since the first condition is true, we don't execute this.

Therefore, the correct action is to fire.

FINAL: B",B,B,True,True,True,True,True,False,,4094.269,
qwen3:30b-a3b-instruct-2507-q4_K_M,0,d3-conjunction-b,D3-P1,D3,es_standard,Tuteo Spanish,a_first,deliberative,"Cuando tienes menos de 15 puntos de salud y el escudo está bajo, levanta el escudo. Cuando tienes 15 puntos de salud o más o el escudo está levantado, dispara.",B,S1,B,S1,B,"Scratchpad:
- Current health of bot 1: 10 (less than 15)
- Current shield status of bot 1: true (shield is on)
- Since the shield is already on, the condition ""when shield is down"" does not apply.
- The second condition applies: ""When you have 15 or more health OR shield is up"" → this is true (shield is up).
- Therefore, according to the policy, the action is to fire.
- Command: B (fire)

FINAL: B",B,B,True,True,True,True,False,True,,2039.073,
qwen3:30b-a3b-instruct-2507-q4_K_M,0,d3-xor-shields-a,D3-P2,D3,es_rioplatense,Rioplatense voseo,b_first,deliberative,"Cuando los dos escudos están en el mismo estado, dispará. Cuando exactamente uno de los dos escudos está levantado, avanzá.",B,M,B,B,M,"Let's analyze the game state and the policy step by step.

Game State:
- Bot 1 (you): 
  - health: 30
  - x: 0.2, y: 0.5
  - rot: 0.0 degrees
  - shield: false (off)
- Bot 2 (opponent):
  - health: 30
  - x: 0.8, y: 0.5
  - rot: 180.0 degrees
  - shield: false (off)

Policy:
1. ""Cuando los dos escudos están en el mismo estado, dispará.""  
   → If both shields are in the same state (both on OR both off), then fire (B).

2. ""Cuando exactamente uno de los dos escudos está levantado, avanzá.""  
   → If exactly one shield is on (one on, one off), then move forward (M).

Now, evaluate the current shield states:
- Bot 1 shield: false
- Bot 2 shield: false  
→ Both shields are off → same state.

Therefore, the first condition applies: both shields are in the same state → fire.

FINAL:",,ERR,False,False,False,False,False,False,"expected exactly one FINAL line, found 0",4118.568,
qwen3:30b-a3b-instruct-2507-q4_K_M,0,d5-health-difference-d,D5-P1,D5,es_rioplatense,Rioplatense voseo,b_first,direct,"Cuando no tenés al menos 10 puntos de salud más que el rival, levantá el escudo. Cuando tenés al menos 10 puntos de salud más que el rival, dispará.",B,B,S1,S1,B,S1,S1,S1,True,False,False,False,True,False,,350.996,
qwen3:30b-a3b-instruct-2507-q4_K_M,0,d5-x-distance-b,D5-P2,D5,es_standard,Tuteo Spanish,b_first,direct,"Primero calcula la distancia horizontal entre tu coordenada x y la coordenada x del rival. Cuando la distancia es menor que 0.4, gira 90 grados en sentido horario. Cuando la distancia es de al menos 0.4, avanza 0.1.",C90.0,M0.1,C90.0,C90.0,M0.1,C90,C90,C90.0,True,True,True,True,True,False,,370.129,
qwen3:30b-a3b-instruct-2507-q4_K_M,0,d5-health-difference-c,D5-P1,D5,es_rioplatense,Rioplatense voseo,a_first,deliberative,"Cuando tenés al menos 10 puntos de salud más que el rival, dispará. Cuando no tenés al menos 10 puntos de salud más que el rival, levantá el escudo.",S1,B,S1,B,S1,"Let's analyze the game state and the policy step by step.

Game State:
- Bot 1 (you):
  - Health: 10
  - Position: (x=0.2, y=0.5)
  - Rotation: 0.0 degrees
  - Shield: off (false)

- Bot 2 (opponent):
  - Health: 25
  - Position: (x=0.8, y=0.5)
  - Rotation: 180.0 degrees
  - Shield: off (false)

Policy:
1. ""Cuando tenés al menos 10 puntos de salud más que el rival, dispará.""
   - This means: If your health ≥ opponent's health + 10, then fire (B).
   - Your health: 10
   - Opponent's health: 25
   - Is 10 ≥ 25 + 10? → 10 ≥ 35? → No.

2. ""Cuando no tenés al menos 10 puntos de salud más que el rival, levantá el escudo.""
   - This means: If your health < opponent's health + 1",,ERR,False,False,False,False,False,False,"expected exactly one FINAL line, found 0",4060.873,
qwen3:30b-a3b-instruct-2507-q4_K_M,0,d1-health-d,D1-P2,D1,es_standard,Tuteo Spanish,b_first,deliberative,"Cuando tienes 15 puntos de salud o más, avanza. Cuando tienes menos de 15 puntos de salud, levanta el escudo.",M,S1,M,M,S1,"Scratchpad:
- Bot 1's health is 25, which is greater than or equal to 15.
- According to the policy: ""Cuando tienes 15 puntos de salud o más, avanza.""
- Therefore, the action should be to move forward.
- The default move is M (move forward by the default step).

FINAL: M",M,M,True,True,True,True,True,False,,1377.961,
qwen3:30b-a3b-instruct-2507-q4_K_M,0,d2-x-compare-d,D2-P2,D2,es_rioplatense,Rioplatense voseo,a_first,direct,"Cuando tu coordenada x es mayor que la del rival, girá 90 grados en sentido antihorario. Cuando tu coordenada x es menor o igual que la del rival, girá 90 grados en sentido horario.",A90.0,A90.0,C90.0,A90.0,C90.0,A90,A90,A90.0,True,True,True,True,True,False,,348.173,
qwen3:30b-a3b-instruct-2507-q4_K_M,0,d2-x-compare-a,D2-P2,D2,es_rioplatense,Rioplatense voseo,b_first,direct,"Cuando tu coordenada x es menor o igual que la del rival, girá 90 grados en sentido horario. Cuando tu coordenada x es mayor que la del rival, girá 90 grados en sentido antihorario.",A90.0,A90.0,C90.0,C90.0,A90.0,C90,C90,C90.0,True,False,False,False,True,False,,363.088,
qwen3:30b-a3b-instruct-2507-q4_K_M,0,d3-conjunction-c,D3-P1,D3,es_standard,Tuteo Spanish,a_first,deliberative,"Cuando tienes menos de 15 puntos de salud y el escudo está bajo, levanta el escudo. Cuando tienes 15 puntos de salud o más o el escudo está levantado, dispara.",B,S1,B,S1,B,"Scratchpad:
- Current health of bot 1: 20
- Current shield status: false (off)
- Condition 1: health < 15 → 20 < 15 → False
- Condition 2: shield is off → true
- Since health is not less than 15, the first condition (health < 15 and shield off) is not met.
- Therefore, the second part of the policy applies: ""When you have 15 points of health or more OR the shield is levantado, shoot.""
- Health is 20 ≥ 15 → condition satisfied.
- So, the action is to fire.

FINAL: B",B,B,True,True,True,True,False,True,,2492.736,
qwen3:30b-a3b-instruct-2507-q4_K_M,0,d1-shield-b,D1-P1,D1,es_standard,Tuteo Spanish,a_first,direct,"Cuando tienes el escudo levantado, bájalo. Cuando tienes el escudo bajo, dispara.",B,S0,B,S0,B,S0,S0,S0,True,False,False,False,True,False,,329.191,
qwen3:30b-a3b-instruct-2507-q4_K_M,0,d1-health-a,D1-P2,D1,es_rioplatense,Rioplatense voseo,a_first,direct,"Cuando tenés menos de 15 puntos de salud, levantá el escudo. Cuando tenés 15 puntos de salud o más, avanzá.",S1,S1,M,S1,M,S1,S1,S1,True,True,True,True,True,False,,332.481,
qwen3:30b-a3b-instruct-2507-q4_K_M,0,d1-shield-c,D1-P1,D1,es_rioplatense,Rioplatense voseo,b_first,deliberative,"Cuando tenés el escudo bajo, dispará. Cuando tenés el escudo levantado, bajalo.",S0,S0,B,B,S0,"Let's analyze the state and policy step by step:

1. Current state of bot 1:
   - health: 8 (low, so we should be cautious)
   - x: 0.2, y: 0.5
   - rot: 0.0 degrees
   - shield: true (shield is currently ON)

2. Policy interpretation:
   - ""Cuando tenés el escudo bajo, dispará."" → When your shield is down, shoot.
   - ""Cuando tenés el escudo levantado, bajalo."" → When your shield is up, lower it.

   So the policy says:
   - If shield is ON → turn it OFF (S0)
   - If shield is OFF → shoot (B)

3. Current shield state: true (ON)
   → So according to the policy, we must lower the shield → command S0

4. No other conditions (like distance to opponent or need to move) are specified in the policy, so we follow the rule strictly.

FINAL: S0",S0,S0,True,True,True,True,False,True,,3643.387,
qwen3:30b-a3b-instruct-2507-q4_K_M,0,d1-shield-d,D1-P1,D1,es_rioplatense,Rioplatense voseo,b_first,direct,"Cuando tenés el escudo bajo, dispará. Cuando tenés el escudo levantado, bajalo.",B,S0,B,B,S0,B,B,B,True,True,True,True,True,False,,315.377,
qwen3:30b-a3b-instruct-2507-q4_K_M,0,d1-health-c,D1-P2,D1,es_rioplatense,Rioplatense voseo,b_first,direct,"Cuando tenés 15 puntos de salud o más, avanzá. Cuando tenés menos de 15 puntos de salud, levantá el escudo.",M,S1,M,M,S1,M,M,M,True,True,True,True,True,False,,319.774,
qwen3:30b-a3b-instruct-2507-q4_K_M,0,d5-x-distance-d,D5-P2,D5,es_rioplatense,Rioplatense voseo,a_first,direct,"Primero calculá la distancia horizontal entre tu coordenada x y la coordenada x del rival. Cuando la distancia es de al menos 0.4, avanzá 0.1. Cuando la distancia es menor que 0.4, girá 90 grados en sentido horario.",C90.0,M0.1,C90.0,M0.1,C90.0,C90,C90,C90.0,True,True,True,True,False,True,,371.881,
qwen3:30b-a3b-instruct-2507-q4_K_M,0,d5-health-difference-d,D5-P1,D5,es_rioplatense,Rioplatense voseo,b_first,deliberative,"Cuando no tenés al menos 10 puntos de salud más que el rival, levantá el escudo. Cuando tenés al menos 10 puntos de salud más que el rival, dispará.",B,B,S1,S1,B,"Let's analyze the game state and the policy step by step.

Game State:
- Bot 1 (you):
  - Health: 25
  - Position: (x=0.2, y=0.5)
  - Rotation: 0.0 degrees
  - Shield: off
- Bot 2 (opponent):
  - Health: 10
  - Position: (x=0.8, y=0.5)
  - Rotation: 180.0 degrees
  - Shield: off

Policy:
1. ""Cuando no tenés al menos 10 puntos de salud más que el rival, levantá el escudo.""
   - This means: If your health is not at least 10 points higher than the opponent's, activate the shield.
   - Your health: 25
   - Opponent's health: 10
   - Difference: 25 - 10 = 15 → which is more than 10.
   - So, the condition ""no tenés al menos 10 puntos de salud más"" is FALSE → do NOT raise the shield.

2. ""Cuando tenés al menos 10",,ERR,False,False,False,False,False,False,"expected exactly one FINAL line, found 0",4178.998,
qwen3:30b-a3b-instruct-2507-q4_K_M,0,d3-conjunction-d,D3-P1,D3,es_standard,Tuteo Spanish,a_first,deliberative,"Cuando tienes menos de 15 puntos de salud y el escudo está bajo, levanta el escudo. Cuando tienes 15 puntos de salud o más o el escudo está levantado, dispara.",B,S1,B,S1,B,"Scratchpad:
- Current health of bot 1: 20
- Current shield status: true (shield is on)
- Condition 1: If health < 15 AND shield is off → raise shield
  - Health is 20, which is not < 15 → this condition is false
- Condition 2: If health >= 15 OR shield is on → fire
  - Health is 20 ≥ 15 → condition is true
  - Therefore, the action is to fire

FINAL: B",B,B,True,True,True,True,False,True,,1993.455,
qwen3:30b-a3b-instruct-2507-q4_K_M,0,d1-shield-d,D1-P1,D1,es_standard,Tuteo Spanish,b_first,deliberative,"Cuando tienes el escudo bajo, dispara. Cuando tienes el escudo levantado, bájalo.",B,S0,B,B,S0,"Scratchpad:
- Bot 1's current shield state is false (off).
- According to the policy: ""Cuando tienes el escudo bajo, dispara"" → since the shield is off, I should fire.
- The next part ""Cuando tienes el escudo levantado, bájalo"" does not apply because the shield is currently off.

Therefore, the correct action is to fire.

FINAL: B",B,B,True,True,True,True,True,False,,1612.435,
qwen3:30b-a3b-instruct-2507-q4_K_M,0,d1-health-b,D1-P2,D1,es_rioplatense,Rioplatense voseo,a_first,direct,"Cuando tenés menos de 15 puntos de salud, levantá el escudo. Cuando tenés 15 puntos de salud o más, avanzá.",S1,S1,M,S1,M,S1,S1,S1,True,True,True,True,True,False,,335.507,
qwen3:30b-a3b-instruct-2507-q4_K_M,0,d5-x-distance-d,D5-P2,D5,es_standard,Tuteo Spanish,b_first,direct,"Primero calcula la distancia horizontal entre tu coordenada x y la coordenada x del rival. Cuando la distancia es menor que 0.4, gira 90 grados en sentido horario. Cuando la distancia es de al menos 0.4, avanza 0.1.",C90.0,M0.1,C90.0,C90.0,M0.1,C90,C90,C90.0,True,True,True,True,True,False,,399.742,
qwen3:30b-a3b-instruct-2507-q4_K_M,0,d2-x-compare-a,D2-P2,D2,es_rioplatense,Rioplatense voseo,a_first,deliberative,"Cuando tu coordenada x es mayor que la del rival, girá 90 grados en sentido antihorario. Cuando tu coordenada x es menor o igual que la del rival, girá 90 grados en sentido horario.",A90.0,A90.0,C90.0,A90.0,C90.0,"Scratchpad:
- Bot 1's x coordinate: 0.7
- Bot 2's x coordinate: 0.3
- Compare: 0.7 > 0.3 → True
- Since bot 1's x is greater than bot 2's x, the rule says to rotate 90 degrees counterclockwise.
- Therefore, the command should be A90.

FINAL: A90",A90,A90.0,True,True,True,True,True,False,,1705.426,
qwen3:30b-a3b-instruct-2507-q4_K_M,0,d1-shield-d,D1-P1,D1,es_rioplatense,Rioplatense voseo,a_first,deliberative,"Cuando tenés el escudo levantado, bajalo. Cuando tenés el escudo bajo, dispará.",B,S0,B,S0,B,"Scratchpad:
- Bot 1's current shield state is false (off).
- According to the policy: ""When the shield is down, shoot.""
- Since the shield is currently off, the action should be to fire.
- Therefore, the command is B (fire).

FINAL: B",B,B,True,True,True,True,False,True,,1193.222,
qwen3:30b-a3b-instruct-2507-q4_K_M,0,d1-health-a,D1-P2,D1,es_standard,Tuteo Spanish,a_first,direct,"Cuando tienes menos de 15 puntos de salud, levanta el escudo. Cuando tienes 15 puntos de salud o más, avanza.",S1,S1,M,S1,M,S1,S1,S1,True,True,True,True,True,False,,330.486,
qwen3:30b-a3b-instruct-2507-q4_K_M,0,d1-health-c,D1-P2,D1,es_rioplatense,Rioplatense voseo,a_first,direct,"Cuando tenés menos de 15 puntos de salud, levantá el escudo. Cuando tenés 15 puntos de salud o más, avanzá.",M,S1,M,S1,M,S1,S1,S1,True,False,False,False,True,False,,329.758,
qwen3:30b-a3b-instruct-2507-q4_K_M,0,d3-conjunction-a,D3-P1,D3,es_standard,Tuteo Spanish,b_first,direct,"Cuando tienes 15 puntos de salud o más o el escudo está levantado, dispara. Cuando tienes menos de 15 puntos de salud y el escudo está bajo, levanta el escudo.",S1,S1,B,B,S1,B,B,B,True,False,False,False,True,False,,325.83,
qwen3:30b-a3b-instruct-2507-q4_K_M,0,d1-health-a,D1-P2,D1,es_rioplatense,Rioplatense voseo,b_first,deliberative,"Cuando tenés 15 puntos de salud o más, avanzá. Cuando tenés menos de 15 puntos de salud, levantá el escudo.",S1,S1,M,M,S1,"Scratchpad:
- Bot 1's health is 5, which is less than 15.
- According to the policy: ""Cuando tenés menos de 15 puntos de salud, levantá el escudo.""
- Since health < 15, the action should be to set the shield on.
- Therefore, the correct command is S1 (set shield on).

FINAL: S1",S1,S1,True,True,True,True,False,True,,1587.298,
qwen3:30b-a3b-instruct-2507-q4_K_M,0,d2-health-compare-b,D2-P1,D2,es_rioplatense,Rioplatense voseo,b_first,deliberative,"Cuando tenés tanta o más salud que el rival, dispará. Cuando tenés menos salud que el rival, levantá el escudo.",B,S1,B,B,S1,"Let's analyze the game state and the policy step by step:

1. **Current health of bot 1 (you):** 20
2. **Current health of bot 2 (opponent):** 10
3. **Comparison:** 20 >= 10 → True (you have more or equal health)

Policy condition:
- ""Cuando tenés tanta o más salud que el rival, dispará."" → If you have as much or more health than the rival, fire.
- Since 20 >= 10, the condition is true → you should fire.

Therefore, the correct action is to fire.

FINAL: B",B,B,True,True,True,True,True,False,,2314.973,
qwen3:30b-a3b-instruct-2507-q4_K_M,0,d3-xor-shields-a,D3-P2,D3,es_standard,Tuteo Spanish,a_first,direct,"Cuando exactamente uno de los dos escudos está levantado, avanza. Cuando los dos escudos están en el mismo estado, dispara.",B,M,B,M,B,M,M,M,True,False,False,False,True,False,,325.312,
qwen3:30b-a3b-instruct-2507-q4_K_M,0,d1-shield-c,D1-P1,D1,es_standard,Tuteo Spanish,b_first,direct,"Cuando tienes el escudo bajo, dispara. Cuando tienes el escudo levantado, bájalo.",S0,S0,B,B,S0,S0,S0,S0,True,True,True,True,False,True,,319.125,
qwen3:30b-a3b-instruct-2507-q4_K_M,0,d5-health-difference-c,D5-P1,D5,es_rioplatense,Rioplatense voseo,a_first,direct,"Cuando tenés al menos 10 puntos de salud más que el rival, dispará. Cuando no tenés al menos 10 puntos de salud más que el rival, levantá el escudo.",S1,B,S1,B,S1,B,B,B,True,False,False,False,True,False,,332.529,
qwen3:30b-a3b-instruct-2507-q4_K_M,0,d1-shield-b,D1-P1,D1,es_standard,Tuteo Spanish,b_first,deliberative,"Cuando tienes el escudo bajo, dispara. Cuando tienes el escudo levantado, bájalo.",B,S0,B,B,S0,"Scratchpad:
- Bot 1's current shield state is false (off).
- According to the policy: ""Cuando tienes el escudo bajo, dispara"" → since the shield is down (off), the action should be to fire.
- The second part ""Cuando tienes el escudo levantado, bájalo"" does not apply because the shield is currently off.

Therefore, the correct command is to fire.

FINAL: B",B,B,True,True,True,True,True,False,,1659.303,
qwen3:30b-a3b-instruct-2507-q4_K_M,0,d3-conjunction-d,D3-P1,D3,es_standard,Tuteo Spanish,b_first,direct,"Cuando tienes 15 puntos de salud o más o el escudo está levantado, dispara. Cuando tienes menos de 15 puntos de salud y el escudo está bajo, levanta el escudo.",B,S1,B,B,S1,B,B,B,True,True,True,True,True,False,,350.754,
qwen3:30b-a3b-instruct-2507-q4_K_M,0,d3-conjunction-b,D3-P1,D3,es_standard,Tuteo Spanish,a_first,direct,"Cuando tienes menos de 15 puntos de salud y el escudo está bajo, levanta el escudo. Cuando tienes 15 puntos de salud o más o el escudo está levantado, dispara.",B,S1,B,S1,B,S1,S1,S1,True,False,False,False,True,False,,345.877,
qwen3:30b-a3b-instruct-2507-q4_K_M,0,d5-x-distance-c,D5-P2,D5,es_standard,Tuteo Spanish,b_first,direct,"Primero calcula la distancia horizontal entre tu coordenada x y la coordenada x del rival. Cuando la distancia es menor que 0.4, gira 90 grados en sentido horario. Cuando la distancia es de al menos 0.4, avanza 0.1.",M0.1,M0.1,C90.0,C90.0,M0.1,C90,C90,C90.0,True,False,False,False,True,False,,371.411,
