model,repeat,case_id,policy_id,tier,language,language_label,order,interface,instruction,expected_command,first_position_command,second_position_command,full_response,response_chars,scored_response,normalized_command,valid,command_correct,action_family_correct,executable_correct,selected_first_position,selected_second_position,final_extraction_error,latency_ms,provider_error,ollama_done,ollama_done_reason,ollama_eval_count,ollama_prompt_eval_count,ollama_eval_duration,ollama_prompt_eval_duration,ollama_total_duration
mistral-small3.2:24b-instruct-2506-q4_K_M,0,d1-health-b,D1-P2,D1,es_standard,Tuteo Spanish,b_first,deliberative_budget_1024,"Cuando tienes 15 puntos de salud o más, avanza. Cuando tienes menos de 15 puntos de salud, levanta el escudo.",S1,M,S1,"Scratchpad:
- Bot 1 health: 14
- Condition: health >= 15 → 14 >= 15 → False
- Condition: health < 15 → 14 < 15 → True

Since the health is less than 15, the policy dictates to set the shield on.

FINAL: S1",205,S1,S1,True,True,True,True,False,True,,19889.031,,True,stop,78,366,4878932000,3761396000,19884412333
mistral-small3.2:24b-instruct-2506-q4_K_M,0,d3-conjunction-a,D3-P1,D3,es_rioplatense,Rioplatense voseo,a_first,deliberative_budget_1024,"Cuando tenés menos de 15 puntos de salud y el escudo está bajo, levantá el escudo. Cuando tenés 15 puntos de salud o más o el escudo está levantado, dispará.",S1,S1,B,"Scratchpad:
- Bot 1 health: 10 (less than 15)
- Bot 1 shield: false (off)
- Condition 1: health < 15 AND shield is off → True
- Condition 2: health >= 15 OR shield is on → False

Since condition 1 is true, the policy dictates to set the shield on.

FINAL: S1",258,S1,S1,True,True,True,True,True,False,,6667.025,,True,stop,87,380,5503018000,1147176000,6661843334
mistral-small3.2:24b-instruct-2506-q4_K_M,0,d3-xor-shields-b,D3-P2,D3,es_rioplatense,Rioplatense voseo,b_first,deliberative_budget_1024,"Cuando los dos escudos están en el mismo estado, dispará. Cuando exactamente uno de los dos escudos está levantado, avanzá.",M,B,M,"Scratchpad:
- Bot 1 shield: false
- Bot 2 shield: true
- Shields are in different states (one is on, one is off)

FINAL: M",122,M,M,True,True,True,True,False,True,,3393.416,,True,stop,40,366,2497306000,877853000,3388744333
mistral-small3.2:24b-instruct-2506-q4_K_M,0,d5-x-distance-b,D5-P2,D5,es_standard,Tuteo Spanish,a_first,deliberative_budget_1024,"Primero calcula la distancia horizontal entre tu coordenada x y la coordenada x del rival. Cuando la distancia es de al menos 0.4, avanza 0.1. Cuando la distancia es menor que 0.4, gira 90 grados en sentido horario.",C90.0,M0.1,C90.0,"Scratchpad:
1. Calculate the horizontal distance between bot 1 and bot 2:
   |0.4 - 0.7| = 0.3
2. Compare the distance with 0.4:
   0.3 < 0.4
3. Since the distance is less than 0.4, rotate 90 degrees clockwise.

FINAL: C90",222,C90,C90.0,True,True,True,True,False,True,,6436.331,,True,stop,85,396,5553891000,868480000,6431289500
mistral-small3.2:24b-instruct-2506-q4_K_M,0,d3-xor-shields-d,D3-P2,D3,es_standard,Tuteo Spanish,b_first,deliberative_budget_1024,"Cuando los dos escudos están en el mismo estado, dispara. Cuando exactamente uno de los dos escudos está levantado, avanza.",B,B,M,"Scratchpad:
- Bot 1 shield: true
- Bot 2 shield: true
- Both shields are in the same state (both true)

FINAL: B",112,B,B,True,True,True,True,True,False,,3529.946,,True,stop,37,365,2550302000,962989000,3523531583
mistral-small3.2:24b-instruct-2506-q4_K_M,0,d2-x-compare-c,D2-P2,D2,es_standard,Tuteo Spanish,b_first,deliberative_budget_1024,"Cuando tu coordenada x es menor o igual que la del rival, gira 90 grados en sentido horario. Cuando tu coordenada x es mayor que la del rival, gira 90 grados en sentido antihorario.",C90.0,C90.0,A90.0,"Scratchpad:
- Bot 1 x: 0.5
- Bot 2 x: 0.5
- Bot 1 x <= Bot 2 x: 0.5 <= 0.5 is true

FINAL: C90",94,C90,C90.0,True,True,True,True,True,False,,5120.723,,True,stop,56,383,4074423000,1031989000,5116829875
mistral-small3.2:24b-instruct-2506-q4_K_M,0,d2-x-compare-b,D2-P2,D2,es_standard,Tuteo Spanish,b_first,deliberative_budget_1024,"Cuando tu coordenada x es menor o igual que la del rival, gira 90 grados en sentido horario. Cuando tu coordenada x es mayor que la del rival, gira 90 grados en sentido antihorario.",C90.0,C90.0,A90.0,"Scratchpad:
- Bot 1 x: 0.3
- Bot 2 x: 0.7
- Bot 1 x <= Bot 2 x: 0.3 <= 0.7 is true

FINAL: C90",94,C90,C90.0,True,True,True,True,True,False,,5386.429,,True,stop,56,383,4244625000,1122801000,5381818875
mistral-small3.2:24b-instruct-2506-q4_K_M,0,d3-xor-shields-a,D3-P2,D3,es_rioplatense,Rioplatense voseo,b_first,deliberative_budget_1024,"Cuando los dos escudos están en el mismo estado, dispará. Cuando exactamente uno de los dos escudos está levantado, avanzá.",B,B,M,"Scratchpad:
- Bot 1 shield: false
- Bot 2 shield: false
- Both shields are in the same state (both off)

FINAL: B",113,B,B,True,True,True,True,True,False,,3852.907,,True,stop,37,366,2932502000,896117000,3844062833
mistral-small3.2:24b-instruct-2506-q4_K_M,0,d1-shield-c,D1-P1,D1,es_standard,Tuteo Spanish,a_first,deliberative_budget_1024,"Cuando tienes el escudo levantado, bájalo. Cuando tienes el escudo bajo, dispara.",S0,S0,B,"Scratchpad:
- Bot 1 shield status: true (shield is on)
- Policy: If shield is on, turn it off. If shield is off, fire.

Since the shield is on, we need to turn it off.

FINAL: S0",178,S0,S0,True,True,True,True,True,False,,5803.141,,True,stop,55,355,4554672000,1214493000,5790887541
mistral-small3.2:24b-instruct-2506-q4_K_M,0,d3-conjunction-d,D3-P1,D3,es_standard,Tuteo Spanish,b_first,deliberative_budget_1024,"Cuando tienes 15 puntos de salud o más o el escudo está levantado, dispara. Cuando tienes menos de 15 puntos de salud y el escudo está bajo, levanta el escudo.",B,B,S1,"Scratchpad:
- Bot 1 health: 20 (which is >= 15)
- Bot 1 shield: true (shield is on)

Since the health is 20 (>= 15) or the shield is on, the policy says to fire.

FINAL: B",171,B,B,True,True,True,True,True,False,,6691.307,,True,stop,63,377,5182217000,1483366000,6683326583
mistral-small3.2:24b-instruct-2506-q4_K_M,0,d2-x-compare-a,D2-P2,D2,es_standard,Tuteo Spanish,a_first,deliberative_budget_1024,"Cuando tu coordenada x es mayor que la del rival, gira 90 grados en sentido antihorario. Cuando tu coordenada x es menor o igual que la del rival, gira 90 grados en sentido horario.",A90.0,A90.0,C90.0,"Scratchpad:
- Bot 1 x: 0.7
- Bot 2 x: 0.3
- Comparison: 0.7 > 0.3 is true

Since bot 1's x coordinate is greater than bot 2's x coordinate, bot 1 should rotate 90 degrees counterclockwise.

FINAL: A90",200,A90,A90.0,True,True,True,True,True,False,,7997.874,,True,stop,78,383,6392345000,1590050000,7992996250
mistral-small3.2:24b-instruct-2506-q4_K_M,0,d2-x-compare-a,D2-P2,D2,es_rioplatense,Rioplatense voseo,b_first,deliberative_budget_1024,"Cuando tu coordenada x es menor o igual que la del rival, girá 90 grados en sentido horario. Cuando tu coordenada x es mayor que la del rival, girá 90 grados en sentido antihorario.",A90.0,C90.0,A90.0,"Scratchpad:
- Bot 1 x: 0.7
- Bot 2 x: 0.3
- Comparison: 0.7 > 0.3

Since bot 1's x coordinate (0.7) is greater than bot 2's x coordinate (0.3), bot 1 should rotate 90 degrees counterclockwise.

FINAL: A90",204,A90,A90.0,True,True,True,True,False,True,,7604.252,,True,stop,85,385,7015627000,575735000,7599917291
mistral-small3.2:24b-instruct-2506-q4_K_M,0,d3-conjunction-d,D3-P1,D3,es_standard,Tuteo Spanish,a_first,deliberative_budget_1024,"Cuando tienes menos de 15 puntos de salud y el escudo está bajo, levanta el escudo. Cuando tienes 15 puntos de salud o más o el escudo está levantado, dispara.",B,S1,B,"Scratchpad:
- Bot 1 health: 20
- Bot 1 shield: true

Conditions:
- Health < 15: 20 < 15 → False
- Shield is down: true → False

Since the health is 20 (>= 15) or the shield is up (true), the policy dictates to fire.

FINAL: B",225,B,B,True,True,True,True,False,True,,8198.692,,True,stop,83,377,6629944000,1556786000,8194770583
mistral-small3.2:24b-instruct-2506-q4_K_M,0,d1-shield-b,D1-P1,D1,es_standard,Tuteo Spanish,b_first,deliberative_budget_1024,"Cuando tienes el escudo bajo, dispara. Cuando tienes el escudo levantado, bájalo.",B,B,S0,"Scratchpad:
- Bot 1 shield is off (shield: false)
- Therefore, according to the policy, bot 1 should fire.

FINAL: B",116,B,B,True,True,True,True,True,False,,3967.048,,True,stop,35,356,2732310000,1221060000,3962752167
mistral-small3.2:24b-instruct-2506-q4_K_M,0,d2-x-compare-a,D2-P2,D2,es_rioplatense,Rioplatense voseo,a_first,deliberative_budget_1024,"Cuando tu coordenada x es mayor que la del rival, girá 90 grados en sentido antihorario. Cuando tu coordenada x es menor o igual que la del rival, girá 90 grados en sentido horario.",A90.0,A90.0,C90.0,"Scratchpad:
- Bot 1 x: 0.7
- Bot 2 x: 0.3
- 0.7 > 0.3 is true

FINAL: A90",73,A90,A90.0,True,True,True,True,True,False,,5112.107,,True,stop,46,385,3671956000,1428500000,5109056250
mistral-small3.2:24b-instruct-2506-q4_K_M,0,d3-xor-shields-c,D3-P2,D3,es_rioplatense,Rioplatense voseo,b_first,deliberative_budget_1024,"Cuando los dos escudos están en el mismo estado, dispará. Cuando exactamente uno de los dos escudos está levantado, avanzá.",M,B,M,"Scratchpad:
- Bot 1 shield: true
- Bot 2 shield: false
- Shields are not in the same state (one is true, the other is false)
- Therefore, move forward

FINAL: M",160,M,M,True,True,True,True,False,True,,5132.832,,True,stop,49,366,3919312000,1199603000,5128890792
mistral-small3.2:24b-instruct-2506-q4_K_M,0,d3-xor-shields-a,D3-P2,D3,es_standard,Tuteo Spanish,a_first,deliberative_budget_1024,"Cuando exactamente uno de los dos escudos está levantado, avanza. Cuando los dos escudos están en el mismo estado, dispara.",B,M,B,"Scratchpad:
- Bot 1 shield: false
- Bot 2 shield: false
- Both shields are in the same state (both off)

FINAL: B",113,B,B,True,True,True,True,False,True,,4275.443,,True,stop,37,365,3021808000,1239660000,4270830125
mistral-small3.2:24b-instruct-2506-q4_K_M,0,d1-shield-d,D1-P1,D1,es_rioplatense,Rioplatense voseo,a_first,deliberative_budget_1024,"Cuando tenés el escudo levantado, bajalo. Cuando tenés el escudo bajo, dispará.",B,S0,B,"Scratchpad:
- Bot 1 shield status: false (shield is off)
- Policy: If shield is up, lower it. If shield is down, fire.

Since the shield is off, the action is to fire.

FINAL: B",177,B,B,True,True,True,True,False,True,,5785.341,,True,stop,52,357,4521459000,1248895000,5779924042
mistral-small3.2:24b-instruct-2506-q4_K_M,0,d5-x-distance-b,D5-P2,D5,es_rioplatense,Rioplatense voseo,a_first,deliberative_budget_1024,"Primero calculá la distancia horizontal entre tu coordenada x y la coordenada x del rival. Cuando la distancia es de al menos 0.4, avanzá 0.1. Cuando la distancia es menor que 0.4, girá 90 grados en sentido horario.",C90.0,M0.1,C90.0,"Scratchpad:

1. Calculate the horizontal distance between bot 1 and bot 2:
   - Bot 1 x-coordinate: 0.4
   - Bot 2 x-coordinate: 0.7
   - Horizontal distance: |0.7 - 0.4| = 0.3

2. Compare the horizontal distance with 0.4:
   - 0.3 < 0.4

3. Since the horizontal distance is less than 0.4, rotate 90 degrees clockwise.

FINAL: C90",330,C90,C90.0,True,True,True,True,False,True,,12473.25,,True,stop,120,397,10804479000,1651712000,12468030625
mistral-small3.2:24b-instruct-2506-q4_K_M,0,d5-x-distance-b,D5-P2,D5,es_standard,Tuteo Spanish,b_first,deliberative_budget_1024,"Primero calcula la distancia horizontal entre tu coordenada x y la coordenada x del rival. Cuando la distancia es menor que 0.4, gira 90 grados en sentido horario. Cuando la distancia es de al menos 0.4, avanza 0.1.",C90.0,C90.0,M0.1,"Scratchpad:
1. Calculate the horizontal distance between bot 1 and bot 2:
   |0.4 - 0.7| = 0.3
2. Compare the distance with 0.4:
   0.3 < 0.4 → True
3. Since the distance is less than 0.4, rotate 90 degrees clockwise.

FINAL: C90",229,C90,C90.0,True,True,True,True,True,False,,8853.853,,True,stop,87,396,8138164000,691877000,8842933792
mistral-small3.2:24b-instruct-2506-q4_K_M,0,d5-x-distance-d,D5-P2,D5,es_standard,Tuteo Spanish,b_first,deliberative_budget_1024,"Primero calcula la distancia horizontal entre tu coordenada x y la coordenada x del rival. Cuando la distancia es menor que 0.4, gira 90 grados en sentido horario. Cuando la distancia es de al menos 0.4, avanza 0.1.",C90.0,C90.0,M0.1,"Scratchpad:

1. Calculate the horizontal distance between bot 1 and bot 2:
   - bot 1 x: 0.3
   - bot 2 x: 0.31
   - distance: |0.3 - 0.31| = 0.01

2. Compare the distance with 0.4:
   - 0.01 < 0.4

3. Since the distance is less than 0.4, rotate 90 degrees clockwise.

FINAL: C90",279,C90,C90.0,True,True,True,True,True,False,,14450.005,,True,stop,117,397,12964828000,1468432000,14445766333
mistral-small3.2:24b-instruct-2506-q4_K_M,0,d1-health-a,D1-P2,D1,es_standard,Tuteo Spanish,a_first,deliberative_budget_1024,"Cuando tienes menos de 15 puntos de salud, levanta el escudo. Cuando tienes 15 puntos de salud o más, avanza.",S1,S1,M,"Scratchpad:
- Bot 1 health: 5
- Condition: health < 15 → True

FINAL: S1",72,S1,S1,True,True,True,True,True,False,,4960.696,,True,stop,30,366,3238380000,1690644000,4956218041
mistral-small3.2:24b-instruct-2506-q4_K_M,0,d5-health-difference-a,D5-P1,D5,es_standard,Tuteo Spanish,a_first,deliberative_budget_1024,"Cuando tienes al menos 10 puntos de salud más que el rival, dispara. Cuando no tienes al menos 10 puntos de salud más que el rival, levanta el escudo.",B,B,S1,"Scratchpad:
- Bot 1 health: 30
- Bot 2 health: 20
- Difference in health: 30 - 20 = 10

Since bot 1 has at least 10 points more health than bot 2, the policy dictates to fire.

FINAL: B",185,B,B,True,True,True,True,True,False,,9560.688,,True,stop,71,375,7289561000,2253000000,9556302084
mistral-small3.2:24b-instruct-2506-q4_K_M,0,d1-shield-c,D1-P1,D1,es_rioplatense,Rioplatense voseo,a_first,deliberative_budget_1024,"Cuando tenés el escudo levantado, bajalo. Cuando tenés el escudo bajo, dispará.",S0,S0,B,"Scratchpad:
- Bot 1 shield status: true (shield is on)
- Policy: If shield is on, turn it off. If shield is off, fire.

Since the shield is on, we need to turn it off.

FINAL: S0",178,S0,S0,True,True,True,True,True,False,,7104.136,,True,stop,55,357,5635523000,1452449000,7100524584
mistral-small3.2:24b-instruct-2506-q4_K_M,0,d5-health-difference-c,D5-P1,D5,es_rioplatense,Rioplatense voseo,b_first,deliberative_budget_1024,"Cuando no tenés al menos 10 puntos de salud más que el rival, levantá el escudo. Cuando tenés al menos 10 puntos de salud más que el rival, dispará.",S1,S1,B,"Scratchpad:
- Bot 1 health: 10
- Bot 2 health: 25
- Health difference: 25 - 10 = 15

Since bot 1 has 15 points less health than bot 2, it should raise the shield.

FINAL: S1",173,S1,S1,True,True,True,True,True,False,,8867.647,,True,stop,68,378,7011536000,1832357000,8862867792
mistral-small3.2:24b-instruct-2506-q4_K_M,0,d1-health-d,D1-P2,D1,es_rioplatense,Rioplatense voseo,a_first,deliberative_budget_1024,"Cuando tenés menos de 15 puntos de salud, levantá el escudo. Cuando tenés 15 puntos de salud o más, avanzá.",M,S1,M,"Scratchpad:
- Bot 1 health: 25
- Condition: health < 15 → False
- Action: Move forward

FINAL: M",96,M,M,True,True,True,True,False,True,,5091.395,,True,stop,36,369,3580929000,1493959000,5086954750
mistral-small3.2:24b-instruct-2506-q4_K_M,0,d2-x-compare-d,D2-P2,D2,es_rioplatense,Rioplatense voseo,a_first,deliberative_budget_1024,"Cuando tu coordenada x es mayor que la del rival, girá 90 grados en sentido antihorario. Cuando tu coordenada x es menor o igual que la del rival, girá 90 grados en sentido horario.",A90.0,A90.0,C90.0,"Scratchpad:
- Bot 1 x: 0.51
- Bot 2 x: 0.5
- 0.51 > 0.5 is true

FINAL: A90",75,A90,A90.0,True,True,True,True,True,False,,6839.187,,True,stop,48,386,4860269000,1962028000,6833604458
mistral-small3.2:24b-instruct-2506-q4_K_M,0,d1-shield-a,D1-P1,D1,es_rioplatense,Rioplatense voseo,b_first,deliberative_budget_1024,"Cuando tenés el escudo bajo, dispará. Cuando tenés el escudo levantado, bajalo.",S0,B,S0,"Scratchpad:
- Bot 1 shield status: true (shield is on)
- Policy: If shield is on, turn it off

FINAL: S0",104,S0,S0,True,True,True,True,False,True,,5010.539,,True,stop,35,358,3475170000,1516009000,5002860958
mistral-small3.2:24b-instruct-2506-q4_K_M,0,d5-health-difference-d,D5-P1,D5,es_standard,Tuteo Spanish,b_first,deliberative_budget_1024,"Cuando no tienes al menos 10 puntos de salud más que el rival, levanta el escudo. Cuando tienes al menos 10 puntos de salud más que el rival, dispara.",B,S1,B,"Scratchpad:
- Bot 1 health: 25
- Bot 2 health: 10
- Health difference: 25 - 10 = 15

Since the health difference (15) is greater than or equal to 10, the policy dictates to fire.

FINAL: B",188,B,B,True,True,True,True,False,True,,9235.907,,True,stop,70,375,7274006000,1947520000,9231883208
mistral-small3.2:24b-instruct-2506-q4_K_M,0,d5-health-difference-a,D5-P1,D5,es_rioplatense,Rioplatense voseo,b_first,deliberative_budget_1024,"Cuando no tenés al menos 10 puntos de salud más que el rival, levantá el escudo. Cuando tenés al menos 10 puntos de salud más que el rival, dispará.",B,S1,B,"Scratchpad:
- Bot 1 health: 30
- Bot 2 health: 20
- Health difference: 30 - 20 = 10

Since the health difference is exactly 10, the condition ""al menos 10 puntos de salud más que el rival"" (at least 10 more health points than the rival) is met. Therefore, the action is to fire.

FINAL: B",288,B,B,True,True,True,True,False,True,,11931.595,,True,stop,95,378,10025906000,1892800000,11928357167
mistral-small3.2:24b-instruct-2506-q4_K_M,0,d5-health-difference-b,D5-P1,D5,es_rioplatense,Rioplatense voseo,a_first,deliberative_budget_1024,"Cuando tenés al menos 10 puntos de salud más que el rival, dispará. Cuando no tenés al menos 10 puntos de salud más que el rival, levantá el escudo.",S1,B,S1,"Scratchpad:
- Bot 1 health: 29
- Bot 2 health: 20
- Difference in health: 29 - 20 = 9

Since the health difference is not at least 10, the policy dictates to set the shield on.

FINAL: S1",187,S1,S1,True,True,True,True,False,True,,8990.249,,True,stop,68,378,7057957000,1912499000,8985623417
mistral-small3.2:24b-instruct-2506-q4_K_M,0,d1-health-a,D1-P2,D1,es_rioplatense,Rioplatense voseo,b_first,deliberative_budget_1024,"Cuando tenés 15 puntos de salud o más, avanzá. Cuando tenés menos de 15 puntos de salud, levantá el escudo.",S1,M,S1,"Scratchpad:
- Bot 1 health: 5
- Condition: health >= 15? 5 >= 15? False
- Action: set shield on

FINAL: S1",106,S1,S1,True,True,True,True,False,True,,5976.661,,True,stop,44,368,4476378000,1480818000,5972038333
mistral-small3.2:24b-instruct-2506-q4_K_M,0,d2-health-compare-a,D2-P1,D2,es_standard,Tuteo Spanish,b_first,deliberative_budget_1024,"Cuando tienes tanta o más salud que el rival, dispara. Cuando tienes menos salud que el rival, levanta el escudo.",S1,B,S1,"Scratchpad:
- Bot 1 health: 10
- Bot 2 health: 20
- Bot 1 health (10) < Bot 2 health (20)

Since bot 1 has less health than bot 2, it should set the shield on.

FINAL: S1",170,S1,S1,True,True,True,True,False,True,,8438.829,,True,stop,67,362,6883445000,1540517000,8434244667
mistral-small3.2:24b-instruct-2506-q4_K_M,0,d1-health-c,D1-P2,D1,es_rioplatense,Rioplatense voseo,a_first,deliberative_budget_1024,"Cuando tenés menos de 15 puntos de salud, levantá el escudo. Cuando tenés 15 puntos de salud o más, avanzá.",M,S1,M,"Scratchpad:
- Bot 1 health: 15
- Condition: health < 15 → False
- Action: Move forward

FINAL: M",96,M,M,True,True,True,True,False,True,,5081.66,,True,stop,36,369,3569774000,1494086000,5076830625
mistral-small3.2:24b-instruct-2506-q4_K_M,0,d2-health-compare-c,D2-P1,D2,es_standard,Tuteo Spanish,b_first,deliberative_budget_1024,"Cuando tienes tanta o más salud que el rival, dispara. Cuando tienes menos salud que el rival, levanta el escudo.",B,B,S1,"Scratchpad:
- Bot 1 health: 15
- Bot 2 health: 15
- Comparison: 15 >= 15 (True)

Since bot 1 has equal or more health than bot 2, the policy dictates to fire.

FINAL: B",168,B,B,True,True,True,True,True,False,,7612.532,,True,stop,63,362,6439342000,1157999000,7608639000
mistral-small3.2:24b-instruct-2506-q4_K_M,0,d3-xor-shields-b,D3-P2,D3,es_standard,Tuteo Spanish,b_first,deliberative_budget_1024,"Cuando los dos escudos están en el mismo estado, dispara. Cuando exactamente uno de los dos escudos está levantado, avanza.",M,B,M,"Scratchpad:
- Bot 1 shield: false
- Bot 2 shield: true
- Shields are in different states (one is true, one is false)

FINAL: M",126,M,M,True,True,True,True,False,True,,5414.061,,True,stop,40,365,3946578000,1450469000,5409959834
mistral-small3.2:24b-instruct-2506-q4_K_M,0,d5-x-distance-c,D5-P2,D5,es_standard,Tuteo Spanish,a_first,deliberative_budget_1024,"Primero calcula la distancia horizontal entre tu coordenada x y la coordenada x del rival. Cuando la distancia es de al menos 0.4, avanza 0.1. Cuando la distancia es menor que 0.4, gira 90 grados en sentido horario.",M0.1,M0.1,C90.0,"Scratchpad:
1. Calculate the horizontal distance between bot 1 and bot 2:
   |0.1 - 0.5| = 0.4
2. Compare the distance with 0.4:
   0.4 >= 0.4 is true
3. Since the distance is at least 0.4, move forward by 0.1.

FINAL: M0.1",223,M0.1,M0.1,True,True,True,True,True,False,,10689.477,,True,stop,89,396,9133862000,1537590000,10685687875
mistral-small3.2:24b-instruct-2506-q4_K_M,0,d5-health-difference-b,D5-P1,D5,es_standard,Tuteo Spanish,b_first,deliberative_budget_1024,"Cuando no tienes al menos 10 puntos de salud más que el rival, levanta el escudo. Cuando tienes al menos 10 puntos de salud más que el rival, dispara.",S1,S1,B,"Scratchpad:
- Bot 1 health: 29
- Bot 2 health: 20
- Health difference: 29 - 20 = 9

Since the health difference (9) is less than 10, the policy dictates to set the shield on.

FINAL: S1",185,S1,S1,True,True,True,True,True,False,,8758.092,,True,stop,69,375,6915563000,1824345000,8754590500
mistral-small3.2:24b-instruct-2506-q4_K_M,0,d2-x-compare-a,D2-P2,D2,es_standard,Tuteo Spanish,b_first,deliberative_budget_1024,"Cuando tu coordenada x es menor o igual que la del rival, gira 90 grados en sentido horario. Cuando tu coordenada x es mayor que la del rival, gira 90 grados en sentido antihorario.",A90.0,C90.0,A90.0,"Scratchpad:
- Bot 1 x: 0.7
- Bot 2 x: 0.3
- Comparison: 0.7 > 0.3

Since bot 1's x coordinate (0.7) is greater than bot 2's x coordinate (0.3), bot 1 should rotate 90 degrees counterclockwise.

FINAL: A90",204,A90,A90.0,True,True,True,True,False,True,,10401.798,,True,stop,85,383,8560603999,1826654000,10398095417
mistral-small3.2:24b-instruct-2506-q4_K_M,0,d5-health-difference-b,D5-P1,D5,es_standard,Tuteo Spanish,a_first,deliberative_budget_1024,"Cuando tienes al menos 10 puntos de salud más que el rival, dispara. Cuando no tienes al menos 10 puntos de salud más que el rival, levanta el escudo.",S1,B,S1,"Scratchpad:
- Bot 1 health: 29
- Bot 2 health: 20
- Difference in health: 29 - 20 = 9

Since the health difference is not at least 10, the policy dictates to set the shield on.

FINAL: S1",187,S1,S1,True,True,True,True,False,True,,8542.299,,True,stop,68,375,6692866000,1832545000,8537594125
mistral-small3.2:24b-instruct-2506-q4_K_M,0,d3-conjunction-a,D3-P1,D3,es_rioplatense,Rioplatense voseo,b_first,deliberative_budget_1024,"Cuando tenés 15 puntos de salud o más o el escudo está levantado, dispará. Cuando tenés menos de 15 puntos de salud y el escudo está bajo, levantá el escudo.",S1,B,S1,"Scratchpad:
- Bot 1 health: 10
- Bot 1 shield: false
- Bot 1 health < 15: true
- Bot 1 shield is off: true

Since bot 1 has less than 15 health and the shield is off, it should raise the shield.

FINAL: S1",205,S1,S1,True,True,True,True,False,True,,9045.962,,True,stop,73,380,7245077000,1787362000,9042482666
mistral-small3.2:24b-instruct-2506-q4_K_M,0,d5-health-difference-a,D5-P1,D5,es_rioplatense,Rioplatense voseo,a_first,deliberative_budget_1024,"Cuando tenés al menos 10 puntos de salud más que el rival, dispará. Cuando no tenés al menos 10 puntos de salud más que el rival, levantá el escudo.",B,B,S1,"Scratchpad:
- Bot 1 health: 30
- Bot 2 health: 20
- Difference in health: 30 - 20 = 10

Since bot 1 has at least 10 points more health than bot 2, the policy dictates to fire.

FINAL: B",185,B,B,True,True,True,True,True,False,,8819.921,,True,stop,71,378,7015504000,1787627000,8815595917
mistral-small3.2:24b-instruct-2506-q4_K_M,0,d3-conjunction-a,D3-P1,D3,es_standard,Tuteo Spanish,a_first,deliberative_budget_1024,"Cuando tienes menos de 15 puntos de salud y el escudo está bajo, levanta el escudo. Cuando tienes 15 puntos de salud o más o el escudo está levantado, dispara.",S1,S1,B,"Scratchpad:
- Bot 1 health: 10 (less than 15)
- Bot 1 shield: false (off)

Policy:
- If health < 15 and shield is off, then set shield on.

FINAL: S1",149,S1,S1,True,True,True,True,True,False,,7116.551,,True,stop,55,377,5343741000,1755470000,7112013375
mistral-small3.2:24b-instruct-2506-q4_K_M,0,d3-xor-shields-d,D3-P2,D3,es_rioplatense,Rioplatense voseo,a_first,deliberative_budget_1024,"Cuando exactamente uno de los dos escudos está levantado, avanzá. Cuando los dos escudos están en el mismo estado, dispará.",B,M,B,"Scratchpad:
- Bot 1 shield: true
- Bot 2 shield: true
- Both shields are in the same state (both on)

FINAL: B",110,B,B,True,True,True,True,False,True,,4940.17,,True,stop,37,366,3511814000,1411731000,4936172125
mistral-small3.2:24b-instruct-2506-q4_K_M,0,d5-x-distance-a,D5-P2,D5,es_standard,Tuteo Spanish,b_first,deliberative_budget_1024,"Primero calcula la distancia horizontal entre tu coordenada x y la coordenada x del rival. Cuando la distancia es menor que 0.4, gira 90 grados en sentido horario. Cuando la distancia es de al menos 0.4, avanza 0.1.",M0.1,C90.0,M0.1,"Scratchpad:

1. Calculate the horizontal distance between bot 1 and bot 2:
   - bot 1 x: 0.2
   - bot 2 x: 0.8
   - distance: |0.8 - 0.2| = 0.6

2. Check if the distance is less than 0.4:
   - 0.6 < 0.4? No

3. Since the distance is not less than 0.4, move forward by 0.1.

FINAL: M0.1",285,M0.1,M0.1,True,True,True,True,False,True,,13771.78,,True,stop,121,396,11891724000,1856580000,13766730666
mistral-small3.2:24b-instruct-2506-q4_K_M,0,d1-health-d,D1-P2,D1,es_standard,Tuteo Spanish,b_first,deliberative_budget_1024,"Cuando tienes 15 puntos de salud o más, avanza. Cuando tienes menos de 15 puntos de salud, levanta el escudo.",M,M,S1,"Scratchpad:
- Bot 1 health: 25
- Condition: health >= 15 (25 >= 15 is true)

FINAL: M",85,M,M,True,True,True,True,True,False,,4952.704,,True,stop,37,367,3496576000,1386920000,4943538125
mistral-small3.2:24b-instruct-2506-q4_K_M,0,d2-health-compare-b,D2-P1,D2,es_rioplatense,Rioplatense voseo,a_first,deliberative_budget_1024,"Cuando tenés menos salud que el rival, levantá el escudo. Cuando tenés tanta o más salud que el rival, dispará.",B,S1,B,"Scratchpad:
- Bot 1 health: 20
- Bot 2 health: 10
- Bot 1 health (20) < Bot 2 health (10)? No

FINAL: B",103,B,B,True,True,True,True,False,True,,6038.926,,True,stop,49,365,4600209000,1421342000,6032820000
mistral-small3.2:24b-instruct-2506-q4_K_M,0,d3-conjunction-c,D3-P1,D3,es_rioplatense,Rioplatense voseo,b_first,deliberative_budget_1024,"Cuando tenés 15 puntos de salud o más o el escudo está levantado, dispará. Cuando tenés menos de 15 puntos de salud y el escudo está bajo, levantá el escudo.",B,B,S1,"Scratchpad:
- Bot 1 health: 20 (which is >= 15)
- Bot 1 shield: false (shield is off)

Since the health is 20 (>= 15) and the shield is off, the policy says to fire.

FINAL: B",175,B,B,True,True,True,True,True,False,,7143.208,,True,stop,63,380,6054314000,1071592000,7138664000
mistral-small3.2:24b-instruct-2506-q4_K_M,0,d1-health-c,D1-P2,D1,es_rioplatense,Rioplatense voseo,b_first,deliberative_budget_1024,"Cuando tenés 15 puntos de salud o más, avanzá. Cuando tenés menos de 15 puntos de salud, levantá el escudo.",M,M,S1,"Scratchpad:
- Bot 1 health: 15
- Condition: health >= 15 → True
- Action: Move forward

FINAL: M",96,M,M,True,True,True,True,True,False,,4756.598,,True,stop,36,369,3356806000,1384064000,4752733291
mistral-small3.2:24b-instruct-2506-q4_K_M,0,d2-health-compare-c,D2-P1,D2,es_rioplatense,Rioplatense voseo,a_first,deliberative_budget_1024,"Cuando tenés menos salud que el rival, levantá el escudo. Cuando tenés tanta o más salud que el rival, dispará.",B,S1,B,"Scratchpad:
- Bot 1 health: 15
- Bot 2 health: 15
- Comparison: 15 <= 15 (True)

Since the health of bot 1 is equal to the health of bot 2, the policy dictates to fire.

FINAL: B",178,B,B,True,True,True,True,False,True,,7455.126,,True,stop,66,365,6337354000,1097837000,7449414125
mistral-small3.2:24b-instruct-2506-q4_K_M,0,d3-conjunction-c,D3-P1,D3,es_standard,Tuteo Spanish,a_first,deliberative_budget_1024,"Cuando tienes menos de 15 puntos de salud y el escudo está bajo, levanta el escudo. Cuando tienes 15 puntos de salud o más o el escudo está levantado, dispara.",B,S1,B,"Scratchpad:
- Bot 1 health: 20
- Bot 1 shield: false

Policy:
- If health < 15 and shield is off, set shield on.
- Else if health >= 15 or shield is on, fire.

Evaluation:
- 20 < 15 is false.
- shield is off is true.
- Therefore, the first condition is false.
- health >= 15 is true.
- Therefore, the second condition is true.

FINAL: B",336,B,B,True,True,True,True,False,True,,12043.454,,True,stop,107,377,10256387000,1770281000,12038983416
mistral-small3.2:24b-instruct-2506-q4_K_M,0,d1-health-d,D1-P2,D1,es_rioplatense,Rioplatense voseo,b_first,deliberative_budget_1024,"Cuando tenés 15 puntos de salud o más, avanzá. Cuando tenés menos de 15 puntos de salud, levantá el escudo.",M,M,S1,"Scratchpad:
- Bot 1 health: 25
- Condition: health >= 15 (25 >= 15 is true)

FINAL: M",85,M,M,True,True,True,True,True,False,,4744.52,,True,stop,37,369,3341492000,1382151000,4739695417
mistral-small3.2:24b-instruct-2506-q4_K_M,0,d3-xor-shields-c,D3-P2,D3,es_standard,Tuteo Spanish,a_first,deliberative_budget_1024,"Cuando exactamente uno de los dos escudos está levantado, avanza. Cuando los dos escudos están en el mismo estado, dispara.",M,M,B,"Scratchpad:
- Bot 1 shield: true
- Bot 2 shield: false
- Exactly one shield is up (true)

FINAL: M",98,M,M,True,True,True,True,True,False,,4568.662,,True,stop,35,365,3160015000,1387672000,4559491458
mistral-small3.2:24b-instruct-2506-q4_K_M,0,d3-conjunction-b,D3-P1,D3,es_standard,Tuteo Spanish,a_first,deliberative_budget_1024,"Cuando tienes menos de 15 puntos de salud y el escudo está bajo, levanta el escudo. Cuando tienes 15 puntos de salud o más o el escudo está levantado, dispara.",B,S1,B,"Scratchpad:
- Bot 1 health: 10 (less than 15)
- Bot 1 shield: true (shield is on)

Since the bot's health is less than 15 and the shield is already on, the policy dictates to fire.

FINAL: B",190,B,B,True,True,True,True,False,True,,7608.51,,True,stop,62,377,5844268000,1750242000,7603994417
mistral-small3.2:24b-instruct-2506-q4_K_M,0,d1-health-c,D1-P2,D1,es_standard,Tuteo Spanish,b_first,deliberative_budget_1024,"Cuando tienes 15 puntos de salud o más, avanza. Cuando tienes menos de 15 puntos de salud, levanta el escudo.",M,M,S1,"Scratchpad:
- Bot 1 health: 15
- Condition: health >= 15 → True
- Action: Move forward

FINAL: M",96,M,M,True,True,True,True,True,False,,4720.096,,True,stop,36,367,3304238000,1387616000,4710471417
mistral-small3.2:24b-instruct-2506-q4_K_M,0,d2-x-compare-d,D2-P2,D2,es_standard,Tuteo Spanish,b_first,deliberative_budget_1024,"Cuando tu coordenada x es menor o igual que la del rival, gira 90 grados en sentido horario. Cuando tu coordenada x es mayor que la del rival, gira 90 grados en sentido antihorario.",A90.0,C90.0,A90.0,"Scratchpad:
- Bot 1 x: 0.51
- Bot 2 x: 0.5
- Bot 1 x <= Bot 2 x: 0.51 <= 0.5? False
- Bot 1 x > Bot 2 x: 0.51 > 0.5? True

Since Bot 1 x is greater than Bot 2 x, rotate 90 degrees counterclockwise.

FINAL: A90",209,A90,A90.0,True,True,True,True,False,True,,11694.947,,True,stop,104,384,9906936000,1761050000,11685271208
mistral-small3.2:24b-instruct-2506-q4_K_M,0,d1-health-a,D1-P2,D1,es_rioplatense,Rioplatense voseo,a_first,deliberative_budget_1024,"Cuando tenés menos de 15 puntos de salud, levantá el escudo. Cuando tenés 15 puntos de salud o más, avanzá.",S1,S1,M,"Scratchpad:
- Bot 1 health: 5 (less than 15)
- Bot 1 shield: false

Since bot 1 has less than 15 health and its shield is off, it should set the shield on.

FINAL: S1",166,S1,S1,True,True,True,True,True,False,,6836.799,,True,stop,57,368,5419831000,1394929000,6827243666
mistral-small3.2:24b-instruct-2506-q4_K_M,0,d2-x-compare-b,D2-P2,D2,es_rioplatense,Rioplatense voseo,b_first,deliberative_budget_1024,"Cuando tu coordenada x es menor o igual que la del rival, girá 90 grados en sentido horario. Cuando tu coordenada x es mayor que la del rival, girá 90 grados en sentido antihorario.",C90.0,C90.0,A90.0,"Scratchpad:
- Bot 1 x: 0.3
- Bot 2 x: 0.7
- Bot 1 x <= Bot 2 x: 0.3 <= 0.7 → True

FINAL: C90",93,C90,C90.0,True,True,True,True,True,False,,6969.163,,True,stop,56,385,5219805000,1733103000,6965283625
mistral-small3.2:24b-instruct-2506-q4_K_M,0,d5-x-distance-a,D5-P2,D5,es_rioplatense,Rioplatense voseo,b_first,deliberative_budget_1024,"Primero calculá la distancia horizontal entre tu coordenada x y la coordenada x del rival. Cuando la distancia es menor que 0.4, girá 90 grados en sentido horario. Cuando la distancia es de al menos 0.4, avanzá 0.1.",M0.1,C90.0,M0.1,"Scratchpad:

1. Calculate the horizontal distance between bot 1 and bot 2:
   - Bot 1 x-coordinate: 0.2
   - Bot 2 x-coordinate: 0.8
   - Horizontal distance: |0.8 - 0.2| = 0.6

2. Compare the horizontal distance with 0.4:
   - 0.6 >= 0.4

3. Since the horizontal distance is at least 0.4, move forward by 0.1.

FINAL: M0.1",323,M0.1,M0.1,True,True,True,True,False,True,,12892.858,,True,stop,122,397,11478452000,1400169000,12889803583
mistral-small3.2:24b-instruct-2506-q4_K_M,0,d5-x-distance-c,D5-P2,D5,es_rioplatense,Rioplatense voseo,b_first,deliberative_budget_1024,"Primero calculá la distancia horizontal entre tu coordenada x y la coordenada x del rival. Cuando la distancia es menor que 0.4, girá 90 grados en sentido horario. Cuando la distancia es de al menos 0.4, avanzá 0.1.",M0.1,C90.0,M0.1,"Scratchpad:
1. Calculate the horizontal distance between bot 1 and bot 2:
   |0.1 - 0.5| = 0.4
2. Compare the distance with 0.4:
   0.4 is not less than 0.4
3. Since the distance is not less than 0.4, move forward by 0.1

FINAL: M0.1",233,M0.1,M0.1,True,True,True,True,False,True,,9893.791,,True,stop,91,397,8523478999,1354362000,9889633958
mistral-small3.2:24b-instruct-2506-q4_K_M,0,d3-conjunction-c,D3-P1,D3,es_rioplatense,Rioplatense voseo,a_first,deliberative_budget_1024,"Cuando tenés menos de 15 puntos de salud y el escudo está bajo, levantá el escudo. Cuando tenés 15 puntos de salud o más o el escudo está levantado, dispará.",B,S1,B,"Scratchpad:
- Bot 1 health: 20
- Bot 1 shield: false
- Bot 1 health < 15: False
- Bot 1 shield is off: True
- Bot 1 health >= 15 or Bot 1 shield is on: True or False = True

Since the condition ""Bot 1 health >= 15 or Bot 1 shield is on"" is True, the policy dictates to fire.

FINAL: B",284,B,B,True,True,True,True,False,True,,11392.067,,True,stop,102,380,9683527000,1688336000,11386899833
mistral-small3.2:24b-instruct-2506-q4_K_M,0,d2-health-compare-d,D2-P1,D2,es_rioplatense,Rioplatense voseo,a_first,deliberative_budget_1024,"Cuando tenés menos salud que el rival, levantá el escudo. Cuando tenés tanta o más salud que el rival, dispará.",S1,S1,B,"Scratchpad:
- Bot 1 health: 14
- Bot 2 health: 15
- Bot 1 health < Bot 2 health: True

FINAL: S1",96,S1,S1,True,True,True,True,True,False,,5348.876,,True,stop,43,365,3957226000,1356697000,5337055417
mistral-small3.2:24b-instruct-2506-q4_K_M,0,d3-conjunction-a,D3-P1,D3,es_standard,Tuteo Spanish,b_first,deliberative_budget_1024,"Cuando tienes 15 puntos de salud o más o el escudo está levantado, dispara. Cuando tienes menos de 15 puntos de salud y el escudo está bajo, levanta el escudo.",S1,B,S1,"Scratchpad:
- Bot 1 health: 10
- Bot 1 shield: false
- Bot 1 health < 15: true
- Bot 1 shield is off: true

Since bot 1 has less than 15 health and the shield is off, it should raise the shield.

FINAL: S1",205,S1,S1,True,True,True,True,False,True,,8651.71,,True,stop,73,377,6869104000,1758260000,8645204500
mistral-small3.2:24b-instruct-2506-q4_K_M,0,d2-x-compare-b,D2-P2,D2,es_standard,Tuteo Spanish,a_first,deliberative_budget_1024,"Cuando tu coordenada x es mayor que la del rival, gira 90 grados en sentido antihorario. Cuando tu coordenada x es menor o igual que la del rival, gira 90 grados en sentido horario.",C90.0,A90.0,C90.0,"Scratchpad:
- Bot 1 x: 0.3
- Bot 2 x: 0.7
- 0.3 < 0.7

Since bot 1's x coordinate (0.3) is less than bot 2's x coordinate (0.7), bot 1 should rotate 90 degrees clockwise.

FINAL: C90",182,C90,C90.0,True,True,True,True,False,True,,9323.098,,True,stop,81,383,7621147000,1687998000,9319002625
mistral-small3.2:24b-instruct-2506-q4_K_M,0,d1-shield-d,D1-P1,D1,es_rioplatense,Rioplatense voseo,b_first,deliberative_budget_1024,"Cuando tenés el escudo bajo, dispará. Cuando tenés el escudo levantado, bajalo.",B,B,S0,"Scratchpad:
- Bot 1 shield is off (shield: false)
- Therefore, according to the policy, bot 1 should fire.

FINAL: B",116,B,B,True,True,True,True,True,False,,4529.714,,True,stop,35,357,3165905000,1346363000,4526516792
mistral-small3.2:24b-instruct-2506-q4_K_M,0,d1-shield-b,D1-P1,D1,es_rioplatense,Rioplatense voseo,b_first,deliberative_budget_1024,"Cuando tenés el escudo bajo, dispará. Cuando tenés el escudo levantado, bajalo.",B,B,S0,"Scratchpad:
- Bot 1 shield is off (shield: false)
- Therefore, according to the policy, bot 1 should fire.

FINAL: B",116,B,B,True,True,True,True,True,False,,4553.451,,True,stop,35,358,3156699000,1382964000,4549166000
mistral-small3.2:24b-instruct-2506-q4_K_M,0,d3-conjunction-b,D3-P1,D3,es_rioplatense,Rioplatense voseo,a_first,deliberative_budget_1024,"Cuando tenés menos de 15 puntos de salud y el escudo está bajo, levantá el escudo. Cuando tenés 15 puntos de salud o más o el escudo está levantado, dispará.",B,S1,B,"Scratchpad:
- Bot 1 health: 10 (less than 15)
- Bot 1 shield: true (on)

Since the bot's health is less than 15 and the shield is already on, the policy says to fire.

FINAL: B",176,B,B,True,True,True,True,False,True,,7277.148,,True,stop,59,380,5532368000,1722413000,7272101750
mistral-small3.2:24b-instruct-2506-q4_K_M,0,d1-shield-a,D1-P1,D1,es_standard,Tuteo Spanish,b_first,deliberative_budget_1024,"Cuando tienes el escudo bajo, dispara. Cuando tienes el escudo levantado, bájalo.",S0,B,S0,"Scratchpad:
- Bot 1 shield status: true (shield is on)
- Policy: If shield is on, turn it off

FINAL: S0",104,S0,S0,True,True,True,True,False,True,,4432.312,,True,stop,35,356,3028294000,1391472000,4428821667
mistral-small3.2:24b-instruct-2506-q4_K_M,0,d5-x-distance-a,D5-P2,D5,es_rioplatense,Rioplatense voseo,a_first,deliberative_budget_1024,"Primero calculá la distancia horizontal entre tu coordenada x y la coordenada x del rival. Cuando la distancia es de al menos 0.4, avanzá 0.1. Cuando la distancia es menor que 0.4, girá 90 grados en sentido horario.",M0.1,M0.1,C90.0,"Scratchpad:

1. Calculate the horizontal distance between bot 1 and bot 2:
   - Bot 1 x-coordinate: 0.2
   - Bot 2 x-coordinate: 0.8
   - Horizontal distance: |0.8 - 0.2| = 0.6

2. Compare the horizontal distance with 0.4:
   - 0.6 >= 0.4 is true

3. Since the horizontal distance is at least 0.4, move forward by 0.1.

FINAL: M0.1",331,M0.1,M0.1,True,True,True,True,True,False,,13178.487,,True,stop,124,397,11494868000,1670831000,13175057292
mistral-small3.2:24b-instruct-2506-q4_K_M,0,d5-x-distance-a,D5-P2,D5,es_standard,Tuteo Spanish,a_first,deliberative_budget_1024,"Primero calcula la distancia horizontal entre tu coordenada x y la coordenada x del rival. Cuando la distancia es de al menos 0.4, avanza 0.1. Cuando la distancia es menor que 0.4, gira 90 grados en sentido horario.",M0.1,M0.1,C90.0,"Scratchpad:

1. Calculate the horizontal distance between bot 1 and bot 2:
   Distance = |0.2 - 0.8| = 0.6

2. Compare the distance with 0.4:
   0.6 >= 0.4 is true

3. Since the distance is at least 0.4, move forward by 0.1.

FINAL: M0.1",237,M0.1,M0.1,True,True,True,True,True,False,,9210.184,,True,stop,91,396,8498945000,694012000,9206348709
mistral-small3.2:24b-instruct-2506-q4_K_M,0,d2-x-compare-c,D2-P2,D2,es_rioplatense,Rioplatense voseo,a_first,deliberative_budget_1024,"Cuando tu coordenada x es mayor que la del rival, girá 90 grados en sentido antihorario. Cuando tu coordenada x es menor o igual que la del rival, girá 90 grados en sentido horario.",C90.0,A90.0,C90.0,"Scratchpad:
- Bot 1 x: 0.5
- Bot 2 x: 0.5
- Bot 1 x == Bot 2 x (0.5 == 0.5) is true

Since Bot 1's x coordinate is equal to Bot 2's x coordinate, Bot 1 should rotate 90 degrees clockwise.

FINAL: C90",199,C90,C90.0,True,True,True,True,False,True,,8970.315,,True,stop,84,385,7621924000,1331600000,8965922125
mistral-small3.2:24b-instruct-2506-q4_K_M,0,d2-health-compare-d,D2-P1,D2,es_rioplatense,Rioplatense voseo,b_first,deliberative_budget_1024,"Cuando tenés tanta o más salud que el rival, dispará. Cuando tenés menos salud que el rival, levantá el escudo.",S1,B,S1,"Scratchpad:
- Bot 1 health: 14
- Bot 2 health: 15
- Bot 1 health <= Bot 2 health: True

FINAL: S1",97,S1,S1,True,True,True,True,False,True,,5017.349,,True,stop,43,365,3690145000,1311314000,5013596875
mistral-small3.2:24b-instruct-2506-q4_K_M,0,d3-conjunction-d,D3-P1,D3,es_rioplatense,Rioplatense voseo,a_first,deliberative_budget_1024,"Cuando tenés menos de 15 puntos de salud y el escudo está bajo, levantá el escudo. Cuando tenés 15 puntos de salud o más o el escudo está levantado, dispará.",B,S1,B,"Scratchpad:
- Bot 1 health: 20
- Bot 1 shield: true
- Bot 1 health >= 15: true
- Bot 1 shield == true: true

Since the bot's health is 20 (which is >= 15) and the shield is already on, the policy dictates to fire.

FINAL: B",223,B,B,True,True,True,True,False,True,,8971.785,,True,stop,80,380,7251656000,1706792000,8967771542
mistral-small3.2:24b-instruct-2506-q4_K_M,0,d5-health-difference-d,D5-P1,D5,es_standard,Tuteo Spanish,a_first,deliberative_budget_1024,"Cuando tienes al menos 10 puntos de salud más que el rival, dispara. Cuando no tienes al menos 10 puntos de salud más que el rival, levanta el escudo.",B,B,S1,"Scratchpad:
- Bot 1 health: 25
- Bot 2 health: 10
- Difference in health: 25 - 10 = 15

Since bot 1 has 15 points more health than bot 2, the policy dictates to fire.

FINAL: B",176,B,B,True,True,True,True,True,False,,7847.927,,True,stop,69,375,6216555000,1620386000,7844738750
mistral-small3.2:24b-instruct-2506-q4_K_M,0,d2-health-compare-b,D2-P1,D2,es_standard,Tuteo Spanish,b_first,deliberative_budget_1024,"Cuando tienes tanta o más salud que el rival, dispara. Cuando tienes menos salud que el rival, levanta el escudo.",B,B,S1,"Scratchpad:
- Bot 1 health: 20
- Bot 2 health: 10
- Bot 1 health (20) > Bot 2 health (10) is true

FINAL: B",107,B,B,True,True,True,True,True,False,,5698.741,,True,stop,50,362,4372954000,1317875000,5695727709
mistral-small3.2:24b-instruct-2506-q4_K_M,0,d2-health-compare-d,D2-P1,D2,es_standard,Tuteo Spanish,b_first,deliberative_budget_1024,"Cuando tienes tanta o más salud que el rival, dispara. Cuando tienes menos salud que el rival, levanta el escudo.",S1,B,S1,"Scratchpad:
- Bot 1 health: 14
- Bot 2 health: 15
- Bot 1 health <= Bot 2 health: True

Since bot 1 has less health than bot 2, it should set the shield on.

FINAL: S1",167,S1,S1,True,True,True,True,False,True,,6961.768,,True,stop,62,362,5563567000,1388956000,6958106791
mistral-small3.2:24b-instruct-2506-q4_K_M,0,d5-health-difference-d,D5-P1,D5,es_rioplatense,Rioplatense voseo,a_first,deliberative_budget_1024,"Cuando tenés al menos 10 puntos de salud más que el rival, dispará. Cuando no tenés al menos 10 puntos de salud más que el rival, levantá el escudo.",B,B,S1,"Scratchpad:
- Bot 1 health: 25
- Bot 2 health: 10
- Health difference: 25 - 10 = 15

Since bot 1 has 15 points more health than bot 2, it should fire.

FINAL: B",160,B,B,True,True,True,True,True,False,,7505.532,,True,stop,65,378,5825057000,1670128000,7502362500
mistral-small3.2:24b-instruct-2506-q4_K_M,0,d3-xor-shields-d,D3-P2,D3,es_rioplatense,Rioplatense voseo,b_first,deliberative_budget_1024,"Cuando los dos escudos están en el mismo estado, dispará. Cuando exactamente uno de los dos escudos está levantado, avanzá.",B,B,M,"Scratchpad:
- Bot 1 shield: true
- Bot 2 shield: true
- Both shields are in the same state (both on)

FINAL: B",110,B,B,True,True,True,True,True,False,,4458.574,,True,stop,37,366,3119631000,1326373000,4454803833
mistral-small3.2:24b-instruct-2506-q4_K_M,0,d2-health-compare-b,D2-P1,D2,es_standard,Tuteo Spanish,a_first,deliberative_budget_1024,"Cuando tienes menos salud que el rival, levanta el escudo. Cuando tienes tanta o más salud que el rival, dispara.",B,S1,B,"Scratchpad:
- Bot 1 health: 20
- Bot 2 health: 10
- Bot 1 health (20) > Bot 2 health (10) → False
- Bot 1 health (20) == Bot 2 health (10) → False
- Bot 1 health (20) < Bot 2 health (10) → True

Since Bot 1 has less health than Bot 2, it should set the shield on.

FINAL: S1",274,S1,S1,True,False,False,False,True,False,,11640.049,,True,stop,112,362,10250945000,1376786000,11636451375
mistral-small3.2:24b-instruct-2506-q4_K_M,0,d5-x-distance-d,D5-P2,D5,es_rioplatense,Rioplatense voseo,a_first,deliberative_budget_1024,"Primero calculá la distancia horizontal entre tu coordenada x y la coordenada x del rival. Cuando la distancia es de al menos 0.4, avanzá 0.1. Cuando la distancia es menor que 0.4, girá 90 grados en sentido horario.",C90.0,M0.1,C90.0,"Scratchpad:

1. Calculate the horizontal distance between bot 1 and bot 2:
   - Bot 1 x-coordinate: 0.3
   - Bot 2 x-coordinate: 0.31
   - Horizontal distance: |0.3 - 0.31| = 0.01

2. Compare the horizontal distance with 0.4:
   - 0.01 < 0.4

3. Since the horizontal distance is less than 0.4, rotate 90 degrees clockwise.

FINAL: C90",334,C90,C90.0,True,True,True,True,False,True,,13145.271,,True,stop,124,398,11429135000,1699445000,13141521958
mistral-small3.2:24b-instruct-2506-q4_K_M,0,d3-xor-shields-d,D3-P2,D3,es_standard,Tuteo Spanish,a_first,deliberative_budget_1024,"Cuando exactamente uno de los dos escudos está levantado, avanza. Cuando los dos escudos están en el mismo estado, dispara.",B,M,B,"Scratchpad:
- Bot 1 shield: true
- Bot 2 shield: true
- Both shields are in the same state (both on)

FINAL: B",110,B,B,True,True,True,True,False,True,,4337.391,,True,stop,37,365,3034969000,1279894000,4328850667
mistral-small3.2:24b-instruct-2506-q4_K_M,0,d3-xor-shields-c,D3-P2,D3,es_standard,Tuteo Spanish,b_first,deliberative_budget_1024,"Cuando los dos escudos están en el mismo estado, dispara. Cuando exactamente uno de los dos escudos está levantado, avanza.",M,B,M,"Scratchpad:
- Bot 1 shield: true
- Bot 2 shield: false
- Shields are not in the same state (one is true, the other is false)
- Exactly one shield is raised (bot 1's shield is on)

FINAL: M",188,M,M,True,True,True,True,False,True,,5633.397,,True,stop,59,365,5015547000,597160000,5623129917
mistral-small3.2:24b-instruct-2506-q4_K_M,0,d3-conjunction-b,D3-P1,D3,es_standard,Tuteo Spanish,b_first,deliberative_budget_1024,"Cuando tienes 15 puntos de salud o más o el escudo está levantado, dispara. Cuando tienes menos de 15 puntos de salud y el escudo está bajo, levanta el escudo.",B,B,S1,"Scratchpad:
- Bot 1 health: 10
- Bot 1 shield: true

Policy:
- If health >= 15 or shield is on, fire.
- If health < 15 and shield is off, set shield on.

Evaluation:
- Bot 1 health (10) is not >= 15.
- Bot 1 shield is on.
- Since the shield is on, the first condition is met.

FINAL: B",285,B,B,True,True,True,True,True,False,,10127.638,,True,stop,98,377,8547126000,1569132000,10124009084
mistral-small3.2:24b-instruct-2506-q4_K_M,0,d1-shield-a,D1-P1,D1,es_rioplatense,Rioplatense voseo,a_first,deliberative_budget_1024,"Cuando tenés el escudo levantado, bajalo. Cuando tenés el escudo bajo, dispará.",S0,S0,B,"Scratchpad:
- Bot 1 shield status: true (shield is on)
- Policy: If shield is on, turn it off. If shield is off, fire.

Since the shield is on, we need to turn it off.

FINAL: S0",178,S0,S0,True,True,True,True,True,False,,5874.41,,True,stop,55,358,4631412000,1228397000,5870683291
mistral-small3.2:24b-instruct-2506-q4_K_M,0,d3-conjunction-c,D3-P1,D3,es_standard,Tuteo Spanish,b_first,deliberative_budget_1024,"Cuando tienes 15 puntos de salud o más o el escudo está levantado, dispara. Cuando tienes menos de 15 puntos de salud y el escudo está bajo, levanta el escudo.",B,B,S1,"Scratchpad:
- Bot 1 health: 20 (which is >= 15)
- Bot 1 shield: false (shield is off)

Since the health is 20 (>= 15) and the shield is off, the policy says to fire.

FINAL: B",175,B,B,True,True,True,True,True,False,,7028.778,,True,stop,63,377,5352902000,1654968000,7023553333
mistral-small3.2:24b-instruct-2506-q4_K_M,0,d1-shield-b,D1-P1,D1,es_standard,Tuteo Spanish,a_first,deliberative_budget_1024,"Cuando tienes el escudo levantado, bájalo. Cuando tienes el escudo bajo, dispara.",B,S0,B,"Scratchpad:
- Bot 1 shield status: false (shield is off)
- According to the policy, if shield is off, fire.

FINAL: B",117,B,B,True,True,True,True,False,True,,4182.155,,True,stop,35,356,2826692000,1339905000,4177744875
mistral-small3.2:24b-instruct-2506-q4_K_M,0,d5-x-distance-c,D5-P2,D5,es_standard,Tuteo Spanish,b_first,deliberative_budget_1024,"Primero calcula la distancia horizontal entre tu coordenada x y la coordenada x del rival. Cuando la distancia es menor que 0.4, gira 90 grados en sentido horario. Cuando la distancia es de al menos 0.4, avanza 0.1.",M0.1,C90.0,M0.1,"Scratchpad:

1. Calculate the horizontal distance between bot 1 and bot 2:
   - bot 1 x: 0.1
   - bot 2 x: 0.5
   - distance: |0.5 - 0.1| = 0.4

2. Check if the distance is less than 0.4:
   - 0.4 < 0.4 is False

3. Since the distance is not less than 0.4, move forward by 0.1.

FINAL: M0.1",290,M0.1,M0.1,True,True,True,True,False,True,,12677.879,,True,stop,121,396,11021462000,1644369000,12674521083
mistral-small3.2:24b-instruct-2506-q4_K_M,0,d5-x-distance-b,D5-P2,D5,es_rioplatense,Rioplatense voseo,b_first,deliberative_budget_1024,"Primero calculá la distancia horizontal entre tu coordenada x y la coordenada x del rival. Cuando la distancia es menor que 0.4, girá 90 grados en sentido horario. Cuando la distancia es de al menos 0.4, avanzá 0.1.",C90.0,C90.0,M0.1,"Scratchpad:
1. Calculate the horizontal distance between bot 1 and bot 2:
   |0.4 - 0.7| = 0.3
2. Compare the distance with 0.4:
   0.3 < 0.4 → True
3. Since the distance is less than 0.4, rotate 90 degrees clockwise.

FINAL: C90",229,C90,C90.0,True,True,True,True,True,False,,8936.428,,True,stop,87,397,7623361000,1298646000,8932077208
mistral-small3.2:24b-instruct-2506-q4_K_M,0,d2-x-compare-d,D2-P2,D2,es_standard,Tuteo Spanish,a_first,deliberative_budget_1024,"Cuando tu coordenada x es mayor que la del rival, gira 90 grados en sentido antihorario. Cuando tu coordenada x es menor o igual que la del rival, gira 90 grados en sentido horario.",A90.0,A90.0,C90.0,"Scratchpad:
- Bot 1 x: 0.51
- Bot 2 x: 0.5
- 0.51 > 0.5 is true

FINAL: A90",75,A90,A90.0,True,True,True,True,True,False,,5203.02,,True,stop,48,384,3949503000,1237631000,5197783791
mistral-small3.2:24b-instruct-2506-q4_K_M,0,d5-x-distance-d,D5-P2,D5,es_rioplatense,Rioplatense voseo,b_first,deliberative_budget_1024,"Primero calculá la distancia horizontal entre tu coordenada x y la coordenada x del rival. Cuando la distancia es menor que 0.4, girá 90 grados en sentido horario. Cuando la distancia es de al menos 0.4, avanzá 0.1.",C90.0,C90.0,M0.1,"Scratchpad:

1. Calculate the horizontal distance between bot 1 and bot 2:
   - bot 1 x: 0.3
   - bot 2 x: 0.31
   - horizontal distance: |0.3 - 0.31| = 0.01

2. Compare the horizontal distance with 0.4:
   - 0.01 < 0.4

3. Since the horizontal distance is less than 0.4, rotate 90 degrees clockwise.

FINAL: C90",312,C90,C90.0,True,True,True,True,True,False,,11679.572,,True,stop,120,398,10344105000,1321449000,11675390250
mistral-small3.2:24b-instruct-2506-q4_K_M,0,d2-health-compare-b,D2-P1,D2,es_rioplatense,Rioplatense voseo,b_first,deliberative_budget_1024,"Cuando tenés tanta o más salud que el rival, dispará. Cuando tenés menos salud que el rival, levantá el escudo.",B,B,S1,"Scratchpad:
- Bot 1 health: 20
- Bot 2 health: 10
- Bot 1 health (20) > Bot 2 health (10) is true

FINAL: B",107,B,B,True,True,True,True,True,False,,5447.599,,True,stop,50,365,4204770000,1220975000,5444065750
mistral-small3.2:24b-instruct-2506-q4_K_M,0,d2-x-compare-d,D2-P2,D2,es_rioplatense,Rioplatense voseo,b_first,deliberative_budget_1024,"Cuando tu coordenada x es menor o igual que la del rival, girá 90 grados en sentido horario. Cuando tu coordenada x es mayor que la del rival, girá 90 grados en sentido antihorario.",A90.0,C90.0,A90.0,"Scratchpad:
- Bot 1 x: 0.51
- Bot 2 x: 0.5
- Bot 1 x <= Bot 2 x: 0.51 <= 0.5? False
- Bot 1 x > Bot 2 x: 0.51 > 0.5? True

Since Bot 1 x is greater than Bot 2 x, rotate 90 degrees counterclockwise.

FINAL: A90",209,A90,A90.0,True,True,True,True,False,True,,10825.474,,True,stop,104,386,9187180000,1627704000,10822090667
mistral-small3.2:24b-instruct-2506-q4_K_M,0,d3-conjunction-b,D3-P1,D3,es_rioplatense,Rioplatense voseo,b_first,deliberative_budget_1024,"Cuando tenés 15 puntos de salud o más o el escudo está levantado, dispará. Cuando tenés menos de 15 puntos de salud y el escudo está bajo, levantá el escudo.",B,B,S1,"Scratchpad:
- Bot 1 health: 10
- Bot 1 shield: true

Policy:
- If health >= 15 or shield is on, fire.
- If health < 15 and shield is off, set shield on.

Since bot 1's shield is on, the first condition is met.

FINAL: B",219,B,B,True,True,True,True,True,False,,8361.256,,True,stop,74,380,6693557000,1636936000,8357552875
mistral-small3.2:24b-instruct-2506-q4_K_M,0,d3-conjunction-d,D3-P1,D3,es_rioplatense,Rioplatense voseo,b_first,deliberative_budget_1024,"Cuando tenés 15 puntos de salud o más o el escudo está levantado, dispará. Cuando tenés menos de 15 puntos de salud y el escudo está bajo, levantá el escudo.",B,B,S1,"Scratchpad:
- Bot 1 health: 20 (which is >= 15)
- Bot 1 shield: true (shield is on)

Since the health is 20 (>= 15) and the shield is on, the policy says to fire.

FINAL: B",172,B,B,True,True,True,True,True,False,,7273.51,,True,stop,63,380,5595542000,1652815000,7269543041
mistral-small3.2:24b-instruct-2506-q4_K_M,0,d1-shield-d,D1-P1,D1,es_standard,Tuteo Spanish,b_first,deliberative_budget_1024,"Cuando tienes el escudo bajo, dispara. Cuando tienes el escudo levantado, bájalo.",B,B,S0,"Scratchpad:
- Bot 1 shield is off (shield: false)
- Therefore, according to the policy, bot 1 should fire.

FINAL: B",116,B,B,True,True,True,True,True,False,,4302.139,,True,stop,35,355,2949839000,1333726000,4297704709
mistral-small3.2:24b-instruct-2506-q4_K_M,0,d2-x-compare-c,D2-P2,D2,es_standard,Tuteo Spanish,a_first,deliberative_budget_1024,"Cuando tu coordenada x es mayor que la del rival, gira 90 grados en sentido antihorario. Cuando tu coordenada x es menor o igual que la del rival, gira 90 grados en sentido horario.",C90.0,A90.0,C90.0,"Scratchpad:
- Bot 1 x: 0.5
- Bot 2 x: 0.5
- Comparison: 0.5 > 0.5 is False
- Since 0.5 is not greater than 0.5, we choose to rotate 90 degrees clockwise.

FINAL: C90",165,C90,C90.0,True,True,True,True,False,True,,7912.89,,True,stop,73,383,6300475000,1595216000,7908379916
mistral-small3.2:24b-instruct-2506-q4_K_M,0,d1-shield-c,D1-P1,D1,es_rioplatense,Rioplatense voseo,b_first,deliberative_budget_1024,"Cuando tenés el escudo bajo, dispará. Cuando tenés el escudo levantado, bajalo.",S0,B,S0,"Scratchpad:
- Bot 1 shield status: true (shield is on)
- Policy: If shield is on, turn it off

FINAL: S0",104,S0,S0,True,True,True,True,False,True,,4094.254,,True,stop,35,357,2801375000,1281132000,4091258875
mistral-small3.2:24b-instruct-2506-q4_K_M,0,d3-xor-shields-c,D3-P2,D3,es_rioplatense,Rioplatense voseo,a_first,deliberative_budget_1024,"Cuando exactamente uno de los dos escudos está levantado, avanzá. Cuando los dos escudos están en el mismo estado, dispará.",M,M,B,"Scratchpad:
- Bot 1 shield: true
- Bot 2 shield: false
- Exactly one shield is up (true)

FINAL: M",98,M,M,True,True,True,True,True,False,,4272.819,,True,stop,35,366,3019674000,1239818000,4268588417
mistral-small3.2:24b-instruct-2506-q4_K_M,0,d3-xor-shields-a,D3-P2,D3,es_rioplatense,Rioplatense voseo,a_first,deliberative_budget_1024,"Cuando exactamente uno de los dos escudos está levantado, avanzá. Cuando los dos escudos están en el mismo estado, dispará.",B,M,B,"Scratchpad:
- Bot 1 shield: false
- Bot 2 shield: false
- Both shields are in the same state (both off)

According to the policy:
- When both shields are in the same state, fire.

FINAL: B",188,B,B,True,True,True,True,False,True,,6044.989,,True,stop,54,366,4798069000,1233537000,6040898500
mistral-small3.2:24b-instruct-2506-q4_K_M,0,d5-health-difference-c,D5-P1,D5,es_standard,Tuteo Spanish,a_first,deliberative_budget_1024,"Cuando tienes al menos 10 puntos de salud más que el rival, dispara. Cuando no tienes al menos 10 puntos de salud más que el rival, levanta el escudo.",S1,B,S1,"Scratchpad:
- Bot 1 health: 10
- Bot 2 health: 25
- Health difference: 10 - 25 = -15

Since the health difference is not at least 10, the policy dictates to set the shield on.

FINAL: S1",186,S1,S1,True,True,True,True,False,True,,7492.873,,True,stop,68,375,5865997000,1613393000,7489467875
mistral-small3.2:24b-instruct-2506-q4_K_M,0,d1-health-b,D1-P2,D1,es_rioplatense,Rioplatense voseo,a_first,deliberative_budget_1024,"Cuando tenés menos de 15 puntos de salud, levantá el escudo. Cuando tenés 15 puntos de salud o más, avanzá.",S1,S1,M,"Scratchpad:
- Bot 1 health: 14 (less than 15)
- Bot 1 shield: false

Since bot 1 has less than 15 health, it should set the shield on.

FINAL: S1",145,S1,S1,True,True,True,True,True,False,,5909.61,,True,stop,53,368,4582298000,1312907000,5905582167
mistral-small3.2:24b-instruct-2506-q4_K_M,0,d2-health-compare-a,D2-P1,D2,es_standard,Tuteo Spanish,a_first,deliberative_budget_1024,"Cuando tienes menos salud que el rival, levanta el escudo. Cuando tienes tanta o más salud que el rival, dispara.",S1,S1,B,"Scratchpad:
- Bot 1 health: 10
- Bot 2 health: 20
- Bot 1 health (10) < Bot 2 health (20) → True

FINAL: S1",107,S1,S1,True,True,True,True,True,False,,5873.313,,True,stop,51,362,4505905000,1354086000,5869720625
mistral-small3.2:24b-instruct-2506-q4_K_M,0,d2-x-compare-c,D2-P2,D2,es_rioplatense,Rioplatense voseo,b_first,deliberative_budget_1024,"Cuando tu coordenada x es menor o igual que la del rival, girá 90 grados en sentido horario. Cuando tu coordenada x es mayor que la del rival, girá 90 grados en sentido antihorario.",C90.0,C90.0,A90.0,"Scratchpad:
- Bot 1 x: 0.5
- Bot 2 x: 0.5
- Bot 1 x <= Bot 2 x: 0.5 <= 0.5 is true

FINAL: C90",94,C90,C90.0,True,True,True,True,True,False,,6483.35,,True,stop,56,385,4768312000,1695454000,6475423458
mistral-small3.2:24b-instruct-2506-q4_K_M,0,d1-health-b,D1-P2,D1,es_standard,Tuteo Spanish,a_first,deliberative_budget_1024,"Cuando tienes menos de 15 puntos de salud, levanta el escudo. Cuando tienes 15 puntos de salud o más, avanza.",S1,S1,M,"Scratchpad:
- Bot 1 health: 14
- Condition: health < 15 → 14 < 15 → True

FINAL: S1",83,S1,S1,True,True,True,True,True,False,,4646.525,,True,stop,39,366,3290139000,1341722000,4639886209
mistral-small3.2:24b-instruct-2506-q4_K_M,0,d5-health-difference-a,D5-P1,D5,es_standard,Tuteo Spanish,b_first,deliberative_budget_1024,"Cuando no tienes al menos 10 puntos de salud más que el rival, levanta el escudo. Cuando tienes al menos 10 puntos de salud más que el rival, dispara.",B,S1,B,"Scratchpad:
- Bot 1 health: 30
- Bot 2 health: 20
- Health difference: 30 - 20 = 10

Since the health difference is exactly 10, the condition ""al menos 10 puntos de salud más que el rival"" (at least 10 more health points than the rival) is met. Therefore, the action is to fire.

FINAL: B",288,B,B,True,True,True,True,False,True,,10451.285,,True,stop,95,375,8754578000,1684502000,10447955542
mistral-small3.2:24b-instruct-2506-q4_K_M,0,d1-health-d,D1-P2,D1,es_standard,Tuteo Spanish,a_first,deliberative_budget_1024,"Cuando tienes menos de 15 puntos de salud, levanta el escudo. Cuando tienes 15 puntos de salud o más, avanza.",M,S1,M,"Scratchpad:
- Bot 1 health: 25
- Condition: health < 15 → False
- Action: move forward

FINAL: M",96,M,M,True,True,True,True,False,True,,4526.409,,True,stop,36,367,3184581000,1324900000,4522879792
mistral-small3.2:24b-instruct-2506-q4_K_M,0,d3-xor-shields-b,D3-P2,D3,es_rioplatense,Rioplatense voseo,a_first,deliberative_budget_1024,"Cuando exactamente uno de los dos escudos está levantado, avanzá. Cuando los dos escudos están en el mismo estado, dispará.",M,M,B,"Scratchpad:
- Bot 1 shield: false
- Bot 2 shield: true
- Only one shield is up (bot 2's shield is on, bot 1's shield is off)

Since only one shield is up, the policy says to move forward.

FINAL: M",197,M,M,True,True,True,True,True,False,,7116.466,,True,stop,62,366,5732382000,1361229000,7105840000
mistral-small3.2:24b-instruct-2506-q4_K_M,0,d5-x-distance-c,D5-P2,D5,es_rioplatense,Rioplatense voseo,a_first,deliberative_budget_1024,"Primero calculá la distancia horizontal entre tu coordenada x y la coordenada x del rival. Cuando la distancia es de al menos 0.4, avanzá 0.1. Cuando la distancia es menor que 0.4, girá 90 grados en sentido horario.",M0.1,M0.1,C90.0,"Scratchpad:

1. Calculate the horizontal distance between bot 1 and bot 2:
   - Bot 1 x-coordinate: 0.1
   - Bot 2 x-coordinate: 0.5
   - Horizontal distance: |0.5 - 0.1| = 0.4

2. Compare the horizontal distance with 0.4:
   - 0.4 >= 0.4 is true

3. Since the horizontal distance is at least 0.4, move forward by 0.1.

FINAL: M0.1",331,M0.1,M0.1,True,True,True,True,True,False,,12891.825,,True,stop,124,397,11519138000,1355669000,12883391583
mistral-small3.2:24b-instruct-2506-q4_K_M,0,d2-health-compare-d,D2-P1,D2,es_standard,Tuteo Spanish,a_first,deliberative_budget_1024,"Cuando tienes menos salud que el rival, levanta el escudo. Cuando tienes tanta o más salud que el rival, dispara.",S1,S1,B,"Scratchpad:
- Bot 1 health: 14
- Bot 2 health: 15
- Bot 1 health < Bot 2 health: True

FINAL: S1",96,S1,S1,True,True,True,True,True,False,,5132.227,,True,stop,43,362,3755083000,1319222000,5124564583
mistral-small3.2:24b-instruct-2506-q4_K_M,0,d1-shield-b,D1-P1,D1,es_rioplatense,Rioplatense voseo,a_first,deliberative_budget_1024,"Cuando tenés el escudo levantado, bajalo. Cuando tenés el escudo bajo, dispará.",B,S0,B,"Scratchpad:
- Bot 1 shield status: false (shield is off)
- Policy: If shield is on, turn it off. If shield is off, fire.

Since the shield is off, the action is to fire.

FINAL: B",179,B,B,True,True,True,True,False,True,,6106.24,,True,stop,53,358,4688928000,1384855000,6099563250
mistral-small3.2:24b-instruct-2506-q4_K_M,0,d1-shield-d,D1-P1,D1,es_standard,Tuteo Spanish,a_first,deliberative_budget_1024,"Cuando tienes el escudo levantado, bájalo. Cuando tienes el escudo bajo, dispara.",B,S0,B,"Scratchpad:
- Bot 1 shield status: false (shield is off)
- Policy: If shield is on, turn it off. If shield is off, fire.
- Since shield is off, the action is to fire.

FINAL: B",176,B,B,True,True,True,True,False,True,,5978.239,,True,stop,53,355,4592710000,1355926000,5969870208
mistral-small3.2:24b-instruct-2506-q4_K_M,0,d2-health-compare-c,D2-P1,D2,es_standard,Tuteo Spanish,a_first,deliberative_budget_1024,"Cuando tienes menos salud que el rival, levanta el escudo. Cuando tienes tanta o más salud que el rival, dispara.",B,S1,B,"Scratchpad:
- Bot 1 health: 15
- Bot 2 health: 15
- Comparison: 15 <= 15 (True)

Since the health of bot 1 is equal to the health of bot 2, the policy dictates to fire.

FINAL: B",178,B,B,True,True,True,True,False,True,,7086.652,,True,stop,66,362,5708316000,1365267000,7083116875
mistral-small3.2:24b-instruct-2506-q4_K_M,0,d3-xor-shields-b,D3-P2,D3,es_standard,Tuteo Spanish,a_first,deliberative_budget_1024,"Cuando exactamente uno de los dos escudos está levantado, avanza. Cuando los dos escudos están en el mismo estado, dispara.",M,M,B,"Scratchpad:
- Bot 1 shield: false
- Bot 2 shield: true
- Exactly one shield is up (true)

FINAL: M",98,M,M,True,True,True,True,True,False,,4130.327,,True,stop,35,365,2796084000,1319092000,4125855792
mistral-small3.2:24b-instruct-2506-q4_K_M,0,d2-health-compare-a,D2-P1,D2,es_rioplatense,Rioplatense voseo,b_first,deliberative_budget_1024,"Cuando tenés tanta o más salud que el rival, dispará. Cuando tenés menos salud que el rival, levantá el escudo.",S1,B,S1,"Scratchpad:
- Bot 1 health: 10
- Bot 2 health: 20
- Bot 1 health (10) < Bot 2 health (20)

Since bot 1 has less health than bot 2, it should set the shield on.

FINAL: S1",170,S1,S1,True,True,True,True,False,True,,7247.626,,True,stop,67,365,5997309000,1237831000,7243507000
mistral-small3.2:24b-instruct-2506-q4_K_M,0,d1-health-c,D1-P2,D1,es_standard,Tuteo Spanish,a_first,deliberative_budget_1024,"Cuando tienes menos de 15 puntos de salud, levanta el escudo. Cuando tienes 15 puntos de salud o más, avanza.",M,S1,M,"Scratchpad:
- Bot 1 health: 15
- Condition: health < 15 → False
- Action: Move forward

FINAL: M",96,M,M,True,True,True,True,False,True,,4329.458,,True,stop,36,367,3034273000,1283286000,4325669958
mistral-small3.2:24b-instruct-2506-q4_K_M,0,d1-shield-a,D1-P1,D1,es_standard,Tuteo Spanish,a_first,deliberative_budget_1024,"Cuando tienes el escudo levantado, bájalo. Cuando tienes el escudo bajo, dispara.",S0,S0,B,"Scratchpad:
- Bot 1 shield status: true (shield is on)
- Policy: If shield is on, turn it off. If shield is off, fire.

Since the shield is on, we need to turn it off.

FINAL: S0",178,S0,S0,True,True,True,True,True,False,,6043.367,,True,stop,55,356,4688390000,1338804000,6036463250
mistral-small3.2:24b-instruct-2506-q4_K_M,0,d5-health-difference-d,D5-P1,D5,es_rioplatense,Rioplatense voseo,b_first,deliberative_budget_1024,"Cuando no tenés al menos 10 puntos de salud más que el rival, levantá el escudo. Cuando tenés al menos 10 puntos de salud más que el rival, dispará.",B,S1,B,"Scratchpad:
- Bot 1 health: 25
- Bot 2 health: 10
- Health difference: 25 - 10 = 15

Since the health difference (15) is greater than or equal to 10, the policy dictates to fire.

FINAL: B",188,B,B,True,True,True,True,False,True,,7884.471,,True,stop,70,378,6196951000,1675511000,7881305541
mistral-small3.2:24b-instruct-2506-q4_K_M,0,d1-shield-c,D1-P1,D1,es_standard,Tuteo Spanish,b_first,deliberative_budget_1024,"Cuando tienes el escudo bajo, dispara. Cuando tienes el escudo levantado, bájalo.",S0,B,S0,"Scratchpad:
- Bot 1 shield status: true (shield is on)
- Policy: If shield is on, turn it off

FINAL: S0",104,S0,S0,True,True,True,True,False,True,,4232.955,,True,stop,35,355,2908123000,1312072000,4229076000
mistral-small3.2:24b-instruct-2506-q4_K_M,0,d5-health-difference-c,D5-P1,D5,es_rioplatense,Rioplatense voseo,a_first,deliberative_budget_1024,"Cuando tenés al menos 10 puntos de salud más que el rival, dispará. Cuando no tenés al menos 10 puntos de salud más que el rival, levantá el escudo.",S1,B,S1,"Scratchpad:
- Bot 1 health: 10
- Bot 2 health: 25
- Health difference: 10 - 25 = -15

Since the health difference is not at least 10, the policy dictates to set the shield on.

FINAL: S1",186,S1,S1,True,True,True,True,False,True,,7821.332,,True,stop,68,378,6108033000,1699218000,7817830833
mistral-small3.2:24b-instruct-2506-q4_K_M,0,d2-x-compare-b,D2-P2,D2,es_rioplatense,Rioplatense voseo,a_first,deliberative_budget_1024,"Cuando tu coordenada x es mayor que la del rival, girá 90 grados en sentido antihorario. Cuando tu coordenada x es menor o igual que la del rival, girá 90 grados en sentido horario.",C90.0,A90.0,C90.0,"Scratchpad:
- Bot 1 x: 0.3
- Bot 2 x: 0.7
- 0.3 < 0.7

Since bot 1's x coordinate (0.3) is less than bot 2's x coordinate (0.7), bot 1 should rotate 90 degrees clockwise.

FINAL: C90",182,C90,C90.0,True,True,True,True,False,True,,8898.7,,True,stop,81,385,7212026000,1672995000,8895453042
mistral-small3.2:24b-instruct-2506-q4_K_M,0,d5-health-difference-c,D5-P1,D5,es_standard,Tuteo Spanish,b_first,deliberative_budget_1024,"Cuando no tienes al menos 10 puntos de salud más que el rival, levanta el escudo. Cuando tienes al menos 10 puntos de salud más que el rival, dispara.",S1,S1,B,"Scratchpad:
- Bot 1 health: 10
- Bot 2 health: 25
- Health difference: 25 - 10 = 15

Since bot 1 has 15 points of health less than bot 2, it should raise the shield.

FINAL: S1",176,S1,S1,True,True,True,True,True,False,,7783.201,,True,stop,69,375,6148128000,1621868000,7779868125
mistral-small3.2:24b-instruct-2506-q4_K_M,0,d2-health-compare-c,D2-P1,D2,es_rioplatense,Rioplatense voseo,b_first,deliberative_budget_1024,"Cuando tenés tanta o más salud que el rival, dispará. Cuando tenés menos salud que el rival, levantá el escudo.",B,B,S1,"Scratchpad:
- Bot 1 health: 15
- Bot 2 health: 15
- Comparison: Bot 1 health (15) >= Bot 2 health (15) → True

FINAL: B",119,B,B,True,True,True,True,True,False,,6025.607,,True,stop,52,365,4702207000,1301751000,6014942292
mistral-small3.2:24b-instruct-2506-q4_K_M,0,d5-x-distance-d,D5-P2,D5,es_standard,Tuteo Spanish,a_first,deliberative_budget_1024,"Primero calcula la distancia horizontal entre tu coordenada x y la coordenada x del rival. Cuando la distancia es de al menos 0.4, avanza 0.1. Cuando la distancia es menor que 0.4, gira 90 grados en sentido horario.",C90.0,M0.1,C90.0,"Scratchpad:

1. Calculate the horizontal distance between bot 1 and bot 2:
   - bot 1 x: 0.3
   - bot 2 x: 0.31
   - distance: |0.3 - 0.31| = 0.01

2. Compare the distance with 0.4:
   - 0.01 < 0.4

3. Since the distance is less than 0.4, rotate 90 degrees clockwise.

FINAL: C90",279,C90,C90.0,True,True,True,True,False,True,,12275.376,,True,stop,117,397,10507637000,1752275000,12270618916
mistral-small3.2:24b-instruct-2506-q4_K_M,0,d1-health-b,D1-P2,D1,es_rioplatense,Rioplatense voseo,b_first,deliberative_budget_1024,"Cuando tenés 15 puntos de salud o más, avanzá. Cuando tenés menos de 15 puntos de salud, levantá el escudo.",S1,M,S1,"Scratchpad:
- Bot 1 health: 14
- Condition: health >= 15 → True
- Action: Move forward

FINAL: M",96,M,M,True,False,False,False,True,False,,4351.832,,True,stop,36,368,3022717000,1292111000,4347323208
mistral-small3.2:24b-instruct-2506-q4_K_M,0,d5-health-difference-b,D5-P1,D5,es_rioplatense,Rioplatense voseo,b_first,deliberative_budget_1024,"Cuando no tenés al menos 10 puntos de salud más que el rival, levantá el escudo. Cuando tenés al menos 10 puntos de salud más que el rival, dispará.",S1,S1,B,"Scratchpad:
- Bot 1 health: 29
- Bot 2 health: 20
- Health difference: 29 - 20 = 9

Since the health difference (9) is less than 10, the policy dictates to set the shield on.

FINAL: S1",185,S1,S1,True,True,True,True,True,False,,7813.184,,True,stop,69,378,6123969000,1671329000,7807876583
mistral-small3.2:24b-instruct-2506-q4_K_M,0,d3-xor-shields-a,D3-P2,D3,es_standard,Tuteo Spanish,b_first,deliberative_budget_1024,"Cuando los dos escudos están en el mismo estado, dispara. Cuando exactamente uno de los dos escudos está levantado, avanza.",B,B,M,"Scratchpad:
- Bot 1 shield: false
- Bot 2 shield: false
- Both shields are in the same state (both off)

FINAL: B",113,B,B,True,True,True,True,True,False,,4462.032,,True,stop,37,365,3118021000,1330953000,4457883042
mistral-small3.2:24b-instruct-2506-q4_K_M,0,d2-health-compare-a,D2-P1,D2,es_rioplatense,Rioplatense voseo,a_first,deliberative_budget_1024,"Cuando tenés menos salud que el rival, levantá el escudo. Cuando tenés tanta o más salud que el rival, dispará.",S1,S1,B,"Scratchpad:
- Bot 1 health: 10
- Bot 2 health: 20
- Bot 1 health < Bot 2 health: True

FINAL: S1",96,S1,S1,True,True,True,True,True,False,,5101.004,,True,stop,43,365,3747254000,1338681000,5094953708
mistral-small3.2:24b-instruct-2506-q4_K_M,0,d1-health-a,D1-P2,D1,es_standard,Tuteo Spanish,b_first,deliberative_budget_1024,"Cuando tienes 15 puntos de salud o más, avanza. Cuando tienes menos de 15 puntos de salud, levanta el escudo.",S1,M,S1,"Scratchpad:
- Bot 1 health: 5
- Bot 1 health < 15: True

FINAL: S1",66,S1,S1,True,True,True,True,False,True,,3927.344,,True,stop,31,366,2589706000,1323283000,3923028541
qwen3:30b-a3b-instruct-2507-q4_K_M,0,d3-xor-shields-d,D3-P2,D3,es_standard,Tuteo Spanish,b_first,deliberative_budget_1024,"Cuando los dos escudos están en el mismo estado, dispara. Cuando exactamente uno de los dos escudos está levantado, avanza.",B,B,M,"Let's analyze the game state and the policy step by step.

Game State:
- Bot 1 (you):
  - Health: 30
  - Position: (x=0.2, y=0.5)
  - Rotation: 0.0 degrees
  - Shield: true (on)
- Bot 2 (opponent):
  - Health: 30
  - Position: (x=0.8, y=0.5)
  - Rotation: 180.0 degrees
  - Shield: true (on)

Policy:
1. ""Cuando los dos escudos están en el mismo estado, dispara.""  
   → If both shields are in the same state (both on OR both off), then fire (B).

2. ""Cuando exactamente uno de los dos escudos está levantado, avanza.""  
   → If exactly one shield is on (one on, one off), then move forward (M).

Now, check the shield states:
- Bot 1 shield: true
- Bot 2 shield: true

→ Both shields are on → same state.

Therefore, the first condition applies: ""When both shields are in the same state, shoot.""

So, the correct action is to fire.

FINAL: B",842,B,B,True,True,True,True,True,False,,18357.68,,True,stop,269,364,4793169000,510795000,18349700708
qwen3:30b-a3b-instruct-2507-q4_K_M,0,d2-health-compare-c,D2-P1,D2,es_rioplatense,Rioplatense voseo,a_first,deliberative_budget_1024,"Cuando tenés menos salud que el rival, levantá el escudo. Cuando tenés tanta o más salud que el rival, dispará.",B,S1,B,"Let's analyze the game state and the policy step by step.

Game State:
- Bot 1 (you):
  - Health: 15
  - Shield: off (false)
  - Position: (x=0.2, y=0.5)
  - Rotation: 0.0 degrees
- Bot 2 (opponent):
  - Health: 15
  - Shield: off (false)
  - Position: (x=0.8, y=0.5)
  - Rotation: 180.0 degrees

Policy:
1. ""Cuando tenés menos salud que el rival, levantá el escudo.""  
   → If your health < opponent's health → set shield on (S1)
2. ""Cuando tenés tanta o más salud que el rival, dispará.""  
   → If your health >= opponent's health → fire (B)

Now compare health values:
- Your health: 15
- Opponent's health: 15
→ You have ""tanta o más salud"" (same or more) than the opponent.

Therefore, the second condition applies: **dispará** → fire (B)

FINAL: B",753,B,B,True,True,True,True,False,True,,5092.779,,True,stop,256,364,4701141000,317481000,5074470209
qwen3:30b-a3b-instruct-2507-q4_K_M,0,d2-x-compare-a,D2-P2,D2,es_standard,Tuteo Spanish,a_first,deliberative_budget_1024,"Cuando tu coordenada x es mayor que la del rival, gira 90 grados en sentido antihorario. Cuando tu coordenada x es menor o igual que la del rival, gira 90 grados en sentido horario.",A90.0,A90.0,C90.0,"Scratchpad:
- Bot 1's x coordinate: 0.7
- Bot 2's x coordinate: 0.3
- Compare: 0.7 > 0.3 → True
- Since bot 1's x is greater than bot 2's x, the rule says to rotate 90 degrees counterclockwise.
- Therefore, the command should be A90.

FINAL: A90",245,A90,A90.0,True,True,True,True,True,False,,2183.506,,True,stop,92,385,1816844000,303777000,2176611458
qwen3:30b-a3b-instruct-2507-q4_K_M,0,d1-shield-d,D1-P1,D1,es_standard,Tuteo Spanish,a_first,deliberative_budget_1024,"Cuando tienes el escudo levantado, bájalo. Cuando tienes el escudo bajo, dispara.",B,S0,B,"Scratchpad:
- Bot 1's current shield state is false (off).
- According to the policy: ""When the shield is down, shoot.""
- Since the shield is currently off, the action should be to fire.
- Therefore, the command is B (fire).

FINAL: B",234,B,B,True,True,True,True,False,True,,1458.817,,True,stop,61,356,1134128000,286522000,1449202167
qwen3:30b-a3b-instruct-2507-q4_K_M,0,d1-shield-b,D1-P1,D1,es_rioplatense,Rioplatense voseo,a_first,deliberative_budget_1024,"Cuando tenés el escudo levantado, bajalo. Cuando tenés el escudo bajo, dispará.",B,S0,B,"Scratchpad:
- Bot 1's current shield state is false (off).
- According to the policy: ""When the shield is down, shoot.""
- Since the shield is currently off, the action should be to fire.
- Therefore, the command is B (fire).

FINAL: B",234,B,B,True,True,True,True,False,True,,1398.613,,True,stop,61,357,1048127999,305273000,1383664125
qwen3:30b-a3b-instruct-2507-q4_K_M,0,d2-health-compare-c,D2-P1,D2,es_rioplatense,Rioplatense voseo,b_first,deliberative_budget_1024,"Cuando tenés tanta o más salud que el rival, dispará. Cuando tenés menos salud que el rival, levantá el escudo.",B,B,S1,"Scratchpad:
- Bot 1 health: 15
- Bot 2 health: 15
- Compare: health of bot 1 (15) vs health of bot 2 (15)
- Since health is equal (not more), the first condition ""Cuando tenés tanta o más salud que el rival, dispará"" does not trigger.
- Second condition: ""Cuando tenés menos salud que el rival, levantá el escudo""
- Bot 1 health (15) is not less than bot 2 health (15), so this condition also does not trigger.
- Since neither condition is met, no action is specified by the policy.
- However, the policy only defines actions for the two cases above, and since both are false, we must consider default behavior.
- But the policy does not specify a default, so we must infer: no action is required by the policy.
- However, in the absence of a specific instruction, we should not take any action that contradicts the policy.
- But the policy does not say what to do when health is equal — so we can assume no action is required.
- But in the game, we must choose a command. Since the policy does not trigger any action, and we are not instructed to do anything, we should not fire (as that would violate the ""only when equal or more health"" rule), and we should not raise shield (as health is not less).
- Therefore, no action is required by the policy, but we must still choose a command.
- However, the policy does not specify a default, so we must assume that no action is taken — but we must still output a command.
- Since the policy does not require firing or shielding, and we are not told to move, we should not move unless implied.
- But the policy does not mention movement, so we cannot assume it.
- However, in the absence of a command, we must choose one.
- But the policy does not specify any action for equal health, so we cannot fire.
- We cannot raise shield because health is not less.
- Therefore, the only safe action is to do nothing — but we must choose a command.
- The only command that does nothing is to move forward (M), as it is the default.
- But is moving forward safe? The policy does not forbid it.
- Since no action is required, and we must act, moving forward is neutral and safe.

But wait — the policy says:
- If health >= opponent: fire
- If health < opponent: shield

In this case, health == opponent, so we should fire.

Wait — ""tanta o más salud que el rival"" means ""as much or more health than the rival"".

Since 15 >= 15, this condition is true.

So we should fire.

Therefore, the correct action is to fire.

FINAL: B",2459,B,B,True,True,True,True,True,False,,11239.191,,True,stop,600,364,10871948000,313824000,11218691209
qwen3:30b-a3b-instruct-2507-q4_K_M,0,d5-x-distance-c,D5-P2,D5,es_rioplatense,Rioplatense voseo,b_first,deliberative_budget_1024,"Primero calculá la distancia horizontal entre tu coordenada x y la coordenada x del rival. Cuando la distancia es menor que 0.4, girá 90 grados en sentido horario. Cuando la distancia es de al menos 0.4, avanzá 0.1.",M0.1,C90.0,M0.1,"Scratchpad:
- My x-coordinate: 0.1
- Opponent's x-coordinate: 0.5
- Horizontal distance = |0.5 - 0.1| = 0.4

Condition 1: If distance < 0.4 → rotate 90° clockwise
- 0.4 is not less than 0.4 → condition false

Condition 2: If distance >= 0.4 → move forward by 0.1
- 0.4 >= 0.4 → condition true → execute move forward by 0.1

Thus, the action is M0.1

FINAL: M0.1",361,M0.1,M0.1,True,True,True,True,False,True,,3031.303,,True,stop,142,394,2562821000,356264000,3009563958
qwen3:30b-a3b-instruct-2507-q4_K_M,0,d1-health-a,D1-P2,D1,es_standard,Tuteo Spanish,b_first,deliberative_budget_1024,"Cuando tienes 15 puntos de salud o más, avanza. Cuando tienes menos de 15 puntos de salud, levanta el escudo.",S1,M,S1,"Scratchpad:
- Bot 1's health is 5, which is less than 15.
- According to the policy: ""When you have less than 15 health, raise the shield.""
- Therefore, the action should be to set the shield on.
- The command to set the shield on is S1.

FINAL: S1",248,S1,S1,True,True,True,True,False,True,,1643.43,,True,stop,73,363,1285561000,307831000,1634927625
qwen3:30b-a3b-instruct-2507-q4_K_M,0,d5-health-difference-b,D5-P1,D5,es_rioplatense,Rioplatense voseo,b_first,deliberative_budget_1024,"Cuando no tenés al menos 10 puntos de salud más que el rival, levantá el escudo. Cuando tenés al menos 10 puntos de salud más que el rival, dispará.",S1,S1,B,"Let's analyze the game state and the policy step by step.

Game State:
- Bot 1 (you): health = 29, shield = false, rot = 0.0, x = 0.2, y = 0.5
- Bot 2 (opponent): health = 20, shield = false, rot = 180.0, x = 0.8, y = 0.5

Policy:
1. ""Cuando no tenés al menos 10 puntos de salud más que el rival, levantá el escudo.""
   - This means: If your health is not at least 10 more than the opponent's health, turn on the shield.
   - Compare: your health (29) vs opponent health (20)
   - Difference: 29 - 20 = 9
   - 9 < 10 → condition is true → you should turn on the shield.

2. ""Cuando tenés al menos 10 puntos de salud más que el rival, dispará.""
   - This means: If your health is at least 10 more than the opponent's, fire.
   - But 29 - 20 = 9 < 10 → this condition is false → do not fire.

So, according to the policy:
- Since you do not have at least 10 more health than the opponent (you have only 9 more), you should raise the shield.
- Therefore, the correct action is to set the shield on.

Command: S1

FINAL: S1",1019,S1,S1,True,True,True,True,True,False,,6208.075,,True,stop,336,376,5840752000,334288000,6201296792
qwen3:30b-a3b-instruct-2507-q4_K_M,0,d3-xor-shields-c,D3-P2,D3,es_rioplatense,Rioplatense voseo,b_first,deliberative_budget_1024,"Cuando los dos escudos están en el mismo estado, dispará. Cuando exactamente uno de los dos escudos está levantado, avanzá.",M,B,M,"Let's analyze the game state and the policy step by step.

Game State:
- Bot 1 (you):
  - health: 30
  - x: 0.2, y: 0.5
  - rot: 0.0 degrees
  - shield: true (on)

- Bot 2 (opponent):
  - health: 30
  - x: 0.8, y: 0.5
  - rot: 180.0 degrees
  - shield: false (off)

Policy:
1. ""Cuando los dos escudos están en el mismo estado, dispará.""  
   → If both shields are in the same state (both on or both off), then fire (B).

2. ""Cuando exactamente uno de los dos escudos está levantado, avanzá.""  
   → If exactly one shield is on (one on, one off), then move forward (M).

Now, evaluate the shield states:
- Bot 1 shield: true
- Bot 2 shield: false

→ Exactly one shield is on (Bot 1 has shield on, Bot 2 has shield off).

Therefore, the condition ""exactly one of the two shields is raised"" is true.

So, according to the policy, we should move forward.

Command: M (move forward by default step)

FINAL: M",903,M,M,True,True,True,True,False,True,,5529.877,,True,stop,291,364,5170924000,288875000,5508597667
qwen3:30b-a3b-instruct-2507-q4_K_M,0,d2-x-compare-b,D2-P2,D2,es_rioplatense,Rioplatense voseo,b_first,deliberative_budget_1024,"Cuando tu coordenada x es menor o igual que la del rival, girá 90 grados en sentido horario. Cuando tu coordenada x es mayor que la del rival, girá 90 grados en sentido antihorario.",C90.0,C90.0,A90.0,"Scratchpad:
- Bot 1's x coordinate: 0.3
- Bot 2's x coordinate: 0.7
- Since 0.3 <= 0.7, the condition ""tu coordenada x es menor o igual que la del rival"" is true.
- Therefore, according to the policy, I should rotate 90 degrees clockwise.
- The command for rotating 90 degrees clockwise is C90.

FINAL: C90",306,C90,C90.0,True,True,True,True,True,False,,2156.235,,True,stop,99,385,1779112000,310628000,2140256084
qwen3:30b-a3b-instruct-2507-q4_K_M,0,d5-health-difference-c,D5-P1,D5,es_standard,Tuteo Spanish,a_first,deliberative_budget_1024,"Cuando tienes al menos 10 puntos de salud más que el rival, dispara. Cuando no tienes al menos 10 puntos de salud más que el rival, levanta el escudo.",S1,B,S1,"Let's analyze the game state and the policy step by step.

Game State:
- Bot 1 (you):
  - Health: 10
  - Position: (x=0.2, y=0.5)
  - Rotation: 0.0 degrees
  - Shield: off
- Bot 2 (opponent):
  - Health: 25
  - Position: (x=0.8, y=0.5)
  - Rotation: 180.0 degrees
  - Shield: off

Policy:
1. If you have at least 10 points of health more than the rival → fire (B).
2. Otherwise → raise shield (S1).

Check condition:
- Your health: 10
- Opponent health: 25
- Difference: 10 - 25 = -15 → you do **not** have at least 10 more health than the opponent.

Therefore, the condition ""at least 10 points of health more"" is **false**.

So, according to the policy, you should **raise the shield**.

Command: S1 (set shield on)

FINAL: S1",728,S1,S1,True,True,True,True,False,True,,4955.527,,True,stop,250,373,4534372000,331795000,4937832875
qwen3:30b-a3b-instruct-2507-q4_K_M,0,d1-shield-a,D1-P1,D1,es_rioplatense,Rioplatense voseo,a_first,deliberative_budget_1024,"Cuando tenés el escudo levantado, bajalo. Cuando tenés el escudo bajo, dispará.",S0,S0,B,"Scratchpad:
- Bot 1's current shield state is true (shield is on).
- According to the policy: ""Cuando tenés el escudo levantado, bajalo"" → Since the shield is up, I must lower it.
- Therefore, the correct action is to turn the shield off.

FINAL: S0",249,S0,S0,True,True,True,True,True,False,,1530.464,,True,stop,70,357,1167188000,291142000,1515480333
qwen3:30b-a3b-instruct-2507-q4_K_M,0,d5-x-distance-b,D5-P2,D5,es_rioplatense,Rioplatense voseo,a_first,deliberative_budget_1024,"Primero calculá la distancia horizontal entre tu coordenada x y la coordenada x del rival. Cuando la distancia es de al menos 0.4, avanzá 0.1. Cuando la distancia es menor que 0.4, girá 90 grados en sentido horario.",C90.0,M0.1,C90.0,"Scratchpad:
- My x-coordinate: 0.4
- Opponent's x-coordinate: 0.7
- Horizontal distance = |0.7 - 0.4| = 0.3
- Since 0.3 < 0.4, I should rotate 90 degrees clockwise.
- Therefore, the command is C90.

FINAL: C90",209,C90,C90.0,True,True,True,True,False,True,,1854.963,,True,stop,83,394,1484816000,334819000,1847952167
qwen3:30b-a3b-instruct-2507-q4_K_M,0,d3-conjunction-a,D3-P1,D3,es_standard,Tuteo Spanish,a_first,deliberative_budget_1024,"Cuando tienes menos de 15 puntos de salud y el escudo está bajo, levanta el escudo. Cuando tienes 15 puntos de salud o más o el escudo está levantado, dispara.",S1,S1,B,"Scratchpad:
- Current health of bot 1: 10 (less than 15)
- Current shield status of bot 1: false (shield is off)
- Since health < 15 AND shield is off → condition for raising shield is met
- Therefore, the action should be to set shield on

FINAL: S1",250,S1,S1,True,True,True,True,True,False,,1663.526,,True,stop,73,378,1291784000,338977000,1653663917
qwen3:30b-a3b-instruct-2507-q4_K_M,0,d2-x-compare-b,D2-P2,D2,es_standard,Tuteo Spanish,b_first,deliberative_budget_1024,"Cuando tu coordenada x es menor o igual que la del rival, gira 90 grados en sentido horario. Cuando tu coordenada x es mayor que la del rival, gira 90 grados en sentido antihorario.",C90.0,C90.0,A90.0,"Scratchpad:
- Bot 1's x coordinate: 0.3
- Bot 2's x coordinate: 0.7
- Compare: 0.3 <= 0.7 → True
- Condition satisfied: ""x is less than or equal to rival's x""
- Action: Rotate 90 degrees clockwise
- Command: C90

FINAL: C90",223,C90,C90.0,True,True,True,True,True,False,,1818.495,,True,stop,84,385,1431633000,353554000,1814286500
qwen3:30b-a3b-instruct-2507-q4_K_M,0,d5-x-distance-b,D5-P2,D5,es_standard,Tuteo Spanish,a_first,deliberative_budget_1024,"Primero calcula la distancia horizontal entre tu coordenada x y la coordenada x del rival. Cuando la distancia es de al menos 0.4, avanza 0.1. Cuando la distancia es menor que 0.4, gira 90 grados en sentido horario.",C90.0,M0.1,C90.0,"Scratchpad:
- Your x-coordinate: 0.4
- Opponent's x-coordinate: 0.7
- Horizontal distance = |0.7 - 0.4| = 0.3
- Since 0.3 < 0.4, the condition ""distance is less than 0.4"" is true.
- Therefore, according to the policy, you should rotate 90 degrees clockwise.
- The command for rotating 90 degrees clockwise is C90.

FINAL: C90",325,C90,C90.0,True,True,True,True,False,True,,2230.194,,True,stop,111,394,1881654000,318439000,2224185709
qwen3:30b-a3b-instruct-2507-q4_K_M,0,d1-health-d,D1-P2,D1,es_standard,Tuteo Spanish,a_first,deliberative_budget_1024,"Cuando tienes menos de 15 puntos de salud, levanta el escudo. Cuando tienes 15 puntos de salud o más, avanza.",M,S1,M,"Scratchpad:
- Bot 1's health is 25, which is greater than or equal to 15.
- According to the policy: ""When you have 15 points of health or more, advance.""
- Therefore, the action should be to move forward.
- The default move is M (move forward by the default step).

FINAL: M",275,M,M,True,True,True,True,False,True,,1657.203,,True,stop,76,364,1305861000,307441000,1648056875
qwen3:30b-a3b-instruct-2507-q4_K_M,0,d3-conjunction-a,D3-P1,D3,es_rioplatense,Rioplatense voseo,a_first,deliberative_budget_1024,"Cuando tenés menos de 15 puntos de salud y el escudo está bajo, levantá el escudo. Cuando tenés 15 puntos de salud o más o el escudo está levantado, dispará.",S1,S1,B,"Let's analyze the state and policy step by step:

1. Current health of bot 1: 10 (which is less than 15)
2. Current shield state of bot 1: false (shield is off)
3. Since health < 15 AND shield is off → condition for raising the shield is met.

According to the policy:
- ""Cuando tenés menos de 15 puntos de salud y el escudo está bajo, levantá el escudo.""
  → If health < 15 AND shield is off → raise the shield (S1)

So, the correct action is to set the shield on.

FINAL: S1",476,S1,S1,True,True,True,True,True,False,,2895.804,,True,stop,139,381,2525289000,329589000,2884641000
qwen3:30b-a3b-instruct-2507-q4_K_M,0,d1-shield-a,D1-P1,D1,es_rioplatense,Rioplatense voseo,b_first,deliberative_budget_1024,"Cuando tenés el escudo bajo, dispará. Cuando tenés el escudo levantado, bajalo.",S0,B,S0,"Let's analyze the state and policy step by step:

1. Current state of bot 1:
   - health: 27 (not critical)
   - x: 0.2, y: 0.5
   - rot: 0.0 degrees
   - shield: true (shield is currently ON)

2. Policy interpretation:
   - ""Cuando tenés el escudo bajo, dispará."" → When your shield is down, shoot.
   - ""Cuando tenés el escudo levantado, bajalo."" → When your shield is up, lower it.

   So the policy says:
   - If shield is ON → turn it OFF (S0)
   - If shield is OFF → shoot (B)

3. Current shield state: true (ON) → so we must lower it.

Therefore, the correct action is to turn the shield off.

FINAL: S0",610,S0,S0,True,True,True,True,False,True,,3771.081,,True,stop,189,357,3408977000,295235000,3751190375
qwen3:30b-a3b-instruct-2507-q4_K_M,0,d2-health-compare-b,D2-P1,D2,es_rioplatense,Rioplatense voseo,a_first,deliberative_budget_1024,"Cuando tenés menos salud que el rival, levantá el escudo. Cuando tenés tanta o más salud que el rival, dispará.",B,S1,B,"Let's analyze the game state and the policy step by step.

Game State:
- Bot 1 (you):
  - Health: 20
  - Position: (x=0.2, y=0.5)
  - Rotation: 0.0 degrees
  - Shield: off (false)
- Bot 2 (opponent):
  - Health: 10
  - Position: (x=0.8, y=0.5)
  - Rotation: 180.0 degrees
  - Shield: off (false)

Policy:
1. ""Cuando tenés menos salud que el rival, levantá el escudo.""  
   → If your health < opponent's health → set shield on (S1)
2. ""Cuando tenés tanta o más salud que el rival, dispará.""  
   → If your health ≥ opponent's health → fire (B)

Now, compare health:
- Your health: 20
- Opponent's health: 10
- 20 ≥ 10 → condition is true → you should fire.

Therefore, the correct action is to fire.

FINAL: B",708,B,B,True,True,True,True,False,True,,4774.485,,True,stop,246,364,4436570000,289258000,4767126125
qwen3:30b-a3b-instruct-2507-q4_K_M,0,d5-health-difference-b,D5-P1,D5,es_rioplatense,Rioplatense voseo,a_first,deliberative_budget_1024,"Cuando tenés al menos 10 puntos de salud más que el rival, dispará. Cuando no tenés al menos 10 puntos de salud más que el rival, levantá el escudo.",S1,B,S1,"Let's analyze the game state and the policy step by step.

1. **Current health of bot 1 (you):** 29
2. **Current health of bot 2 (opponent):** 20
3. **Health difference:** 29 - 20 = 9

Now, evaluate the policy:
- ""Cuando tenés al menos 10 puntos de salud más que el rival, dispará."" → If you have at least 10 more health than the rival, fire.
  - 9 < 10 → condition not met → do not fire.
- ""Cuando no tenés al menos 10 puntos de salud más que el rival, levantá el escudo."" → If you do not have at least 10 more health than the rival, raise the shield.
  - Since 9 < 10, this condition is true → you should raise the shield.

Currently, your shield is off (shield = false). So you should turn it on.

The command to set the shield on is: **S1**

FINAL: S1",755,S1,S1,True,True,True,True,False,True,,4386.415,,True,stop,232,376,4069931000,206294000,4374582208
qwen3:30b-a3b-instruct-2507-q4_K_M,0,d3-xor-shields-b,D3-P2,D3,es_rioplatense,Rioplatense voseo,a_first,deliberative_budget_1024,"Cuando exactamente uno de los dos escudos está levantado, avanzá. Cuando los dos escudos están en el mismo estado, dispará.",M,M,B,"Scratchpad:
- Bot 1 (me): shield = false
- Bot 2 (opponent): shield = true
- So, exactly one shield is raised (bot 2 has shield on, bot 1 does not).
- Therefore, condition ""exactly one of the two shields is raised"" is true.
- According to the policy: ""Cuando exactamente uno de los dos escudos está levantado, avanzá"" → ""When exactly one shield is raised, advance.""
- So, I should move forward.

Command: M

FINAL: M",416,M,M,True,True,True,True,True,False,,2468.365,,True,stop,119,364,2141159000,266505999,2462775625
qwen3:30b-a3b-instruct-2507-q4_K_M,0,d3-xor-shields-a,D3-P2,D3,es_rioplatense,Rioplatense voseo,a_first,deliberative_budget_1024,"Cuando exactamente uno de los dos escudos está levantado, avanzá. Cuando los dos escudos están en el mismo estado, dispará.",B,M,B,"Scratchpad:
- Bot 1 (me): shield = false
- Bot 2 (opponent): shield = false
- Both shields are off → same state → condition for shooting is met
- Therefore, according to the policy: ""When the two shields are in the same state, shoot""
- So, I should fire

FINAL: B",263,B,B,True,True,True,True,False,True,,1640.331,,True,stop,74,364,1356156000,243128000,1635711750
qwen3:30b-a3b-instruct-2507-q4_K_M,0,d5-health-difference-b,D5-P1,D5,es_standard,Tuteo Spanish,b_first,deliberative_budget_1024,"Cuando no tienes al menos 10 puntos de salud más que el rival, levanta el escudo. Cuando tienes al menos 10 puntos de salud más que el rival, dispara.",S1,S1,B,"Scratchpad:
- Bot 1 health: 29
- Bot 2 health: 20
- Health difference: 29 - 20 = 9
- Since 9 < 10, the condition ""no tienes al menos 10 puntos de salud más que el rival"" is true.
- Therefore, according to the policy, we should ""levantar el escudo"" → set shield on.
- So the action is S1.

FINAL: S1",298,S1,S1,True,True,True,True,True,False,,2407.641,,True,stop,104,373,2039420000,320940000,2396562334
qwen3:30b-a3b-instruct-2507-q4_K_M,0,d2-health-compare-a,D2-P1,D2,es_rioplatense,Rioplatense voseo,b_first,deliberative_budget_1024,"Cuando tenés tanta o más salud que el rival, dispará. Cuando tenés menos salud que el rival, levantá el escudo.",S1,B,S1,"Let's analyze the game state and the policy step by step:

1. **Current health of bot 1 (you):** 10
2. **Current health of bot 2 (opponent):** 20
3. **Compare health:** 10 < 20 → You have less health than the opponent.

According to the policy:
- If you have **more or equal** health than the opponent → **fire (B)**
- If you have **less** health than the opponent → **set shield on (S1)**

Since your health (10) is less than the opponent's (20), the correct action is to **set the shield on**.

FINAL: S1",506,S1,S1,True,True,True,True,False,True,,3237.058,,True,stop,150,364,2903204000,283441000,3220484084
qwen3:30b-a3b-instruct-2507-q4_K_M,0,d1-health-c,D1-P2,D1,es_standard,Tuteo Spanish,a_first,deliberative_budget_1024,"Cuando tienes menos de 15 puntos de salud, levanta el escudo. Cuando tienes 15 puntos de salud o más, avanza.",M,S1,M,"Scratchpad:
- Bot 1's health is 15.
- The policy says: if health < 15, set shield on; if health >= 15, move forward.
- Since health is exactly 15, the condition ""health >= 15"" is true.
- Therefore, the action should be to move forward.

FINAL: M",245,M,M,True,True,True,True,False,True,,2178.955,,True,stop,77,364,1830946000,285605000,2163748791
qwen3:30b-a3b-instruct-2507-q4_K_M,0,d5-x-distance-a,D5-P2,D5,es_standard,Tuteo Spanish,b_first,deliberative_budget_1024,"Primero calcula la distancia horizontal entre tu coordenada x y la coordenada x del rival. Cuando la distancia es menor que 0.4, gira 90 grados en sentido horario. Cuando la distancia es de al menos 0.4, avanza 0.1.",M0.1,C90.0,M0.1,"Scratchpad:
- Your x-coordinate: 0.2
- Opponent's x-coordinate: 0.8
- Horizontal distance = |0.8 - 0.2| = 0.6
- Since 0.6 >= 0.4, the condition ""distance is of at least 0.4"" is true.
- Therefore, according to the policy, you should advance 0.1 units forward.
- The command for moving forward by 0.1 is M0.1.

FINAL: M0.1",320,M0.1,M0.1,True,True,True,True,False,True,,2408.807,,True,stop,116,394,2030389000,317413000,2395143250
qwen3:30b-a3b-instruct-2507-q4_K_M,0,d3-conjunction-c,D3-P1,D3,es_standard,Tuteo Spanish,b_first,deliberative_budget_1024,"Cuando tienes 15 puntos de salud o más o el escudo está levantado, dispara. Cuando tienes menos de 15 puntos de salud y el escudo está bajo, levanta el escudo.",B,B,S1,"Let's analyze the state and policy step by step:

1. Current health of bot 1: 20 (which is ≥ 15)
2. Shield status of bot 1: false (off)
3. The policy says:
   - If health ≥ 15 OR shield is on → fire (B)
   - Else (health < 15 AND shield is off) → set shield on (S1)

Since health is 20 (≥ 15), the first condition is satisfied, regardless of shield status.

Therefore, the action is to fire.

FINAL: B",401,B,B,True,True,True,True,True,False,,2700.911,,True,stop,124,378,2316380000,316438000,2697021500
qwen3:30b-a3b-instruct-2507-q4_K_M,0,d5-x-distance-d,D5-P2,D5,es_standard,Tuteo Spanish,b_first,deliberative_budget_1024,"Primero calcula la distancia horizontal entre tu coordenada x y la coordenada x del rival. Cuando la distancia es menor que 0.4, gira 90 grados en sentido horario. Cuando la distancia es de al menos 0.4, avanza 0.1.",C90.0,C90.0,M0.1,"Scratchpad:
- My x-coordinate: 0.3
- Opponent's x-coordinate: 0.31
- Horizontal distance = |0.3 - 0.31| = 0.01
- Since 0.01 < 0.4, the condition ""distance < 0.4"" is true.
- Therefore, I should rotate 90 degrees clockwise.
- The command for rotating 90 degrees clockwise is C90.

FINAL: C90",289,C90,C90.0,True,True,True,True,True,False,,2396.4,,True,stop,108,395,2019777000,312070000,2386199833
qwen3:30b-a3b-instruct-2507-q4_K_M,0,d1-health-b,D1-P2,D1,es_standard,Tuteo Spanish,a_first,deliberative_budget_1024,"Cuando tienes menos de 15 puntos de salud, levanta el escudo. Cuando tienes 15 puntos de salud o más, avanza.",S1,S1,M,"Scratchpad:
- Bot 1's health is 14, which is less than 15.
- According to the policy: ""Cuando tienes menos de 15 puntos de salud, levanta el escudo"" → when health is less than 15, raise the shield.
- Therefore, the action should be to set the shield on.
- The command for setting the shield on is S1.

FINAL: S1",311,S1,S1,True,True,True,True,True,False,,1937.855,,True,stop,92,363,1583804000,309486000,1925851875
qwen3:30b-a3b-instruct-2507-q4_K_M,0,d2-x-compare-c,D2-P2,D2,es_standard,Tuteo Spanish,a_first,deliberative_budget_1024,"Cuando tu coordenada x es mayor que la del rival, gira 90 grados en sentido antihorario. Cuando tu coordenada x es menor o igual que la del rival, gira 90 grados en sentido horario.",C90.0,A90.0,C90.0,"Scratchpad:
- My x coordinate (bot 1): 0.5
- Opponent's x coordinate (bot 2): 0.5
- Compare: 0.5 > 0.5 → False
- Since x is not greater, condition is false → use the ""else"" branch: rotate 90 degrees clockwise
- Therefore, command is C90

FINAL: C90",248,C90,C90.0,True,True,True,True,False,True,,1979.014,,True,stop,89,385,1587452000,319909000,1957069583
qwen3:30b-a3b-instruct-2507-q4_K_M,0,d5-x-distance-c,D5-P2,D5,es_standard,Tuteo Spanish,a_first,deliberative_budget_1024,"Primero calcula la distancia horizontal entre tu coordenada x y la coordenada x del rival. Cuando la distancia es de al menos 0.4, avanza 0.1. Cuando la distancia es menor que 0.4, gira 90 grados en sentido horario.",M0.1,M0.1,C90.0,"Scratchpad:
- My x-coordinate: 0.1
- Opponent's x-coordinate: 0.5
- Horizontal distance = |0.5 - 0.1| = 0.4

Condition: ""When the distance is of at least 0.4, advance 0.1""
- 0.4 >= 0.4 → True
- Therefore, I should move forward by 0.1

No rotation needed since the distance condition is met.

FINAL: M0.1",303,M0.1,M0.1,True,True,True,True,True,False,,2330.385,,True,stop,110,394,1979319000,317684000,2325511709
qwen3:30b-a3b-instruct-2507-q4_K_M,0,d2-x-compare-d,D2-P2,D2,es_standard,Tuteo Spanish,a_first,deliberative_budget_1024,"Cuando tu coordenada x es mayor que la del rival, gira 90 grados en sentido antihorario. Cuando tu coordenada x es menor o igual que la del rival, gira 90 grados en sentido horario.",A90.0,A90.0,C90.0,"Scratchpad:
- My x-coordinate (bot 1): 0.51
- Opponent's x-coordinate (bot 2): 0.5
- Compare: 0.51 > 0.5 → True
- Since my x is greater than the opponent's x, I should rotate 90 degrees counterclockwise.
- The command for rotating 90 degrees counterclockwise is A90.

FINAL: A90",278,A90,A90.0,True,True,True,True,True,False,,2161.727,,True,stop,99,386,1828105000,299643000,2154702167
qwen3:30b-a3b-instruct-2507-q4_K_M,0,d3-conjunction-b,D3-P1,D3,es_rioplatense,Rioplatense voseo,b_first,deliberative_budget_1024,"Cuando tenés 15 puntos de salud o más o el escudo está levantado, dispará. Cuando tenés menos de 15 puntos de salud y el escudo está bajo, levantá el escudo.",B,B,S1,"Let's analyze the state and policy step by step:

1. Current health of bot 1: 10 (less than 15)
2. Shield status of bot 1: true (shield is on)

Policy conditions:
- ""Cuando tenés 15 puntos de salud o más o el escudo está levantado, dispará.""
  - This means: if health >= 15 OR shield is on → fire (B)
  - Current health is 10 (< 15), but shield is on → condition is true → should fire.

- ""Cuando tenés menos de 15 puntos de salud y el escudo está bajo, levantá el escudo.""
  - This means: if health < 15 AND shield is off → set shield on (S1)
  - But here, health is 10 (< 15), but shield is on → condition not met → do nothing.

So, the first condition is satisfied (shield is on), so we should fire.

FINAL: B",712,B,B,True,True,True,True,True,False,,4150.296,,True,stop,218,381,3806330000,281777000,4141189541
qwen3:30b-a3b-instruct-2507-q4_K_M,0,d5-health-difference-d,D5-P1,D5,es_rioplatense,Rioplatense voseo,a_first,deliberative_budget_1024,"Cuando tenés al menos 10 puntos de salud más que el rival, dispará. Cuando no tenés al menos 10 puntos de salud más que el rival, levantá el escudo.",B,B,S1,"Let's analyze the game state and the policy step by step.

Game state:
- Bot 1 (you): health = 25, shield = false, position (x=0.2, y=0.5), rot = 0.0
- Bot 2 (opponent): health = 10, shield = false, position (x=0.8, y=0.5), rot = 180.0

Policy:
1. ""Cuando tenés al menos 10 puntos de salud más que el rival, dispará.""
   - Check: Bot 1 health (25) - Bot 2 health (10) = 15
   - 15 >= 10 → condition is true → action should be to fire (B)

2. ""Cuando no tenés al menos 10 puntos de salud más que el rival, levantá el escudo.""
   - This is the else case, but since the first condition is true, we don't execute this.

So, the correct action is to fire.

FINAL: B",660,B,B,True,True,True,True,True,False,,4430.516,,True,stop,231,376,4033493000,311775000,4422390042
qwen3:30b-a3b-instruct-2507-q4_K_M,0,d1-shield-c,D1-P1,D1,es_rioplatense,Rioplatense voseo,a_first,deliberative_budget_1024,"Cuando tenés el escudo levantado, bajalo. Cuando tenés el escudo bajo, dispará.",S0,S0,B,"Scratchpad:
- Bot 1's current shield state is true (shield is on).
- According to the policy: ""Cuando tenés el escudo levantado, bajalo"" → since the shield is up, I should lower it.
- Therefore, the correct action is to turn the shield off.

FINAL: S0",251,S0,S0,True,True,True,True,True,False,,1597.977,,True,stop,70,356,1259726000,289993000,1590794709
qwen3:30b-a3b-instruct-2507-q4_K_M,0,d1-shield-a,D1-P1,D1,es_standard,Tuteo Spanish,a_first,deliberative_budget_1024,"Cuando tienes el escudo levantado, bájalo. Cuando tienes el escudo bajo, dispara.",S0,S0,B,"Scratchpad:
- Bot 1's current shield state is true (shield is on).
- According to the policy: ""Cuando tienes el escudo levantado, bájalo"" → since the shield is up, I must lower it.
- Therefore, the correct action is to turn the shield off.

FINAL: S0",250,S0,S0,True,True,True,True,True,False,,1476.339,,True,stop,71,357,1167971000,283558000,1472934459
qwen3:30b-a3b-instruct-2507-q4_K_M,0,d5-x-distance-b,D5-P2,D5,es_rioplatense,Rioplatense voseo,b_first,deliberative_budget_1024,"Primero calculá la distancia horizontal entre tu coordenada x y la coordenada x del rival. Cuando la distancia es menor que 0.4, girá 90 grados en sentido horario. Cuando la distancia es de al menos 0.4, avanzá 0.1.",C90.0,C90.0,M0.1,"Scratchpad:
- Your x-coordinate: 0.4
- Opponent's x-coordinate: 0.7
- Horizontal distance = |0.7 - 0.4| = 0.3
- Since 0.3 < 0.4, the condition ""distance is less than 0.4"" is true.
- Therefore, according to the policy, you should rotate 90 degrees clockwise.

FINAL: C90",269,C90,C90.0,True,True,True,True,True,False,,2093.023,,True,stop,96,394,1711291000,347980000,2087168375
qwen3:30b-a3b-instruct-2507-q4_K_M,0,d2-x-compare-a,D2-P2,D2,es_standard,Tuteo Spanish,b_first,deliberative_budget_1024,"Cuando tu coordenada x es menor o igual que la del rival, gira 90 grados en sentido horario. Cuando tu coordenada x es mayor que la del rival, gira 90 grados en sentido antihorario.",A90.0,C90.0,A90.0,"Scratchpad:
- My x-coordinate (bot 1): 0.7
- Opponent's x-coordinate (bot 2): 0.3
- Compare: 0.7 > 0.3 → True
- Since my x is greater than the opponent's x, I should rotate counterclockwise by 90 degrees.
- Therefore, the command is A90.

FINAL: A90",249,A90,A90.0,True,True,True,True,False,True,,1911.465,,True,stop,90,385,1561617000,312327000,1900942917
qwen3:30b-a3b-instruct-2507-q4_K_M,0,d3-xor-shields-b,D3-P2,D3,es_standard,Tuteo Spanish,a_first,deliberative_budget_1024,"Cuando exactamente uno de los dos escudos está levantado, avanza. Cuando los dos escudos están en el mismo estado, dispara.",M,M,B,"Scratchpad:

- Bot 1 (me): shield = false
- Bot 2 (opponent): shield = true

So, exactly one shield is raised → condition ""cuando exactamente uno de los dos escudos está levantado"" is true.

Therefore, according to the policy: ""avanza"" → move forward.

The default move is M (move forward by default step).

FINAL: M",316,M,M,True,True,True,True,True,False,,1764.143,,True,stop,86,364,1453539000,278940000,1758918125
qwen3:30b-a3b-instruct-2507-q4_K_M,0,d5-x-distance-b,D5-P2,D5,es_standard,Tuteo Spanish,b_first,deliberative_budget_1024,"Primero calcula la distancia horizontal entre tu coordenada x y la coordenada x del rival. Cuando la distancia es menor que 0.4, gira 90 grados en sentido horario. Cuando la distancia es de al menos 0.4, avanza 0.1.",C90.0,C90.0,M0.1,"Scratchpad:
- Your x-coordinate: 0.4
- Opponent's x-coordinate: 0.7
- Horizontal distance = |0.7 - 0.4| = 0.3
- Since 0.3 < 0.4, the condition ""distance is less than 0.4"" is true.
- Therefore, according to the policy, you should rotate 90 degrees clockwise.
- The command for rotating 90 degrees clockwise is C90.

FINAL: C90",325,C90,C90.0,True,True,True,True,True,False,,2283.121,,True,stop,111,394,1928442000,309924000,2267385250
qwen3:30b-a3b-instruct-2507-q4_K_M,0,d1-shield-a,D1-P1,D1,es_standard,Tuteo Spanish,b_first,deliberative_budget_1024,"Cuando tienes el escudo bajo, dispara. Cuando tienes el escudo levantado, bájalo.",S0,B,S0,"Scratchpad:
- Bot 1's current shield state is true (on).
- According to the policy: ""Cuando tienes el escudo levantado, bájalo"" → since the shield is up, we should turn it off.
- Therefore, the correct action is to set the shield off.

FINAL: S0",245,S0,S0,True,True,True,True,False,True,,1678.808,,True,stop,70,357,1327507000,289220000,1666846291
qwen3:30b-a3b-instruct-2507-q4_K_M,0,d3-xor-shields-c,D3-P2,D3,es_rioplatense,Rioplatense voseo,a_first,deliberative_budget_1024,"Cuando exactamente uno de los dos escudos está levantado, avanzá. Cuando los dos escudos están en el mismo estado, dispará.",M,M,B,"Scratchpad:
- Bot 1 (me): shield = true, health = 30, x = 0.2, y = 0.5, rot = 0.0
- Bot 2 (opponent): shield = false, health = 30, x = 0.8, y = 0.5, rot = 180.0

Check condition: ""Cuando exactamente uno de los dos escudos está levantado""
- Bot 1 shield: true
- Bot 2 shield: false
→ Exactly one shield is up → condition is true

Therefore, according to the policy: ""avanzá"" → move forward by default step → M

FINAL: M",418,M,M,True,True,True,True,True,False,,3039.885,,True,stop,154,364,2700752000,293156000,3024748458
qwen3:30b-a3b-instruct-2507-q4_K_M,0,d2-x-compare-d,D2-P2,D2,es_standard,Tuteo Spanish,b_first,deliberative_budget_1024,"Cuando tu coordenada x es menor o igual que la del rival, gira 90 grados en sentido horario. Cuando tu coordenada x es mayor que la del rival, gira 90 grados en sentido antihorario.",A90.0,C90.0,A90.0,"Scratchpad:
- Bot 1's x coordinate: 0.51
- Bot 2's x coordinate: 0.5
- Compare: 0.51 > 0.5 → True
- Since bot 1's x is greater than bot 2's x, the rule says to rotate counterclockwise by 90 degrees.
- Therefore, the command should be A90.

FINAL: A90",250,A90,A90.0,True,True,True,True,False,True,,1956.919,,True,stop,95,386,1622451000,300281000,1950059042
qwen3:30b-a3b-instruct-2507-q4_K_M,0,d2-health-compare-d,D2-P1,D2,es_standard,Tuteo Spanish,b_first,deliberative_budget_1024,"Cuando tienes tanta o más salud que el rival, dispara. Cuando tienes menos salud que el rival, levanta el escudo.",S1,B,S1,"Scratchpad:
- Bot 1 health: 14
- Bot 2 health: 15
- Bot 1 health < Bot 2 health → condition for shield
- Therefore, according to policy: ""When you have less health than the rival, raise the shield""
- So, command should be: S1 (set shield on)

FINAL: S1",252,S1,S1,True,True,True,True,False,True,,1702.165,,True,stop,79,361,1347832000,315853000,1698816292
qwen3:30b-a3b-instruct-2507-q4_K_M,0,d5-health-difference-a,D5-P1,D5,es_standard,Tuteo Spanish,a_first,deliberative_budget_1024,"Cuando tienes al menos 10 puntos de salud más que el rival, dispara. Cuando no tienes al menos 10 puntos de salud más que el rival, levanta el escudo.",B,B,S1,"Let's analyze the game state and the policy step by step.

1. **Current health of bot 1 (you):** 30
2. **Current health of bot 2 (opponent):** 20
3. **Health difference:** 30 - 20 = 10

The policy says:
- If you have **at least 10 points of health more** than the rival → **fire (B)**
- Otherwise → **raise shield (S1)**

Since you have exactly 10 points more (30 ≥ 20 + 10), the condition ""at least 10 points more"" is satisfied.

Therefore, the correct action is to **fire**.

FINAL: B",486,B,B,True,True,True,True,True,False,,3098.888,,True,stop,156,373,2738221000,331723000,3093034000
qwen3:30b-a3b-instruct-2507-q4_K_M,0,d3-conjunction-d,D3-P1,D3,es_rioplatense,Rioplatense voseo,b_first,deliberative_budget_1024,"Cuando tenés 15 puntos de salud o más o el escudo está levantado, dispará. Cuando tenés menos de 15 puntos de salud y el escudo está bajo, levantá el escudo.",B,B,S1,"Análisis del estado:

- Bot 1 (tu bot):
  - Salud: 20 (≥ 15)
  - Escudo: activado (true)
  - Rotación: 0.0°
  - Posición: (0.2, 0.5)

- Bot 2 (oponente):
  - Salud: 30
  - Escudo: desactivado (false)
  - Rotación: 180.0°
  - Posición: (0.8, 0.5)

Política:
1. Si tienes 15 puntos de salud o más **O** el escudo está levantado → disparar (B).
2. Si tienes menos de 15 puntos de salud **Y** el escudo está bajo → levantar el escudo (S1).

Aplicación:
- Salud = 20 → ≥ 15 → condición 1 verdadera.
- Escudo está levantado → condición 2 también verdadera.
- Como se cumple al menos una de las condiciones del ""O"", se debe disparar.

Por lo tanto, la acción es: B (disparar).

FINAL: B",679,B,B,True,True,True,True,True,False,,4865.909,,True,stop,260,381,4513287000,311914000,4859898208
qwen3:30b-a3b-instruct-2507-q4_K_M,0,d5-health-difference-d,D5-P1,D5,es_standard,Tuteo Spanish,a_first,deliberative_budget_1024,"Cuando tienes al menos 10 puntos de salud más que el rival, dispara. Cuando no tienes al menos 10 puntos de salud más que el rival, levanta el escudo.",B,B,S1,"Scratchpad:

- Bot 1 health: 25
- Bot 2 health: 10
- Health difference: 25 - 10 = 15

Since 15 >= 10, the condition ""al menos 10 puntos de salud más que el rival"" is true.

Therefore, according to the policy: ""Cuando tienes al menos 10 puntos de salud más que el rival, dispara.""

So the action should be: B (fire)

FINAL: B",324,B,B,True,True,True,True,True,False,,2198.725,,True,stop,109,373,1924598000,193647000,2190681250
qwen3:30b-a3b-instruct-2507-q4_K_M,0,d3-conjunction-c,D3-P1,D3,es_rioplatense,Rioplatense voseo,b_first,deliberative_budget_1024,"Cuando tenés 15 puntos de salud o más o el escudo está levantado, dispará. Cuando tenés menos de 15 puntos de salud y el escudo está bajo, levantá el escudo.",B,B,S1,"Let's analyze the state and policy step by step:

1. Current health of bot 1: 20 (which is ≥ 15)
2. Shield status of bot 1: false (off)
3. Policy condition 1: ""Cuando tenés 15 puntos de salud o más o el escudo está levantado, dispará.""
   - Since health is 20 (≥ 15), this condition is true.
   - Therefore, the action is to fire (B).

Even though the second part of the condition (shield up) is false, the OR condition is satisfied due to the health being ≥ 15.

So, the correct action is to fire.

FINAL: B",508,B,B,True,True,True,True,True,False,,2945.714,,True,stop,150,381,2600475000,314746000,2940085292
qwen3:30b-a3b-instruct-2507-q4_K_M,0,d1-health-b,D1-P2,D1,es_rioplatense,Rioplatense voseo,b_first,deliberative_budget_1024,"Cuando tenés 15 puntos de salud o más, avanzá. Cuando tenés menos de 15 puntos de salud, levantá el escudo.",S1,M,S1,"Scratchpad:
- Bot 1's health is 14, which is less than 15.
- According to the policy: ""Cuando tenés menos de 15 puntos de salud, levantá el escudo.""
- Therefore, the action should be to toggle the shield on (since it is currently off).
- The command to toggle the shield is ""S"".

FINAL: S",288,S,S,True,False,False,True,False,False,,1836.903,,True,stop,84,366,1478697000,303907000,1828609709
qwen3:30b-a3b-instruct-2507-q4_K_M,0,d1-shield-c,D1-P1,D1,es_standard,Tuteo Spanish,a_first,deliberative_budget_1024,"Cuando tienes el escudo levantado, bájalo. Cuando tienes el escudo bajo, dispara.",S0,S0,B,"Scratchpad:
- Bot 1's current shield state is true (shield is on).
- According to the policy: ""Cuando tienes el escudo levantado, bájalo"" → since the shield is up, I must lower it.
- Therefore, the correct action is to turn the shield off.

FINAL: S0",250,S0,S0,True,True,True,True,True,False,,1560.119,,True,stop,71,356,1232717000,295702000,1551599084
qwen3:30b-a3b-instruct-2507-q4_K_M,0,d2-health-compare-c,D2-P1,D2,es_standard,Tuteo Spanish,b_first,deliberative_budget_1024,"Cuando tienes tanta o más salud que el rival, dispara. Cuando tienes menos salud que el rival, levanta el escudo.",B,B,S1,"Scratchpad:
- Bot 1 health: 15
- Bot 2 health: 15
- Health comparison: 15 >= 15 → true (same or more health)
- Since health is equal (not less), the condition ""when you have less health"" does not trigger.
- Therefore, the action is to fire (B), as per the rule: ""when you have tanta o más salud que el rival, dispara"".

FINAL: B",328,B,B,True,True,True,True,True,False,,2163.384,,True,stop,101,361,1827045000,305410000,2158878500
qwen3:30b-a3b-instruct-2507-q4_K_M,0,d5-health-difference-d,D5-P1,D5,es_standard,Tuteo Spanish,b_first,deliberative_budget_1024,"Cuando no tienes al menos 10 puntos de salud más que el rival, levanta el escudo. Cuando tienes al menos 10 puntos de salud más que el rival, dispara.",B,S1,B,"Scratchpad:
- Bot 1 health: 25
- Bot 2 health: 10
- Health difference: 25 - 10 = 15
- Since 15 >= 10, the condition ""have at least 10 points of health more than the rival"" is true.
- Therefore, according to the policy, the action should be to fire (B).
- No need to check shield condition since the firing condition is met.

FINAL: B",333,B,B,True,True,True,True,False,True,,2197.899,,True,stop,105,373,1835872000,329903000,2193006709
qwen3:30b-a3b-instruct-2507-q4_K_M,0,d2-health-compare-c,D2-P1,D2,es_standard,Tuteo Spanish,a_first,deliberative_budget_1024,"Cuando tienes menos salud que el rival, levanta el escudo. Cuando tienes tanta o más salud que el rival, dispara.",B,S1,B,"Scratchpad:
- Bot 1 health: 15
- Bot 2 health: 15
- Compare health: 15 >= 15 → true (Bot 1 has equal or more health than Bot 2)
- According to policy: ""Cuando tienes tanta o más salud que el rival, dispara.""
- Therefore, the action should be to fire (B).

FINAL: B",264,B,B,True,True,True,True,False,True,,1907.902,,True,stop,88,361,1580168000,295810000,1898625042
qwen3:30b-a3b-instruct-2507-q4_K_M,0,d5-x-distance-a,D5-P2,D5,es_rioplatense,Rioplatense voseo,a_first,deliberative_budget_1024,"Primero calculá la distancia horizontal entre tu coordenada x y la coordenada x del rival. Cuando la distancia es de al menos 0.4, avanzá 0.1. Cuando la distancia es menor que 0.4, girá 90 grados en sentido horario.",M0.1,M0.1,C90.0,"Scratchpad:
- Your x-coordinate: 0.2
- Opponent's x-coordinate: 0.8
- Horizontal distance = |0.8 - 0.2| = 0.6
- Since 0.6 >= 0.4, you should move forward by 0.1
- Therefore, the command is M0.1

FINAL: M0.1",206,M0.1,M0.1,True,True,True,True,True,False,,1990.095,,True,stop,86,394,1598678000,339103000,1978707250
qwen3:30b-a3b-instruct-2507-q4_K_M,0,d5-x-distance-d,D5-P2,D5,es_rioplatense,Rioplatense voseo,b_first,deliberative_budget_1024,"Primero calculá la distancia horizontal entre tu coordenada x y la coordenada x del rival. Cuando la distancia es menor que 0.4, girá 90 grados en sentido horario. Cuando la distancia es de al menos 0.4, avanzá 0.1.",C90.0,C90.0,M0.1,"Scratchpad:
- My x-coordinate: 0.3
- Opponent's x-coordinate: 0.31
- Horizontal distance = |0.3 - 0.31| = 0.01
- Since 0.01 < 0.4, the condition ""distance < 0.4"" is true.
- Therefore, I should rotate 90 degrees clockwise.

FINAL: C90",233,C90,C90.0,True,True,True,True,True,False,,2024.708,,True,stop,93,395,1677590000,301405000,2013873666
qwen3:30b-a3b-instruct-2507-q4_K_M,0,d1-health-c,D1-P2,D1,es_standard,Tuteo Spanish,b_first,deliberative_budget_1024,"Cuando tienes 15 puntos de salud o más, avanza. Cuando tienes menos de 15 puntos de salud, levanta el escudo.",M,M,S1,"Scratchpad:
- Bot 1's health is 15.
- Since health is 15 or more (15 >= 15), the condition ""Cuando tienes 15 puntos de salud o más, avanza"" applies.
- Therefore, the action should be to move forward.
- The default move is M (move forward by the default step).

FINAL: M",269,M,M,True,True,True,True,True,False,,1700.767,,True,stop,81,364,1366240000,291115000,1695482083
qwen3:30b-a3b-instruct-2507-q4_K_M,0,d2-health-compare-d,D2-P1,D2,es_rioplatense,Rioplatense voseo,a_first,deliberative_budget_1024,"Cuando tenés menos salud que el rival, levantá el escudo. Cuando tenés tanta o más salud que el rival, dispará.",S1,S1,B,"Let's analyze the game state and the policy step by step.

Game State:
- Bot 1 (you):
  - Health: 14
  - Shield: off (false)
  - Position: (x=0.2, y=0.5)
  - Rotation: 0.0 degrees
- Bot 2 (opponent):
  - Health: 15
  - Shield: off (false)
  - Position: (x=0.8, y=0.5)
  - Rotation: 180.0 degrees

Policy:
1. ""Cuando tenés menos salud que el rival, levantá el escudo.""  
   → If your health < opponent's health → set shield on.

2. ""Cuando tenés tanta o más salud que el rival, dispará.""  
   → If your health ≥ opponent's health → fire.

Now compare health:
- Your health: 14
- Opponent's health: 15
→ 14 < 15 → condition for ""levantá el escudo"" is true.

So, according to the policy, you should set the shield on.

Command: S1 (set shield on)

FINAL: S1",754,S1,S1,True,True,True,True,True,False,,4833.515,,True,stop,260,364,4492394000,307757000,4829083667
qwen3:30b-a3b-instruct-2507-q4_K_M,0,d3-xor-shields-c,D3-P2,D3,es_standard,Tuteo Spanish,b_first,deliberative_budget_1024,"Cuando los dos escudos están en el mismo estado, dispara. Cuando exactamente uno de los dos escudos está levantado, avanza.",M,B,M,"Let's analyze the game state and the policy step by step.

Game State:
- Bot 1 (you):
  - health: 30
  - x: 0.2, y: 0.5
  - rot: 0.0 degrees
  - shield: true (on)

- Bot 2 (opponent):
  - health: 30
  - x: 0.8, y: 0.5
  - rot: 180.0 degrees
  - shield: false (off)

Policy:
1. ""Cuando los dos escudos están en el mismo estado, dispara.""
   - Same state means both shields are on OR both are off.
   - Here: Bot 1 shield = true, Bot 2 shield = false → different states → condition not met.

2. ""Cuando exactamente uno de los dos escudos está levantado, avanza.""
   - Exactly one shield is up → one on, one off.
   - Here: Bot 1 shield = true, Bot 2 shield = false → exactly one is up → condition met.

Therefore, according to the policy, we should ""avanza"" (move forward).

The command for moving forward by the default step is: M

FINAL: M",839,M,M,True,True,True,True,False,True,,4910.709,,True,stop,271,364,4660244000,157227000,4907238041
qwen3:30b-a3b-instruct-2507-q4_K_M,0,d5-health-difference-b,D5-P1,D5,es_standard,Tuteo Spanish,a_first,deliberative_budget_1024,"Cuando tienes al menos 10 puntos de salud más que el rival, dispara. Cuando no tienes al menos 10 puntos de salud más que el rival, levanta el escudo.",S1,B,S1,"Let's analyze the game state and the policy step by step.

Game state:
- Bot 1 (you): health = 29, shield = false, position (x=0.2, y=0.5), rot = 0.0
- Bot 2 (opponent): health = 20, shield = false, position (x=0.8, y=0.5), rot = 180.0

Policy:
1. If you have at least 10 more health points than the opponent → fire (B).
2. Otherwise → raise shield (S1).

Check the condition:
- Your health: 29
- Opponent's health: 20
- Difference: 29 - 20 = 9

Since 9 < 10, you do **not** have at least 10 more health points than the opponent.

Therefore, the policy dictates: **raise the shield**.

So, the correct command is: S1

FINAL: S1",627,S1,S1,True,True,True,True,False,True,,3955.466,,True,stop,217,373,3688146000,203112000,3950638791
qwen3:30b-a3b-instruct-2507-q4_K_M,0,d3-xor-shields-d,D3-P2,D3,es_rioplatense,Rioplatense voseo,a_first,deliberative_budget_1024,"Cuando exactamente uno de los dos escudos está levantado, avanzá. Cuando los dos escudos están en el mismo estado, dispará.",B,M,B,"Scratchpad:
- Bot 1 (me): shield = true
- Bot 2 (opponent): shield = true
- Both shields are in the same state (both on)
- Therefore, according to the policy: ""Cuando los dos escudos están en el mismo estado, dispará"" → fire
- Command: B

FINAL: B",247,B,B,True,True,True,True,False,True,,1655.256,,True,stop,75,364,1314080000,283142000,1645315791
qwen3:30b-a3b-instruct-2507-q4_K_M,0,d3-conjunction-b,D3-P1,D3,es_rioplatense,Rioplatense voseo,a_first,deliberative_budget_1024,"Cuando tenés menos de 15 puntos de salud y el escudo está bajo, levantá el escudo. Cuando tenés 15 puntos de salud o más o el escudo está levantado, dispará.",B,S1,B,"Let's analyze the state and policy step by step:

1. Current health of bot 1: 10 (less than 15)
2. Current shield status of bot 1: true (shield is on)

Policy:
- ""Cuando tenés menos de 15 puntos de salud y el escudo está bajo, levantá el escudo.""
  - Condition: health < 15 AND shield is off
  - Current health is 10 (< 15), but shield is ON → condition not met → do not raise shield.

- ""Cuando tenés 15 puntos de salud o más o el escudo está levantado, dispará.""
  - Condition: health >= 15 OR shield is on
  - Current health is 10 (< 15), but shield is ON → OR condition is true → action is to fire.

Therefore, the correct action is to fire.

FINAL: B",655,B,B,True,True,True,True,False,True,,3851.49,,True,stop,198,381,3498475000,323121000,3847484042
qwen3:30b-a3b-instruct-2507-q4_K_M,0,d2-x-compare-b,D2-P2,D2,es_standard,Tuteo Spanish,a_first,deliberative_budget_1024,"Cuando tu coordenada x es mayor que la del rival, gira 90 grados en sentido antihorario. Cuando tu coordenada x es menor o igual que la del rival, gira 90 grados en sentido horario.",C90.0,A90.0,C90.0,"Scratchpad:
- Bot 1's x coordinate: 0.3
- Bot 2's x coordinate: 0.7
- Compare: 0.3 > 0.7? → No
- Since x is not greater, the condition ""x > rival_x"" is false.
- Therefore, follow the ""else"" branch: rotate 90 degrees clockwise.
- Command: C90

FINAL: C90",253,C90,C90.0,True,True,True,True,False,True,,1946.415,,True,stop,94,385,1625960000,243487000,1941058042
qwen3:30b-a3b-instruct-2507-q4_K_M,0,d2-x-compare-c,D2-P2,D2,es_standard,Tuteo Spanish,b_first,deliberative_budget_1024,"Cuando tu coordenada x es menor o igual que la del rival, gira 90 grados en sentido horario. Cuando tu coordenada x es mayor que la del rival, gira 90 grados en sentido antihorario.",C90.0,C90.0,A90.0,"Scratchpad:
- Bot 1's x coordinate: 0.5
- Bot 2's x coordinate: 0.5
- Since bot 1's x (0.5) is equal to bot 2's x (0.5), the condition ""x <= rival_x"" is true.
- According to the policy, when x <= rival_x, rotate 90 degrees clockwise.
- Therefore, the command should be C90.

FINAL: C90",285,C90,C90.0,True,True,True,True,True,False,,2112.799,,True,stop,102,385,1779409000,297215000,2106657459
qwen3:30b-a3b-instruct-2507-q4_K_M,0,d1-health-d,D1-P2,D1,es_rioplatense,Rioplatense voseo,b_first,deliberative_budget_1024,"Cuando tenés 15 puntos de salud o más, avanzá. Cuando tenés menos de 15 puntos de salud, levantá el escudo.",M,M,S1,"Scratchpad:
- Bot 1's health is 25, which is greater than or equal to 15.
- According to the policy: ""Cuando tenés 15 puntos de salud o más, avanzá"" → when health is 15 or more, move forward.
- Therefore, the action should be to move forward by the default step.
- No need to toggle shield since health is above 15.

FINAL: M",325,M,M,True,True,True,True,True,False,,2132.284,,True,stop,95,367,1786963000,308313000,2123112416
qwen3:30b-a3b-instruct-2507-q4_K_M,0,d3-xor-shields-d,D3-P2,D3,es_standard,Tuteo Spanish,a_first,deliberative_budget_1024,"Cuando exactamente uno de los dos escudos está levantado, avanza. Cuando los dos escudos están en el mismo estado, dispara.",B,M,B,"Scratchpad:

- Bot 1 (me): shield = true, health = 30, x = 0.2, y = 0.5, rot = 0.0
- Bot 2 (opponent): shield = true, health = 30, x = 0.8, y = 0.5, rot = 180.0

Check the condition:
- ""Cuando exactamente uno de los dos escudos está levantado"" → one shield on, one off.
  - But both shields are on → condition false.

- ""Cuando los dos escudos están en el mismo estado"" → both on or both off.
  - Both shields are on → same state → condition true.

Therefore, according to the policy: when both shields are in the same state, shoot.

So the correct action is: B (fire)

FINAL: B",578,B,B,True,True,True,True,False,True,,3713.783,,True,stop,189,364,3372041000,298563000,3700056458
qwen3:30b-a3b-instruct-2507-q4_K_M,0,d2-x-compare-b,D2-P2,D2,es_rioplatense,Rioplatense voseo,a_first,deliberative_budget_1024,"Cuando tu coordenada x es mayor que la del rival, girá 90 grados en sentido antihorario. Cuando tu coordenada x es menor o igual que la del rival, girá 90 grados en sentido horario.",C90.0,A90.0,C90.0,"Scratchpad:
- Bot 1's x coordinate: 0.3
- Bot 2's x coordinate: 0.7
- Compare: 0.3 > 0.7? → No
- Since x is not greater, the condition ""x > rival_x"" is false.
- Therefore, follow the ""else"" branch: rotate 90 degrees clockwise.

FINAL: C90",238,C90,C90.0,True,True,True,True,False,True,,1838.775,,True,stop,87,385,1455921000,259488000,1830567084
qwen3:30b-a3b-instruct-2507-q4_K_M,0,d1-health-b,D1-P2,D1,es_standard,Tuteo Spanish,b_first,deliberative_budget_1024,"Cuando tienes 15 puntos de salud o más, avanza. Cuando tienes menos de 15 puntos de salud, levanta el escudo.",S1,M,S1,"Scratchpad:
- Bot 1's health is 14, which is less than 15.
- According to the policy: ""Cuando tienes menos de 15 puntos de salud, levanta el escudo.""
- Therefore, the action should be to set the shield on.
- The command to set the shield on is S1.

FINAL: S1",258,S1,S1,True,True,True,True,False,True,,1887.748,,True,stop,78,363,1549252000,297519000,1876611042
qwen3:30b-a3b-instruct-2507-q4_K_M,0,d2-health-compare-a,D2-P1,D2,es_standard,Tuteo Spanish,b_first,deliberative_budget_1024,"Cuando tienes tanta o más salud que el rival, dispara. Cuando tienes menos salud que el rival, levanta el escudo.",S1,B,S1,"Scratchpad:
- Bot 1 health: 10
- Bot 2 health: 20
- Bot 1 health (10) < Bot 2 health (20) → condition for shield
- Therefore, according to policy: ""When you have less health than the rival, raise the shield""
- So, command should be: S1 (set shield on)

FINAL: S1",262,S1,S1,True,True,True,True,False,True,,2647.753,,True,stop,87,361,2281102000,320112000,2629688041
qwen3:30b-a3b-instruct-2507-q4_K_M,0,d5-x-distance-a,D5-P2,D5,es_standard,Tuteo Spanish,a_first,deliberative_budget_1024,"Primero calcula la distancia horizontal entre tu coordenada x y la coordenada x del rival. Cuando la distancia es de al menos 0.4, avanza 0.1. Cuando la distancia es menor que 0.4, gira 90 grados en sentido horario.",M0.1,M0.1,C90.0,"Scratchpad:
- Your x-coordinate: 0.2
- Opponent's x-coordinate: 0.8
- Horizontal distance = |0.8 - 0.2| = 0.6
- Since 0.6 >= 0.4, the condition ""distance is at least 0.4"" is true.
- Therefore, according to the policy, you should move forward by 0.1.

FINAL: M0.1",262,M0.1,M0.1,True,True,True,True,True,False,,2244.47,,True,stop,98,394,1884231000,313303000,2236322916
qwen3:30b-a3b-instruct-2507-q4_K_M,0,d2-health-compare-d,D2-P1,D2,es_rioplatense,Rioplatense voseo,b_first,deliberative_budget_1024,"Cuando tenés tanta o más salud que el rival, dispará. Cuando tenés menos salud que el rival, levantá el escudo.",S1,B,S1,"Let's analyze the game state and the policy step by step:

1. **Current health of bot 1 (you):** 14
2. **Current health of bot 2 (opponent):** 15
3. **Compare health:** 14 < 15 → You have less health than the opponent.

According to the policy:
- If you have **more or equal** health than the opponent → **fire (B)**
- If you have **less** health than the opponent → **set shield on (S1)**

Since your health (14) is less than the opponent's (15), the correct action is to **set the shield on**.

FINAL: S1",506,S1,S1,True,True,True,True,False,True,,2806.094,,True,stop,150,364,2571691000,168571000,2801872083
qwen3:30b-a3b-instruct-2507-q4_K_M,0,d2-x-compare-c,D2-P2,D2,es_rioplatense,Rioplatense voseo,b_first,deliberative_budget_1024,"Cuando tu coordenada x es menor o igual que la del rival, girá 90 grados en sentido horario. Cuando tu coordenada x es mayor que la del rival, girá 90 grados en sentido antihorario.",C90.0,C90.0,A90.0,"Scratchpad:
- Bot 1's x coordinate: 0.5
- Bot 2's x coordinate: 0.5
- Compare: 0.5 <= 0.5 → True
- Since x is less than or equal to the rival's x, the rule says to rotate 90 degrees clockwise.
- Therefore, the command should be C90.

FINAL: C90",244,C90,C90.0,True,True,True,True,True,False,,1800.793,,True,stop,87,385,1550650000,195932000,1794879125
qwen3:30b-a3b-instruct-2507-q4_K_M,0,d3-xor-shields-d,D3-P2,D3,es_rioplatense,Rioplatense voseo,b_first,deliberative_budget_1024,"Cuando los dos escudos están en el mismo estado, dispará. Cuando exactamente uno de los dos escudos está levantado, avanzá.",B,B,M,"Let's analyze the game state and the policy step by step.

Game State:
- Bot 1 (you):
  - health: 30
  - x: 0.2, y: 0.5
  - rot: 0.0 degrees
  - shield: true (on)
- Bot 2 (opponent):
  - health: 30
  - x: 0.8, y: 0.5
  - rot: 180.0 degrees
  - shield: true (on)

Policy:
1. ""Cuando los dos escudos están en el mismo estado, dispará.""  
   → If both shields are in the same state (both on or both off), then fire (B).

2. ""Cuando exactamente uno de los dos escudos está levantado, avanzá.""  
   → If exactly one shield is on (one on, one off), then move forward (M).

Now, check the current shield states:
- Bot 1 shield: true
- Bot 2 shield: true

→ Both shields are on → same state.

Therefore, according to the first condition, we should fire.

FINAL: B",755,B,B,True,True,True,True,True,False,,4932.478,,True,stop,252,364,4632660000,273807000,4929340625
qwen3:30b-a3b-instruct-2507-q4_K_M,0,d3-xor-shields-b,D3-P2,D3,es_standard,Tuteo Spanish,b_first,deliberative_budget_1024,"Cuando los dos escudos están en el mismo estado, dispara. Cuando exactamente uno de los dos escudos está levantado, avanza.",M,B,M,"Let's analyze the game state and the policy step by step.

Game State:
- Bot 1 (you):
  - Health: 30
  - Position: (x=0.2, y=0.5)
  - Rotation: 0.0 degrees
  - Shield: false (off)
- Bot 2 (opponent):
  - Health: 30
  - Position: (x=0.8, y=0.5)
  - Rotation: 180.0 degrees
  - Shield: true (on)

Policy:
1. ""Cuando los dos escudos están en el mismo estado, dispara.""  
   → If both shields are in the same state (both on or both off), then fire (B).

2. ""Cuando exactamente uno de los dos escudos está levantado, avanza.""  
   → If exactly one shield is on (i.e., one on, one off), then move forward (M).

Now, evaluate the shield states:
- Bot 1 shield: false
- Bot 2 shield: true

→ Exactly one shield is on → condition for ""avanza"" (move forward) is satisfied.

Therefore, the correct action is to move forward.

FINAL: M",823,M,M,True,True,True,True,False,True,,5047.936,,True,stop,265,364,4748818000,230722000,5044225333
qwen3:30b-a3b-instruct-2507-q4_K_M,0,d2-health-compare-d,D2-P1,D2,es_standard,Tuteo Spanish,a_first,deliberative_budget_1024,"Cuando tienes menos salud que el rival, levanta el escudo. Cuando tienes tanta o más salud que el rival, dispara.",S1,S1,B,"Scratchpad:
- Bot 1 health: 14
- Bot 2 health: 15
- Bot 1 has less health than bot 2 (14 < 15)
- According to the policy: ""Cuando tienes menos salud que el rival, levanta el escudo"" → when you have less health than the rival, raise the shield
- Therefore, the action should be to set the shield on
- Command: S1

FINAL: S1",322,S1,S1,True,True,True,True,True,False,,2104.743,,True,stop,103,361,1886938000,172055000,2101181750
qwen3:30b-a3b-instruct-2507-q4_K_M,0,d2-health-compare-b,D2-P1,D2,es_standard,Tuteo Spanish,b_first,deliberative_budget_1024,"Cuando tienes tanta o más salud que el rival, dispara. Cuando tienes menos salud que el rival, levanta el escudo.",B,B,S1,"Scratchpad:
- Bot 1 health: 20
- Bot 2 health: 10
- Bot 1 has more health than bot 2 (20 > 10)
- According to the policy: ""Cuando tienes tanta o más salud que el rival, dispara""
- Since bot 1 has more health, the action should be to fire
- Therefore, the command is B

FINAL: B",277,B,B,True,True,True,True,True,False,,1936.933,,True,stop,93,361,1621466000,285862000,1931524125
qwen3:30b-a3b-instruct-2507-q4_K_M,0,d5-health-difference-c,D5-P1,D5,es_standard,Tuteo Spanish,b_first,deliberative_budget_1024,"Cuando no tienes al menos 10 puntos de salud más que el rival, levanta el escudo. Cuando tienes al menos 10 puntos de salud más que el rival, dispara.",S1,S1,B,"Scratchpad:
- Bot 1 health: 10
- Bot 2 health: 25
- Health difference: 10 - 25 = -15 (Bot 1 has 15 less health than Bot 2)
- Since Bot 1 does not have at least 10 more health than Bot 2, the condition ""when not having at least 10 points of health more than the rival"" is true.
- Therefore, according to the policy, Bot 1 should raise the shield.
- The current shield state is off (false), so we need to set it on.

FINAL: S1",424,S1,S1,True,True,True,True,True,False,,2824.344,,True,stop,135,373,2475257000,321692000,2821066208
qwen3:30b-a3b-instruct-2507-q4_K_M,0,d3-xor-shields-c,D3-P2,D3,es_standard,Tuteo Spanish,a_first,deliberative_budget_1024,"Cuando exactamente uno de los dos escudos está levantado, avanza. Cuando los dos escudos están en el mismo estado, dispara.",M,M,B,"Scratchpad:

- Bot 1 (current player): shield = true
- Bot 2 (opponent): shield = false

Check condition: ""Cuando exactamente uno de los dos escudos está levantado""
- Bot 1 shield: true
- Bot 2 shield: false
→ Exactly one shield is up → condition is true

Therefore, according to the policy: ""avanza"" (move forward)

Since no specific distance is given, use the default move: M

FINAL: M",387,M,M,True,True,True,True,True,False,,2211.835,,True,stop,107,364,1934712000,233633000,2208397291
qwen3:30b-a3b-instruct-2507-q4_K_M,0,d5-x-distance-a,D5-P2,D5,es_rioplatense,Rioplatense voseo,b_first,deliberative_budget_1024,"Primero calculá la distancia horizontal entre tu coordenada x y la coordenada x del rival. Cuando la distancia es menor que 0.4, girá 90 grados en sentido horario. Cuando la distancia es de al menos 0.4, avanzá 0.1.",M0.1,C90.0,M0.1,"Scratchpad:
- Your x-coordinate: 0.2
- Opponent's x-coordinate: 0.8
- Horizontal distance = |0.8 - 0.2| = 0.6
- Since 0.6 >= 0.4, the condition ""distance is of at least 0.4"" is true.
- Therefore, according to the policy, you should move forward by 0.1.

FINAL: M0.1",265,M0.1,M0.1,True,True,True,True,False,True,,2085.143,,True,stop,99,394,1754248000,305264000,2081297166
qwen3:30b-a3b-instruct-2507-q4_K_M,0,d2-health-compare-b,D2-P1,D2,es_standard,Tuteo Spanish,a_first,deliberative_budget_1024,"Cuando tienes menos salud que el rival, levanta el escudo. Cuando tienes tanta o más salud que el rival, dispara.",B,S1,B,"Scratchpad:
- Bot 1 health: 20
- Bot 2 health: 10
- Bot 1 health (20) > Bot 2 health (10) → condition ""tienes tanta o más salud que el rival"" is true
- Therefore, according to the policy: ""cuando tienes tanta o más salud que el rival, dispara""
- So the action should be: B (fire)

FINAL: B",289,B,B,True,True,True,True,False,True,,1934.638,,True,stop,98,361,1709032000,173578000,1930796459
qwen3:30b-a3b-instruct-2507-q4_K_M,0,d5-health-difference-a,D5-P1,D5,es_standard,Tuteo Spanish,b_first,deliberative_budget_1024,"Cuando no tienes al menos 10 puntos de salud más que el rival, levanta el escudo. Cuando tienes al menos 10 puntos de salud más que el rival, dispara.",B,S1,B,"Scratchpad:
- Bot 1 health: 30
- Bot 2 health: 20
- Difference in health: 30 - 20 = 10
- Condition 1: ""Cuando no tienes al menos 10 puntos de salud más que el rival, levanta el escudo.""
  - This means: if (health of bot 1) < (health of bot 2) + 10 → then shield on
  - 30 < 20 + 10 → 30 < 30 → False → do not trigger shield on
- Condition 2: ""Cuando tienes al menos 10 puntos de salud más que el rival, dispara.""
  - This means: if (health of bot 1) >= (health of bot 2) + 10 → then fire
  - 30 >= 20 + 10 → 30 >= 30 → True → trigger fire

So, the policy says: since bot 1 has at least 10 more health than bot 2, it should fire.

FINAL: B",638,B,B,True,True,True,True,False,True,,4758.453,,True,stop,242,373,4415631000,316921000,4754715583
qwen3:30b-a3b-instruct-2507-q4_K_M,0,d5-health-difference-d,D5-P1,D5,es_rioplatense,Rioplatense voseo,b_first,deliberative_budget_1024,"Cuando no tenés al menos 10 puntos de salud más que el rival, levantá el escudo. Cuando tenés al menos 10 puntos de salud más que el rival, dispará.",B,S1,B,"Let's analyze the game state and the policy step by step.

Game State:
- Bot 1 (you):
  - Health: 25
  - Position: (x=0.2, y=0.5)
  - Rotation: 0.0 degrees
  - Shield: off
- Bot 2 (opponent):
  - Health: 10
  - Position: (x=0.8, y=0.5)
  - Rotation: 180.0 degrees
  - Shield: off

Policy:
1. ""Cuando no tenés al menos 10 puntos de salud más que el rival, levantá el escudo.""
   - This means: If your health is not at least 10 points higher than the opponent's, activate the shield.
   - Your health: 25
   - Opponent's health: 10
   - Difference: 25 - 10 = 15 → which is more than 10.
   - So, the condition ""no tenés al menos 10 puntos de salud más"" is FALSE → do NOT raise the shield.

2. ""Cuando tenés al menos 10 puntos de salud más que el rival, dispará.""
   - This means: If your health is at least 10 points higher than the opponent's, fire.
   - As calculated, 25 - 10 = 15 ≥ 10 → condition is TRUE → you should fire.

Therefore, the correct action is to fire.

FINAL: B",978,B,B,True,True,True,True,False,True,,6554.085,,True,stop,332,376,6132125000,340419000,6544907875
qwen3:30b-a3b-instruct-2507-q4_K_M,0,d5-health-difference-a,D5-P1,D5,es_rioplatense,Rioplatense voseo,a_first,deliberative_budget_1024,"Cuando tenés al menos 10 puntos de salud más que el rival, dispará. Cuando no tenés al menos 10 puntos de salud más que el rival, levantá el escudo.",B,B,S1,"Let's analyze the game state and the policy step by step.

Game State:
- Bot 1 (you):
  - Health: 30
  - Position: (x=0.2, y=0.5)
  - Rotation: 0.0 degrees
  - Shield: off
- Bot 2 (opponent):
  - Health: 20
  - Position: (x=0.8, y=0.5)
  - Rotation: 180.0 degrees
  - Shield: off

Policy:
1. ""Cuando tenés al menos 10 puntos de salud más que el rival, dispará.""
   - Check: Bot 1 health (30) - Bot 2 health (20) = 10
   - 10 >= 10 → condition is true → action: fire (B)

2. ""Cuando no tenés al menos 10 puntos de salud más que el rival, levantá el escudo.""
   - This is the else case, but since the first condition is true, we don't execute this.

Therefore, the correct action is to fire.

FINAL: B",699,B,B,True,True,True,True,True,False,,5796.882,,True,stop,249,376,5507526000,220950000,5786373959
qwen3:30b-a3b-instruct-2507-q4_K_M,0,d2-health-compare-a,D2-P1,D2,es_standard,Tuteo Spanish,a_first,deliberative_budget_1024,"Cuando tienes menos salud que el rival, levanta el escudo. Cuando tienes tanta o más salud que el rival, dispara.",S1,S1,B,"Scratchpad:
- Bot 1 health: 10
- Bot 2 health: 20
- Bot 1 health < Bot 2 health → condition is true
- Therefore, according to the policy: ""Cuando tienes menos salud que el rival, levanta el escudo"" → set shield on
- Command: S1

FINAL: S1",238,S1,S1,True,True,True,True,True,False,,1648.824,,True,stop,79,361,1323193000,256305999,1640677125
qwen3:30b-a3b-instruct-2507-q4_K_M,0,d3-conjunction-a,D3-P1,D3,es_rioplatense,Rioplatense voseo,b_first,deliberative_budget_1024,"Cuando tenés 15 puntos de salud o más o el escudo está levantado, dispará. Cuando tenés menos de 15 puntos de salud y el escudo está bajo, levantá el escudo.",S1,B,S1,"Let's analyze the state and policy step by step:

1. Current health of bot 1: 10 (less than 15)
2. Shield status of bot 1: false (shield is off)
3. The policy says:
   - If health >= 15 OR shield is on → fire (B)
   - Else (health < 15 AND shield is off) → raise shield (S1)

Since health is 10 (less than 15) and shield is off, the second condition applies: we must raise the shield.

Therefore, the correct command is S1.

FINAL: S1",434,S1,S1,True,True,True,True,False,True,,2571.626,,True,stop,132,381,2286420000,259564000,2567720541
qwen3:30b-a3b-instruct-2507-q4_K_M,0,d3-conjunction-c,D3-P1,D3,es_rioplatense,Rioplatense voseo,a_first,deliberative_budget_1024,"Cuando tenés menos de 15 puntos de salud y el escudo está bajo, levantá el escudo. Cuando tenés 15 puntos de salud o más o el escudo está levantado, dispará.",B,S1,B,"Let's analyze the state and policy step by step:

1. Current health of bot 1: 20 (from the state: ""health"": 20)
2. Shield status of bot 1: false (from the state: ""shield"": false)

Now, evaluate the policy:

- ""Cuando tenés menos de 15 puntos de salud y el escudo está bajo, levantá el escudo.""
  - Condition: health < 15 AND shield == false
  - Current health is 20 → not less than 15 → condition false → do not raise shield.

- ""Cuando tenés 15 puntos de salud o más o el escudo está levantado, dispará.""
  - Condition: health >= 15 OR shield == true
  - health is 20 → >= 15 → condition true → action is to fire.

Therefore, the correct action is to fire.

FINAL: B",667,B,B,True,True,True,True,False,True,,4016.227,,True,stop,201,381,3667773000,305449000,4012353833
qwen3:30b-a3b-instruct-2507-q4_K_M,0,d1-health-d,D1-P2,D1,es_rioplatense,Rioplatense voseo,a_first,deliberative_budget_1024,"Cuando tenés menos de 15 puntos de salud, levantá el escudo. Cuando tenés 15 puntos de salud o más, avanzá.",M,S1,M,"Scratchpad:
- Bot 1's health is 25, which is greater than or equal to 15.
- According to the policy: ""Cuando tenés 15 puntos de salud o más, avanzá"" → when health is 15 or more, move forward.
- Therefore, the action should be to move forward by the default step.

FINAL: M",272,M,M,True,True,True,True,False,True,,1759.272,,True,stop,81,367,1424281000,290870000,1756103042
qwen3:30b-a3b-instruct-2507-q4_K_M,0,d3-xor-shields-a,D3-P2,D3,es_standard,Tuteo Spanish,b_first,deliberative_budget_1024,"Cuando los dos escudos están en el mismo estado, dispara. Cuando exactamente uno de los dos escudos está levantado, avanza.",B,B,M,"Let's analyze the game state and the policy step by step.

Game State:
- Bot 1 (you): health=30, x=0.2, y=0.5, rot=0.0, shield=false
- Bot 2 (opponent): health=30, x=0.8, y=0.5, rot=180.0, shield=false

Policy:
1. ""Cuando los dos escudos están en el mismo estado, dispara.""
   - This means: if both shields are in the same state (both on or both off), then fire.
   - Currently, both shields are off → same state → condition is true → should fire.

2. ""Cuando exactamente uno de los dos escudos está levantado, avanza.""
   - This means: if exactly one shield is on, then move forward.
   - But currently, both shields are off → not exactly one → this condition is false.

So, only the first condition applies: both shields are in the same state (both off), so we should fire.

Therefore, the correct command is: B (fire)

FINAL: B",830,B,B,True,True,True,True,True,False,,4672.136,,True,stop,242,364,4344929000,301956000,4668989958
qwen3:30b-a3b-instruct-2507-q4_K_M,0,d1-shield-b,D1-P1,D1,es_rioplatense,Rioplatense voseo,b_first,deliberative_budget_1024,"Cuando tenés el escudo bajo, dispará. Cuando tenés el escudo levantado, bajalo.",B,B,S0,"Let's analyze the state and policy step by step:

1. Current state of bot 1:
   - health: 27 (not critical)
   - x: 0.2, y: 0.5
   - rot: 0.0 degrees
   - shield: false (shield is currently off)

2. Policy interpretation:
   - ""Cuando tenés el escudo bajo, dispará."" → When your shield is down, shoot.
     - Since shield is currently off (false), this condition is true → we should shoot.
   - ""Cuando tenés el escudo levantado, bajalo."" → When your shield is up, lower it.
     - This condition does not apply now, since shield is off.

3. Action selection:
   - The policy says to shoot when shield is down → we should fire.
   - No need to toggle shield since it's already off.

Therefore, the correct command is to fire.

FINAL: B",735,B,B,True,True,True,True,True,False,,4014.1,,True,stop,204,357,3670344000,283872000,4010949417
qwen3:30b-a3b-instruct-2507-q4_K_M,0,d3-conjunction-b,D3-P1,D3,es_standard,Tuteo Spanish,b_first,deliberative_budget_1024,"Cuando tienes 15 puntos de salud o más o el escudo está levantado, dispara. Cuando tienes menos de 15 puntos de salud y el escudo está bajo, levanta el escudo.",B,B,S1,"Let's analyze the state and policy step by step:

1. Current health of bot 1: 10 (less than 15)
2. Shield status of bot 1: true (shield is on)

Policy conditions:
- ""Cuando tienes 15 puntos de salud o más o el escudo está levantado, dispara.""
  - This means: if health >= 15 OR shield is on → fire (B)
  - Current health is 10 (< 15), but shield is on → condition is true → should fire.

- ""Cuando tienes menos de 15 puntos de salud y el escudo está bajo, levanta el escudo.""
  - This means: if health < 15 AND shield is off → set shield on (S1)
  - But here, health is 10 (< 15), but shield is on → condition not met → do nothing.

So, the first condition is satisfied (shield is on), so the action is to fire.

FINAL: B",721,B,B,True,True,True,True,True,False,,4009.462,,True,stop,217,378,3765233000,195887000,4006137500
qwen3:30b-a3b-instruct-2507-q4_K_M,0,d2-health-compare-a,D2-P1,D2,es_rioplatense,Rioplatense voseo,a_first,deliberative_budget_1024,"Cuando tenés menos salud que el rival, levantá el escudo. Cuando tenés tanta o más salud que el rival, dispará.",S1,S1,B,"Let's analyze the game state and the policy step by step.

Game State:
- Bot 1 (you):
  - Health: 10
  - Position: (x=0.2, y=0.5)
  - Rotation: 0.0 degrees
  - Shield: off (false)
- Bot 2 (opponent):
  - Health: 20
  - Position: (x=0.8, y=0.5)
  - Rotation: 180.0 degrees
  - Shield: off (false)

Policy:
1. ""Cuando tenés menos salud que el rival, levantá el escudo.""  
   → If your health < opponent's health → set shield on.

2. ""Cuando tenés tanta o más salud que el rival, dispará.""  
   → If your health ≥ opponent's health → fire.

Current comparison:
- Your health: 10
- Opponent's health: 20
→ 10 < 20 → condition for ""levantá el escudo"" is true.

Therefore, according to the policy, you should set the shield on.

Command: S1 (set shield on)

FINAL: S1",761,S1,S1,True,True,True,True,True,False,,5109.185,,True,stop,259,364,4789269000,254901000,5105921583
qwen3:30b-a3b-instruct-2507-q4_K_M,0,d3-conjunction-d,D3-P1,D3,es_rioplatense,Rioplatense voseo,a_first,deliberative_budget_1024,"Cuando tenés menos de 15 puntos de salud y el escudo está bajo, levantá el escudo. Cuando tenés 15 puntos de salud o más o el escudo está levantado, dispará.",B,S1,B,"Let's analyze the state and policy step by step:

1. Current health of bot 1: 20 (from the state)
2. Shield status of bot 1: true (shield is on)
3. Policy:
   - If health < 15 AND shield is off → raise shield (S1)
   - Else (health >= 15 OR shield is on) → fire (B)

Now apply the policy:
- Health is 20 → which is >= 15 → condition satisfied
- Shield is on → so the ""OR"" condition is satisfied
- Therefore, the action is to fire (B)

FINAL: B",443,B,B,True,True,True,True,False,True,,2901.085,,True,stop,136,381,2654264000,187927000,2897682334
qwen3:30b-a3b-instruct-2507-q4_K_M,0,d5-health-difference-a,D5-P1,D5,es_rioplatense,Rioplatense voseo,b_first,deliberative_budget_1024,"Cuando no tenés al menos 10 puntos de salud más que el rival, levantá el escudo. Cuando tenés al menos 10 puntos de salud más que el rival, dispará.",B,S1,B,"Let's analyze the game state and the policy step by step.

Game state:
- Bot 1 (you): health = 30, x = 0.2, y = 0.5, rot = 0.0, shield = false
- Bot 2 (opponent): health = 20, x = 0.8, y = 0.5, rot = 180.0, shield = false

Policy:
1. ""Cuando no tenés al menos 10 puntos de salud más que el rival, levantá el escudo.""
   - This means: if your health is not at least 10 more than the opponent's health, then activate the shield.
   - Your health: 30
   - Opponent's health: 20
   - Difference: 30 - 20 = 10
   - So, you have exactly 10 more health than the opponent → condition ""al menos 10 puntos más"" is satisfied.

   Therefore, the first condition (""no tenés al menos 10 puntos más"") is **false**, so we do **not** activate the shield.

2. ""Cuando tenés al menos 10 puntos de salud más que el rival, dispará.""
   - This means: if your health is at least 10 more than the opponent's health, then fire.
   - As calculated, 30 - 20 = 10 → condition is satisfied.
   - So, you should fire.

Thus, the correct action is to fire.

FINAL: B",1035,B,B,True,True,True,True,False,True,,6341.381,,True,stop,338,376,6013215000,269418000,6337008250
qwen3:30b-a3b-instruct-2507-q4_K_M,0,d3-xor-shields-b,D3-P2,D3,es_rioplatense,Rioplatense voseo,b_first,deliberative_budget_1024,"Cuando los dos escudos están en el mismo estado, dispará. Cuando exactamente uno de los dos escudos está levantado, avanzá.",M,B,M,"Let's analyze the game state and the policy step by step.

Game State:
- Bot 1 (you):
  - health: 30
  - x: 0.2, y: 0.5
  - rot: 0.0 degrees
  - shield: false (off)
- Bot 2 (opponent):
  - health: 30
  - x: 0.8, y: 0.5
  - rot: 180.0 degrees
  - shield: true (on)

Policy:
1. ""Cuando los dos escudos están en el mismo estado, dispará.""  
   → If both shields are in the same state (both on or both off), then fire (B).

2. ""Cuando exactamente uno de los dos escudos está levantado, avanzá.""  
   → If exactly one shield is on (i.e., one on, one off), then move forward (M).

Now, evaluate the shield states:
- Bot 1 shield: false
- Bot 2 shield: true

→ Exactly one shield is on → condition for ""avanzá"" is met.

Therefore, the correct action is to move forward.

FINAL: M",772,M,M,True,True,True,True,False,True,,4746.747,,True,stop,260,364,4529067000,151484000,4742591542
qwen3:30b-a3b-instruct-2507-q4_K_M,0,d2-x-compare-d,D2-P2,D2,es_rioplatense,Rioplatense voseo,b_first,deliberative_budget_1024,"Cuando tu coordenada x es menor o igual que la del rival, girá 90 grados en sentido horario. Cuando tu coordenada x es mayor que la del rival, girá 90 grados en sentido antihorario.",A90.0,C90.0,A90.0,"Scratchpad:
- My x coordinate (bot 1): 0.51
- Opponent's x coordinate (bot 2): 0.5
- Compare: 0.51 > 0.5 → True
- Since my x is greater than the opponent's x, I should rotate counterclockwise by 90 degrees.
- Therefore, the command is A90.

FINAL: A90",251,A90,A90.0,True,True,True,True,False,True,,1791.629,,True,stop,92,386,1539618000,201764000,1788051000
qwen3:30b-a3b-instruct-2507-q4_K_M,0,d2-x-compare-c,D2-P2,D2,es_rioplatense,Rioplatense voseo,a_first,deliberative_budget_1024,"Cuando tu coordenada x es mayor que la del rival, girá 90 grados en sentido antihorario. Cuando tu coordenada x es menor o igual que la del rival, girá 90 grados en sentido horario.",C90.0,A90.0,C90.0,"Scratchpad:
- My x coordinate (bot 1): 0.5
- Opponent's x coordinate (bot 2): 0.5
- Compare: 0.5 > 0.5 → False
- Since x is not greater, condition is false → use the ""else"" branch: rotate 90 degrees clockwise
- Therefore, command is C90

FINAL: C90",248,C90,C90.0,True,True,True,True,False,True,,1857.349,,True,stop,89,385,1538677000,293793000,1854114125
qwen3:30b-a3b-instruct-2507-q4_K_M,0,d5-x-distance-d,D5-P2,D5,es_rioplatense,Rioplatense voseo,a_first,deliberative_budget_1024,"Primero calculá la distancia horizontal entre tu coordenada x y la coordenada x del rival. Cuando la distancia es de al menos 0.4, avanzá 0.1. Cuando la distancia es menor que 0.4, girá 90 grados en sentido horario.",C90.0,M0.1,C90.0,"Scratchpad:
- My x-coordinate: 0.3
- Opponent's x-coordinate: 0.31
- Horizontal distance = |0.3 - 0.31| = 0.01
- Since 0.01 < 0.4, I should rotate 90 degrees clockwise.
- Therefore, the command is C90.

FINAL: C90",213,C90,C90.0,True,True,True,True,False,True,,1889.642,,True,stop,87,395,1544653000,311276000,1881522458
qwen3:30b-a3b-instruct-2507-q4_K_M,0,d3-xor-shields-a,D3-P2,D3,es_rioplatense,Rioplatense voseo,b_first,deliberative_budget_1024,"Cuando los dos escudos están en el mismo estado, dispará. Cuando exactamente uno de los dos escudos está levantado, avanzá.",B,B,M,"Let's analyze the game state and the policy step by step.

Game State:
- Bot 1 (you): 
  - health: 30
  - x: 0.2, y: 0.5
  - rot: 0.0 degrees
  - shield: false (off)
- Bot 2 (opponent):
  - health: 30
  - x: 0.8, y: 0.5
  - rot: 180.0 degrees
  - shield: false (off)

Policy:
1. ""Cuando los dos escudos están en el mismo estado, dispará.""  
   → If both shields are in the same state (both on OR both off), then fire (B).

2. ""Cuando exactamente uno de los dos escudos está levantado, avanzá.""  
   → If exactly one shield is on (one on, one off), then move forward (M).

Now, evaluate the current shield states:
- Bot 1 shield: false
- Bot 2 shield: false  
→ Both shields are off → same state.

Therefore, the first condition applies: both shields are in the same state → fire.

FINAL: B",789,B,B,True,True,True,True,True,False,,4944.794,,True,stop,258,364,4606350000,292270000,4930021334
qwen3:30b-a3b-instruct-2507-q4_K_M,0,d5-health-difference-c,D5-P1,D5,es_rioplatense,Rioplatense voseo,b_first,deliberative_budget_1024,"Cuando no tenés al menos 10 puntos de salud más que el rival, levantá el escudo. Cuando tenés al menos 10 puntos de salud más que el rival, dispará.",S1,S1,B,"Let's analyze the game state and the policy step by step.

Game state:
- Bot 1 (you): health = 10, x = 0.2, y = 0.5, rot = 0.0, shield = false
- Bot 2 (opponent): health = 25, x = 0.8, y = 0.5, rot = 180.0, shield = false

Policy:
1. ""Cuando no tenés al menos 10 puntos de salud más que el rival, levantá el escudo.""
   - This means: if your health is not at least 10 more than the opponent's health, turn on the shield.
   - Your health: 10
   - Opponent's health: 25
   - Difference: 10 - 25 = -15 → not ≥ 10
   - So, condition is true → you should set shield on.

2. ""Cuando tenés al menos 10 puntos de salud más que el rival, dispará.""
   - This means: if your health is at least 10 more than the opponent's, fire.
   - But 10 - 25 = -15 < 10 → condition false → do not fire.

So, based on the policy, since you do not have at least 10 more health than the opponent, you should set the shield on.

Therefore, the correct command is: S1

FINAL: S1",950,S1,S1,True,True,True,True,True,False,,5917.769,,True,stop,324,376,5613618000,259732000,5914200625
qwen3:30b-a3b-instruct-2507-q4_K_M,0,d1-health-d,D1-P2,D1,es_standard,Tuteo Spanish,b_first,deliberative_budget_1024,"Cuando tienes 15 puntos de salud o más, avanza. Cuando tienes menos de 15 puntos de salud, levanta el escudo.",M,M,S1,"Scratchpad:
- Bot 1's health is 25, which is greater than or equal to 15.
- According to the policy: ""Cuando tienes 15 puntos de salud o más, avanza.""
- Therefore, the action should be to move forward.
- The default move is M (move forward by the default step).

FINAL: M",271,M,M,True,True,True,True,True,False,,1803.824,,True,stop,77,364,1450941000,268649000,1799187958
qwen3:30b-a3b-instruct-2507-q4_K_M,0,d2-x-compare-d,D2-P2,D2,es_rioplatense,Rioplatense voseo,a_first,deliberative_budget_1024,"Cuando tu coordenada x es mayor que la del rival, girá 90 grados en sentido antihorario. Cuando tu coordenada x es menor o igual que la del rival, girá 90 grados en sentido horario.",A90.0,A90.0,C90.0,"Scratchpad:
- My x-coordinate (bot 1): 0.51
- Opponent's x-coordinate (bot 2): 0.5
- Compare: 0.51 > 0.5 → True
- Since my x is greater than the opponent's x, I should rotate 90 degrees counterclockwise.
- The command for rotating 90 degrees counterclockwise is A90.

FINAL: A90",278,A90,A90.0,True,True,True,True,True,False,,2118.631,,True,stop,99,386,1770168000,309916000,2108210042
qwen3:30b-a3b-instruct-2507-q4_K_M,0,d2-x-compare-a,D2-P2,D2,es_rioplatense,Rioplatense voseo,b_first,deliberative_budget_1024,"Cuando tu coordenada x es menor o igual que la del rival, girá 90 grados en sentido horario. Cuando tu coordenada x es mayor que la del rival, girá 90 grados en sentido antihorario.",A90.0,C90.0,A90.0,"Scratchpad:
- My x-coordinate (bot 1): 0.7
- Opponent's x-coordinate (bot 2): 0.3
- Compare: 0.7 > 0.3 → True
- Since my x is greater than the opponent's x, I should rotate counterclockwise by 90 degrees.
- Therefore, the command is A90.

FINAL: A90",249,A90,A90.0,True,True,True,True,False,True,,1939.229,,True,stop,90,385,1603306000,303475000,1934993625
qwen3:30b-a3b-instruct-2507-q4_K_M,0,d3-conjunction-c,D3-P1,D3,es_standard,Tuteo Spanish,a_first,deliberative_budget_1024,"Cuando tienes menos de 15 puntos de salud y el escudo está bajo, levanta el escudo. Cuando tienes 15 puntos de salud o más o el escudo está levantado, dispara.",B,S1,B,"Scratchpad:
- Current health of bot 1: 20
- Current shield status: false (off)
- Condition 1: health < 15 → 20 < 15 → False
- Condition 2: shield is off → true
- Since health is not less than 15, the first condition (health < 15 and shield off) is not met.
- Therefore, the second part of the policy applies: ""When you have 15 points of health or more OR the shield is levantado, shoot.""
- Health is 20 ≥ 15 → condition satisfied.
- So, the action is to fire.

FINAL: B",469,B,B,True,True,True,True,False,True,,2958.643,,True,stop,145,378,2605065000,325977000,2954707750
qwen3:30b-a3b-instruct-2507-q4_K_M,0,d1-shield-b,D1-P1,D1,es_standard,Tuteo Spanish,a_first,deliberative_budget_1024,"Cuando tienes el escudo levantado, bájalo. Cuando tienes el escudo bajo, dispara.",B,S0,B,"Scratchpad:
- Bot 1's current shield state is false (off).
- According to the policy: ""When the shield is down, shoot.""
- Since the shield is currently off, the action should be to fire.
- Therefore, the command is B (fire).

FINAL: B",234,B,B,True,True,True,True,False,True,,1241.799,,True,stop,61,357,1029992000,169786000,1238510125
qwen3:30b-a3b-instruct-2507-q4_K_M,0,d1-health-a,D1-P2,D1,es_rioplatense,Rioplatense voseo,a_first,deliberative_budget_1024,"Cuando tenés menos de 15 puntos de salud, levantá el escudo. Cuando tenés 15 puntos de salud o más, avanzá.",S1,S1,M,"Scratchpad:
- Bot 1's health is 5, which is less than 15.
- According to the policy: ""Cuando tenés menos de 15 puntos de salud, levantá el escudo"" → when health is less than 15, raise the shield.
- Therefore, the action should be to set the shield on.
- The command for setting the shield on is S1.

FINAL: S1",309,S1,S1,True,True,True,True,True,False,,1959.085,,True,stop,93,366,1635925000,293870000,1955593208
qwen3:30b-a3b-instruct-2507-q4_K_M,0,d1-shield-c,D1-P1,D1,es_rioplatense,Rioplatense voseo,b_first,deliberative_budget_1024,"Cuando tenés el escudo bajo, dispará. Cuando tenés el escudo levantado, bajalo.",S0,B,S0,"Let's analyze the state and policy step by step:

1. Current state of bot 1:
   - health: 8 (low, so we should be cautious)
   - x: 0.2, y: 0.5
   - rot: 0.0 degrees
   - shield: true (shield is currently ON)

2. Policy interpretation:
   - ""Cuando tenés el escudo bajo, dispará."" → When your shield is down, shoot.
   - ""Cuando tenés el escudo levantado, bajalo."" → When your shield is up, lower it.

   So the policy says:
   - If shield is ON → turn it OFF (S0)
   - If shield is OFF → shoot (B)

3. Current shield state: true (ON)
   → So according to the policy, we must lower the shield → command S0

4. No other conditions (like distance to opponent or need to move) are specified in the policy, so we follow the rule strictly.

FINAL: S0",745,S0,S0,True,True,True,True,False,True,,4116.473,,True,stop,220,356,3793812000,291864000,4112362417
qwen3:30b-a3b-instruct-2507-q4_K_M,0,d1-shield-d,D1-P1,D1,es_rioplatense,Rioplatense voseo,b_first,deliberative_budget_1024,"Cuando tenés el escudo bajo, dispará. Cuando tenés el escudo levantado, bajalo.",B,B,S0,"Scratchpad:
- Bot 1's current shield state is false (off).
- According to the policy: ""Cuando tenés el escudo bajo, dispará"" → When your shield is down, shoot.
- Since the shield is currently off (down), the action should be to fire.
- The second part of the policy: ""Cuando tenés el escudo levantado, bajalo"" → When your shield is up, lower it.
- This condition does not apply now because the shield is off.

Therefore, the correct action is to fire.

FINAL: B",461,B,B,True,True,True,True,True,False,,2397.87,,True,stop,121,356,2069873000,264719000,2393520750
qwen3:30b-a3b-instruct-2507-q4_K_M,0,d1-health-c,D1-P2,D1,es_rioplatense,Rioplatense voseo,b_first,deliberative_budget_1024,"Cuando tenés 15 puntos de salud o más, avanzá. Cuando tenés menos de 15 puntos de salud, levantá el escudo.",M,M,S1,"Scratchpad:
- Bot 1's health is 15.
- The condition ""when you have 15 or more health points"" is true because health == 15.
- Therefore, according to the policy, the action should be to move forward.
- The default move command is M.

FINAL: M",241,M,M,True,True,True,True,True,False,,1582.5,,True,stop,67,367,1246687000,307888000,1579241375
qwen3:30b-a3b-instruct-2507-q4_K_M,0,d5-x-distance-d,D5-P2,D5,es_standard,Tuteo Spanish,a_first,deliberative_budget_1024,"Primero calcula la distancia horizontal entre tu coordenada x y la coordenada x del rival. Cuando la distancia es de al menos 0.4, avanza 0.1. Cuando la distancia es menor que 0.4, gira 90 grados en sentido horario.",C90.0,M0.1,C90.0,"Scratchpad:
- Bot 1's x = 0.3
- Bot 2's x = 0.31
- Horizontal distance = |0.31 - 0.3| = 0.01
- 0.01 < 0.4 → condition ""distancia menor que 0.4"" is true
- Therefore, execute: rotate 90 degrees clockwise

FINAL: C90",213,C90,C90.0,True,True,True,True,False,True,,2032.737,,True,stop,95,395,1639910000,336859000,2028241750
qwen3:30b-a3b-instruct-2507-q4_K_M,0,d3-conjunction-d,D3-P1,D3,es_standard,Tuteo Spanish,a_first,deliberative_budget_1024,"Cuando tienes menos de 15 puntos de salud y el escudo está bajo, levanta el escudo. Cuando tienes 15 puntos de salud o más o el escudo está levantado, dispara.",B,S1,B,"Scratchpad:
- Current health of bot 1: 20
- Current shield status: true (shield is on)
- Condition 1: If health < 15 AND shield is off → raise shield
  - Health is 20, which is not < 15 → this condition is false
- Condition 2: If health >= 15 OR shield is on → fire
  - Health is 20 ≥ 15 → condition is true
  - Therefore, the action is to fire

FINAL: B",354,B,B,True,True,True,True,False,True,,2250.77,,True,stop,115,378,1976800000,206654000,2238777291
qwen3:30b-a3b-instruct-2507-q4_K_M,0,d1-shield-d,D1-P1,D1,es_standard,Tuteo Spanish,b_first,deliberative_budget_1024,"Cuando tienes el escudo bajo, dispara. Cuando tienes el escudo levantado, bájalo.",B,B,S0,"Scratchpad:
- Bot 1's current shield state is false (off).
- According to the policy: ""Cuando tienes el escudo bajo, dispara"" → since the shield is off, I should fire.
- The next part ""Cuando tienes el escudo levantado, bájalo"" does not apply because the shield is currently off.

Therefore, the correct action is to fire.

FINAL: B",332,B,B,True,True,True,True,True,False,,1879.695,,True,stop,89,356,1560576000,281539000,1875839083
qwen3:30b-a3b-instruct-2507-q4_K_M,0,d1-health-b,D1-P2,D1,es_rioplatense,Rioplatense voseo,a_first,deliberative_budget_1024,"Cuando tenés menos de 15 puntos de salud, levantá el escudo. Cuando tenés 15 puntos de salud o más, avanzá.",S1,S1,M,"Scratchpad:
- Bot 1's health is 14, which is less than 15.
- According to the policy: ""Cuando tenés menos de 15 puntos de salud, levantá el escudo"" → when health is less than 15, raise the shield.
- Therefore, the action should be to set the shield on.
- The command for setting the shield on is S1.

FINAL: S1",310,S1,S1,True,True,True,True,True,False,,2042.238,,True,stop,94,366,1713556000,300419000,2038427250
qwen3:30b-a3b-instruct-2507-q4_K_M,0,d5-x-distance-c,D5-P2,D5,es_rioplatense,Rioplatense voseo,a_first,deliberative_budget_1024,"Primero calculá la distancia horizontal entre tu coordenada x y la coordenada x del rival. Cuando la distancia es de al menos 0.4, avanzá 0.1. Cuando la distancia es menor que 0.4, girá 90 grados en sentido horario.",M0.1,M0.1,C90.0,"Scratchpad:
- My x-coordinate: 0.1
- Opponent's x-coordinate: 0.5
- Horizontal distance = |0.5 - 0.1| = 0.4

Since the distance is exactly 0.4, which is ""at least 0.4"", the condition is satisfied.

Therefore, according to the policy: ""When the distance is of at least 0.4, advance by 0.1.""

So, I should move forward by 0.1.

FINAL: M0.1",337,M0.1,M0.1,True,True,True,True,True,False,,2399.19,,True,stop,117,394,2036032000,333798000,2394887125
qwen3:30b-a3b-instruct-2507-q4_K_M,0,d2-x-compare-a,D2-P2,D2,es_rioplatense,Rioplatense voseo,a_first,deliberative_budget_1024,"Cuando tu coordenada x es mayor que la del rival, girá 90 grados en sentido antihorario. Cuando tu coordenada x es menor o igual que la del rival, girá 90 grados en sentido horario.",A90.0,A90.0,C90.0,"Scratchpad:
- Bot 1's x coordinate: 0.7
- Bot 2's x coordinate: 0.3
- Compare: 0.7 > 0.3 → True
- Since bot 1's x is greater than bot 2's x, the rule says to rotate 90 degrees counterclockwise.
- Therefore, the command should be A90.

FINAL: A90",245,A90,A90.0,True,True,True,True,True,False,,1927.079,,True,stop,92,385,1604012000,296396000,1923764292
qwen3:30b-a3b-instruct-2507-q4_K_M,0,d1-shield-d,D1-P1,D1,es_rioplatense,Rioplatense voseo,a_first,deliberative_budget_1024,"Cuando tenés el escudo levantado, bajalo. Cuando tenés el escudo bajo, dispará.",B,S0,B,"Scratchpad:
- Bot 1's current shield state is false (off).
- According to the policy: ""When the shield is down, shoot.""
- Since the shield is currently off, the action should be to fire.
- Therefore, the command is B (fire).

FINAL: B",234,B,B,True,True,True,True,False,True,,1390.07,,True,stop,61,356,1072491000,290201000,1385072750
qwen3:30b-a3b-instruct-2507-q4_K_M,0,d1-health-a,D1-P2,D1,es_standard,Tuteo Spanish,a_first,deliberative_budget_1024,"Cuando tienes menos de 15 puntos de salud, levanta el escudo. Cuando tienes 15 puntos de salud o más, avanza.",S1,S1,M,"Scratchpad:
- Bot 1's health is 5, which is less than 15.
- According to the policy: ""Cuando tienes menos de 15 puntos de salud, levanta el escudo"" → when health is less than 15, raise the shield.
- Therefore, the action should be to set the shield on.
- The command to set the shield on is S1.

FINAL: S1",305,S1,S1,True,True,True,True,True,False,,1983.881,,True,stop,91,363,1635573000,308622000,1979474792
qwen3:30b-a3b-instruct-2507-q4_K_M,0,d1-health-c,D1-P2,D1,es_rioplatense,Rioplatense voseo,a_first,deliberative_budget_1024,"Cuando tenés menos de 15 puntos de salud, levantá el escudo. Cuando tenés 15 puntos de salud o más, avanzá.",M,S1,M,"Scratchpad:
- Bot 1's health is 15.
- The policy says: ""Cuando tenés menos de 15 puntos de salud, levantá el escudo."" → If health < 15, set shield on.
- But current health is exactly 15, so the condition ""less than 15"" is false.
- Next part: ""Cuando tenés 15 puntos de salud o más, avanzá."" → If health >= 15, move forward.
- Since health is 15, which is >= 15, the condition is true.
- Therefore, the action is to move forward.

FINAL: M",438,M,M,True,True,True,True,False,True,,2785.257,,True,stop,142,367,2455240000,300138000,2780898167
qwen3:30b-a3b-instruct-2507-q4_K_M,0,d3-conjunction-a,D3-P1,D3,es_standard,Tuteo Spanish,b_first,deliberative_budget_1024,"Cuando tienes 15 puntos de salud o más o el escudo está levantado, dispara. Cuando tienes menos de 15 puntos de salud y el escudo está bajo, levanta el escudo.",S1,B,S1,"Let's analyze the state and policy step by step:

1. Current health of bot 1: 10 (less than 15)
2. Shield status of bot 1: false (shield is off)
3. The policy says:
   - If health >= 15 OR shield is on → fire (B)
   - Else (health < 15 AND shield is off) → raise shield (S1)

Since health is 10 (less than 15) and shield is off, the second condition applies: we must raise the shield.

Therefore, the correct command is S1.

FINAL: S1",434,S1,S1,True,True,True,True,False,True,,2662.631,,True,stop,132,378,2322261000,307156000,2658991500
qwen3:30b-a3b-instruct-2507-q4_K_M,0,d1-health-a,D1-P2,D1,es_rioplatense,Rioplatense voseo,b_first,deliberative_budget_1024,"Cuando tenés 15 puntos de salud o más, avanzá. Cuando tenés menos de 15 puntos de salud, levantá el escudo.",S1,M,S1,"Scratchpad:
- Bot 1's health is 5, which is less than 15.
- According to the policy: ""Cuando tenés menos de 15 puntos de salud, levantá el escudo.""
- Since health < 15, the action should be to set the shield on.
- Therefore, the correct command is S1 (set shield on).

FINAL: S1",278,S1,S1,True,True,True,True,False,True,,1868.225,,True,stop,86,366,1519448000,307479000,1864822584
qwen3:30b-a3b-instruct-2507-q4_K_M,0,d2-health-compare-b,D2-P1,D2,es_rioplatense,Rioplatense voseo,b_first,deliberative_budget_1024,"Cuando tenés tanta o más salud que el rival, dispará. Cuando tenés menos salud que el rival, levantá el escudo.",B,B,S1,"Let's analyze the game state and the policy step by step:

1. **Current health of bot 1 (you):** 20
2. **Current health of bot 2 (opponent):** 10
3. **Comparison:** 20 >= 10 → True (you have more or equal health)

Policy condition:
- ""Cuando tenés tanta o más salud que el rival, dispará."" → If you have as much or more health than the rival, fire.
- Since 20 >= 10, the condition is true → you should fire.

Therefore, the correct action is to fire.

FINAL: B",460,B,B,True,True,True,True,True,False,,2738.663,,True,stop,138,364,2411274000,299882000,2735170375
qwen3:30b-a3b-instruct-2507-q4_K_M,0,d3-xor-shields-a,D3-P2,D3,es_standard,Tuteo Spanish,a_first,deliberative_budget_1024,"Cuando exactamente uno de los dos escudos está levantado, avanza. Cuando los dos escudos están en el mismo estado, dispara.",B,M,B,"Scratchpad:

- Bot 1 (me): shield = false, health = 30, x = 0.2, y = 0.5, rot = 0.0
- Bot 2 (opponent): shield = false, health = 30, x = 0.8, y = 0.5, rot = 180.0

Check shield states:
- Bot 1 shield: false
- Bot 2 shield: false
→ Both shields are off → same state

According to the policy:
- When the two shields are in the same state → shoot (B)
- When exactly one shield is up → move forward (M)

Since both shields are off (same state), we should fire.

FINAL: B",466,B,B,True,True,True,True,False,True,,2976.237,,True,stop,162,364,2732811000,176658000,2971313291
qwen3:30b-a3b-instruct-2507-q4_K_M,0,d1-shield-c,D1-P1,D1,es_standard,Tuteo Spanish,b_first,deliberative_budget_1024,"Cuando tienes el escudo bajo, dispara. Cuando tienes el escudo levantado, bájalo.",S0,B,S0,"Scratchpad:
- Bot 1's current shield state is true (on).
- According to the policy: ""Cuando tienes el escudo levantado, bájalo"" → since the shield is up, we should turn it off.
- Therefore, the correct action is to set the shield off.

FINAL: S0",245,S0,S0,True,True,True,True,False,True,,1431.291,,True,stop,70,356,1219308000,170028000,1425268000
qwen3:30b-a3b-instruct-2507-q4_K_M,0,d5-health-difference-c,D5-P1,D5,es_rioplatense,Rioplatense voseo,a_first,deliberative_budget_1024,"Cuando tenés al menos 10 puntos de salud más que el rival, dispará. Cuando no tenés al menos 10 puntos de salud más que el rival, levantá el escudo.",S1,B,S1,"Let's analyze the game state and the policy step by step.

Game State:
- Bot 1 (you):
  - Health: 10
  - Position: (x=0.2, y=0.5)
  - Rotation: 0.0 degrees
  - Shield: off (false)

- Bot 2 (opponent):
  - Health: 25
  - Position: (x=0.8, y=0.5)
  - Rotation: 180.0 degrees
  - Shield: off (false)

Policy:
1. ""Cuando tenés al menos 10 puntos de salud más que el rival, dispará.""
   - This means: If your health ≥ opponent's health + 10, then fire (B).
   - Your health: 10
   - Opponent's health: 25
   - Is 10 ≥ 25 + 10? → 10 ≥ 35? → No.

2. ""Cuando no tenés al menos 10 puntos de salud más que el rival, levantá el escudo.""
   - This means: If your health < opponent's health + 10, then activate shield (S1).
   - Since 10 < 35 is true, this condition is met.

Therefore, according to the policy, you should set the shield on.

FINAL: S1",839,S1,S1,True,True,True,True,False,True,,5716.929,,True,stop,302,376,5348391000,316537000,5707609875
qwen3:30b-a3b-instruct-2507-q4_K_M,0,d1-shield-b,D1-P1,D1,es_standard,Tuteo Spanish,b_first,deliberative_budget_1024,"Cuando tienes el escudo bajo, dispara. Cuando tienes el escudo levantado, bájalo.",B,B,S0,"Scratchpad:
- Bot 1's current shield state is false (off).
- According to the policy: ""Cuando tienes el escudo bajo, dispara"" → since the shield is down (off), the action should be to fire.
- The second part ""Cuando tienes el escudo levantado, bájalo"" does not apply because the shield is currently off.

Therefore, the correct command is to fire.

FINAL: B",357,B,B,True,True,True,True,True,False,,1922.413,,True,stop,94,357,1539916000,286059000,1917141000
qwen3:30b-a3b-instruct-2507-q4_K_M,0,d3-conjunction-d,D3-P1,D3,es_standard,Tuteo Spanish,b_first,deliberative_budget_1024,"Cuando tienes 15 puntos de salud o más o el escudo está levantado, dispara. Cuando tienes menos de 15 puntos de salud y el escudo está bajo, levanta el escudo.",B,B,S1,"Análisis del estado:

- Bot 1 (tu bot):
  - Salud: 20 (≥ 15)
  - Escudo: activado (true)
  - Posición: (0.2, 0.5)
  - Rotación: 0.0°

- Bot 2 (oponente):
  - Salud: 30
  - Escudo: desactivado (false)
  - Posición: (0.8, 0.5)
  - Rotación: 180.0°

Política:
1. Si tienes 15 puntos de salud o más **o** el escudo está levantado → dispara.
   - Salud = 20 ≥ 15 → condición verdadera → se cumple.
   - Por lo tanto, debes disparar.

2. Si tienes menos de 15 puntos de salud **y** el escudo está bajo → levanta el escudo.
   - No se aplica porque tu salud es 20 (no es < 15).

Conclusión: La condición del disparo se cumple, así que debes disparar.

FINAL: B",653,B,B,True,True,True,True,True,False,,4816.157,,True,stop,256,378,4465399000,321872000,4812488875
qwen3:30b-a3b-instruct-2507-q4_K_M,0,d3-conjunction-b,D3-P1,D3,es_standard,Tuteo Spanish,a_first,deliberative_budget_1024,"Cuando tienes menos de 15 puntos de salud y el escudo está bajo, levanta el escudo. Cuando tienes 15 puntos de salud o más o el escudo está levantado, dispara.",B,S1,B,"Scratchpad:
- Current health of bot 1: 10 (less than 15)
- Current shield status of bot 1: true (shield is on)
- Since the shield is already on, the condition ""when shield is down"" does not apply.
- The second condition applies: ""When you have 15 or more health OR shield is up"" → this is true (shield is up).
- Therefore, according to the policy, the action is to fire.
- Command: B (fire)

FINAL: B",400,B,B,True,True,True,True,False,True,,2258.907,,True,stop,112,378,1978392000,200203000,2254711625
qwen3:30b-a3b-instruct-2507-q4_K_M,0,d5-x-distance-c,D5-P2,D5,es_standard,Tuteo Spanish,b_first,deliberative_budget_1024,"Primero calcula la distancia horizontal entre tu coordenada x y la coordenada x del rival. Cuando la distancia es menor que 0.4, gira 90 grados en sentido horario. Cuando la distancia es de al menos 0.4, avanza 0.1.",M0.1,C90.0,M0.1,"Scratchpad:
- Your x-coordinate: 0.1
- Opponent's x-coordinate: 0.5
- Horizontal distance = |0.5 - 0.1| = 0.4

Condition 1: If distance < 0.4 → False (since 0.4 is not less than 0.4)
Condition 2: Else (distance >= 0.4) → True

So, according to the policy: ""Cuando la distancia es de al menos 0.4, avanza 0.1""

Therefore, the action is: M0.1

FINAL: M0.1",353,M0.1,M0.1,True,True,True,True,False,True,,2784.144,,True,stop,136,394,2419052000,290145000,2779083209
