model,repeat,case_id,task_class,tier,condition,condition_label,instruction,expected_command,raw_response,normalized_command,parsed_kind,parsed_value,valid,action_family_correct,parameter_correct,command_correct,executable_correct,diagnostic_command,diagnostic_method,diagnostic_command_correct,failure_class,latency_ms,error
mistral-small3.2:24b-instruct-2506-q4_K_M,0,d1-health-d,decision_complexity,D1,en,English,"If your health is below 15, raise the shield; otherwise move forward.",M,S1,S1,shield_set,1.0,True,False,,False,False,S1,strict,False,action_error,13522.905,
mistral-small3.2:24b-instruct-2506-q4_K_M,0,d1-health-d,decision_complexity,D1,es_rioplatense,Rioplatense Spanish,"Si tenés menos de 15 puntos de salud, levantá el escudo; si no, avanzá.",M,S1,S1,shield_set,1.0,True,False,,False,False,S1,strict,False,action_error,413.732,
mistral-small3.2:24b-instruct-2506-q4_K_M,0,d1-health-d,decision_complexity,D1,es_standard,standardised Spanish,"Si tienes menos de 15 puntos de salud, levanta el escudo; si no, avanza.",M,S1,S1,shield_set,1.0,True,False,,False,False,S1,strict,False,action_error,393.105,
mistral-small3.2:24b-instruct-2506-q4_K_M,0,d4-priority-health-d,decision_complexity,D4,en,English,"Use this policy in order: if your health is below 10, raise the shield. Otherwise, if the opponent's shield is raised, move forward. Otherwise, fire.",B,S1,S1,shield_set,1.0,True,False,,False,False,S1,strict,False,action_error,1015.44,
mistral-small3.2:24b-instruct-2506-q4_K_M,0,d4-priority-health-d,decision_complexity,D4,es_rioplatense,Rioplatense Spanish,"Aplicá esta política en orden: si tenés menos de 10 puntos de salud, levantá el escudo. Si no, si el rival tiene el escudo levantado, avanzá. En cualquier otro caso, dispará.",B,B,B,shoot,,True,True,,True,True,B,strict,True,correct,520.222,
mistral-small3.2:24b-instruct-2506-q4_K_M,0,d4-priority-health-d,decision_complexity,D4,es_standard,standardised Spanish,"Aplica esta política en orden: si tienes menos de 10 puntos de salud, levanta el escudo. Si no, si el rival tiene el escudo levantado, avanza. En cualquier otro caso, dispara.",B,B,B,shoot,,True,True,,True,True,B,strict,True,correct,518.25,
mistral-small3.2:24b-instruct-2506-q4_K_M,0,d1-shield-b,decision_complexity,D1,es_standard,standardised Spanish,"Si tienes el escudo levantado, bájalo; si no, dispara.",B,B,B,shoot,,True,True,,True,True,B,strict,True,correct,936.941,
mistral-small3.2:24b-instruct-2506-q4_K_M,0,d1-shield-b,decision_complexity,D1,es_rioplatense,Rioplatense Spanish,"Si tenés el escudo levantado, bajalo; si no, dispará.",B,S,S,shield_toggle,,True,False,,False,False,S,strict,False,action_error,332.268,
mistral-small3.2:24b-instruct-2506-q4_K_M,0,d1-shield-b,decision_complexity,D1,en,English,"If your shield is raised, lower it; otherwise fire.",B,B,B,shoot,,True,True,,True,True,B,strict,True,correct,330.587,
mistral-small3.2:24b-instruct-2506-q4_K_M,0,d5-x-distance-a,decision_complexity,D5,en,English,"Compute the horizontal distance between your x coordinate and the opponent's x coordinate. If it is at least 0.4, move forward 0.1; otherwise turn clockwise 90 degrees.",M0.1,M0.1,M0.1,move,0.1,True,True,True,True,True,M0.1,strict,True,correct,1378.535,
mistral-small3.2:24b-instruct-2506-q4_K_M,0,d5-x-distance-a,decision_complexity,D5,es_standard,standardised Spanish,"Calcula la distancia horizontal entre tu coordenada x y la coordenada x del rival. Si es de al menos 0.4, avanza 0.1; si no, gira 90 grados en sentido horario.",M0.1,B,B,shoot,,True,False,False,False,False,B,strict,False,action_error,520.196,
mistral-small3.2:24b-instruct-2506-q4_K_M,0,d5-x-distance-a,decision_complexity,D5,es_rioplatense,Rioplatense Spanish,"Calculá la distancia horizontal entre tu coordenada x y la coordenada x del rival. Si es de al menos 0.4, avanzá 0.1; si no, girá 90 grados en sentido horario.",M0.1,M0.1,M0.1,move,0.1,True,True,True,True,True,M0.1,strict,True,correct,714.271,
mistral-small3.2:24b-instruct-2506-q4_K_M,0,d3-conjunction-a,decision_complexity,D3,es_standard,standardised Spanish,"Si tienes menos de 15 puntos de salud y el escudo está bajo, levanta el escudo; si no, dispara.",S1,S1,S1,shield_set,1.0,True,True,True,True,True,S1,strict,True,correct,1003.964,
mistral-small3.2:24b-instruct-2506-q4_K_M,0,d3-conjunction-a,decision_complexity,D3,en,English,"If your health is below 15 and your shield is down, raise the shield; otherwise fire.",S1,S1,S1,shield_set,1.0,True,True,True,True,True,S1,strict,True,correct,393.48,
mistral-small3.2:24b-instruct-2506-q4_K_M,0,d3-conjunction-a,decision_complexity,D3,es_rioplatense,Rioplatense Spanish,"Si tenés menos de 15 puntos de salud y el escudo está bajo, levantá el escudo; si no, dispará.",S1,S1,S1,shield_set,1.0,True,True,True,True,True,S1,strict,True,correct,397.88,
mistral-small3.2:24b-instruct-2506-q4_K_M,0,d3-xor-shields-d,decision_complexity,D3,es_standard,standardised Spanish,"Si exactamente uno de los dos escudos está levantado, avanza; si no, dispara.",B,B,B,shoot,,True,True,,True,True,B,strict,True,correct,934.577,
mistral-small3.2:24b-instruct-2506-q4_K_M,0,d3-xor-shields-d,decision_complexity,D3,en,English,"If exactly one of the two shields is raised, move forward; otherwise fire.",B,B,B,shoot,,True,True,,True,True,B,strict,True,correct,336.439,
mistral-small3.2:24b-instruct-2506-q4_K_M,0,d3-xor-shields-d,decision_complexity,D3,es_rioplatense,Rioplatense Spanish,"Si exactamente uno de los dos escudos está levantado, avanzá; si no, dispará.",B,B,B,shoot,,True,True,,True,True,B,strict,True,correct,330.641,
mistral-small3.2:24b-instruct-2506-q4_K_M,0,d6-distance-composite-a,decision_complexity,D6,es_rioplatense,Rioplatense Spanish,"Primero calculá la distancia horizontal entre vos y el rival. Si la distancia es de al menos 0.4: si tenés menos salud que el rival, levantá el escudo; si no, avanzá 0.1. Si la distancia es menor que 0.4: si el rival tiene el escudo bajo, dispará; si no, girá 90 grados en sentido antihorario.",S1,B,B,shoot,,True,False,False,False,False,B,strict,False,action_error,1531.626,
mistral-small3.2:24b-instruct-2506-q4_K_M,0,d6-distance-composite-a,decision_complexity,D6,en,English,"First compute the horizontal distance between you and the opponent. If the distance is at least 0.4: if your health is lower than the opponent's, raise the shield; otherwise move forward 0.1. If the distance is below 0.4: if the opponent's shield is down, fire; otherwise turn counterclockwise 90 degrees.",S1,M0.1,M0.1,move,0.1,True,False,False,False,False,M0.1,strict,False,action_error,946.122,
mistral-small3.2:24b-instruct-2506-q4_K_M,0,d6-distance-composite-a,decision_complexity,D6,es_standard,standardised Spanish,"Primero calcula la distancia horizontal entre tú y el rival. Si la distancia es de al menos 0.4: si tienes menos salud que el rival, levanta el escudo; si no, avanza 0.1. Si la distancia es menor que 0.4: si el rival tiene el escudo bajo, dispara; si no, gira 90 grados en sentido antihorario.",S1,M0.1,M0.1,move,0.1,True,False,False,False,False,M0.1,strict,False,action_error,962.11,
mistral-small3.2:24b-instruct-2506-q4_K_M,0,d3-conjunction-c,decision_complexity,D3,en,English,"If your health is below 15 and your shield is down, raise the shield; otherwise fire.",B,S1,S1,shield_set,1.0,True,False,,False,False,S1,strict,False,action_error,1001.436,
mistral-small3.2:24b-instruct-2506-q4_K_M,0,d3-conjunction-c,decision_complexity,D3,es_standard,standardised Spanish,"Si tienes menos de 15 puntos de salud y el escudo está bajo, levanta el escudo; si no, dispara.",B,S1,S1,shield_set,1.0,True,False,,False,False,S1,strict,False,action_error,399.378,
mistral-small3.2:24b-instruct-2506-q4_K_M,0,d3-conjunction-c,decision_complexity,D3,es_rioplatense,Rioplatense Spanish,"Si tenés menos de 15 puntos de salud y el escudo está bajo, levantá el escudo; si no, dispará.",B,S1,S1,shield_set,1.0,True,False,,False,False,S1,strict,False,action_error,398.154,
mistral-small3.2:24b-instruct-2506-q4_K_M,0,d4-priority-shield-b,decision_complexity,D4,es_rioplatense,Rioplatense Spanish,"Aplicá esta política en orden: si tenés el escudo levantado, bajalo. Si no, si el rival tiene menos de 10 puntos de salud, dispará. En cualquier otro caso, levantá el escudo.",B,S0,S0,shield_set,0.0,True,False,,False,False,S0,strict,False,action_error,1260.59,
mistral-small3.2:24b-instruct-2506-q4_K_M,0,d4-priority-shield-b,decision_complexity,D4,es_standard,standardised Spanish,"Aplica esta política en orden: si tienes el escudo levantado, bájalo. Si no, si el rival tiene menos de 10 puntos de salud, dispara. En cualquier otro caso, levanta el escudo.",B,S0,S0,shield_set,0.0,True,False,,False,False,S0,strict,False,action_error,580.75,
mistral-small3.2:24b-instruct-2506-q4_K_M,0,d4-priority-shield-b,decision_complexity,D4,en,English,"Use this policy in order: if your shield is raised, lower it. Otherwise, if the opponent has less than 10 health, fire. Otherwise, raise your shield.",B,S0,S0,shield_set,0.0,True,False,,False,False,S0,strict,False,action_error,573.886,
mistral-small3.2:24b-instruct-2506-q4_K_M,0,d4-priority-health-c,decision_complexity,D4,en,English,"Use this policy in order: if your health is below 10, raise the shield. Otherwise, if the opponent's shield is raised, move forward. Otherwise, fire.",M,S1,S1,shield_set,1.0,True,False,,False,False,S1,strict,False,action_error,1254.449,
mistral-small3.2:24b-instruct-2506-q4_K_M,0,d4-priority-health-c,decision_complexity,D4,es_standard,standardised Spanish,"Aplica esta política en orden: si tienes menos de 10 puntos de salud, levanta el escudo. Si no, si el rival tiene el escudo levantado, avanza. En cualquier otro caso, dispara.",M,B,B,shoot,,True,False,,False,False,B,strict,False,action_error,520.171,
mistral-small3.2:24b-instruct-2506-q4_K_M,0,d4-priority-health-c,decision_complexity,D4,es_rioplatense,Rioplatense Spanish,"Aplicá esta política en orden: si tenés menos de 10 puntos de salud, levantá el escudo. Si no, si el rival tiene el escudo levantado, avanzá. En cualquier otro caso, dispará.",M,B,B,shoot,,True,False,,False,False,B,strict,False,action_error,517.516,
mistral-small3.2:24b-instruct-2506-q4_K_M,0,d5-x-distance-d,decision_complexity,D5,en,English,"Compute the horizontal distance between your x coordinate and the opponent's x coordinate. If it is at least 0.4, move forward 0.1; otherwise turn clockwise 90 degrees.",C90.0,M0.1,M0.1,move,0.1,True,False,False,False,False,M0.1,strict,False,action_error,1388.096,
mistral-small3.2:24b-instruct-2506-q4_K_M,0,d5-x-distance-d,decision_complexity,D5,es_rioplatense,Rioplatense Spanish,"Calculá la distancia horizontal entre tu coordenada x y la coordenada x del rival. Si es de al menos 0.4, avanzá 0.1; si no, girá 90 grados en sentido horario.",C90.0,B,B,shoot,,True,False,False,False,False,B,strict,False,action_error,520.089,
mistral-small3.2:24b-instruct-2506-q4_K_M,0,d5-x-distance-d,decision_complexity,D5,es_standard,standardised Spanish,"Calcula la distancia horizontal entre tu coordenada x y la coordenada x del rival. Si es de al menos 0.4, avanza 0.1; si no, gira 90 grados en sentido horario.",C90.0,B,B,shoot,,True,False,False,False,False,B,strict,False,action_error,520.838,
mistral-small3.2:24b-instruct-2506-q4_K_M,0,d4-priority-shield-c,decision_complexity,D4,en,English,"Use this policy in order: if your shield is raised, lower it. Otherwise, if the opponent has less than 10 health, fire. Otherwise, raise your shield.",S1,S0,S0,shield_set,0.0,True,True,False,False,False,S0,strict,False,action_error,992.897,
mistral-small3.2:24b-instruct-2506-q4_K_M,0,d4-priority-shield-c,decision_complexity,D4,es_standard,standardised Spanish,"Aplica esta política en orden: si tienes el escudo levantado, bájalo. Si no, si el rival tiene menos de 10 puntos de salud, dispara. En cualquier otro caso, levanta el escudo.",S1,S0,S0,shield_set,0.0,True,True,False,False,False,S0,strict,False,action_error,596.626,
mistral-small3.2:24b-instruct-2506-q4_K_M,0,d4-priority-shield-c,decision_complexity,D4,es_rioplatense,Rioplatense Spanish,"Aplicá esta política en orden: si tenés el escudo levantado, bajalo. Si no, si el rival tiene menos de 10 puntos de salud, dispará. En cualquier otro caso, levantá el escudo.",S1,S0,S0,shield_set,0.0,True,True,False,False,False,S0,strict,False,action_error,584.894,
mistral-small3.2:24b-instruct-2506-q4_K_M,0,d6-distance-composite-b,decision_complexity,D6,en,English,"First compute the horizontal distance between you and the opponent. If the distance is at least 0.4: if your health is lower than the opponent's, raise the shield; otherwise move forward 0.1. If the distance is below 0.4: if the opponent's shield is down, fire; otherwise turn counterclockwise 90 degrees.",M0.1,M0.1,M0.1,move,0.1,True,True,True,True,True,M0.1,strict,True,correct,1723.153,
mistral-small3.2:24b-instruct-2506-q4_K_M,0,d6-distance-composite-b,decision_complexity,D6,es_standard,standardised Spanish,"Primero calcula la distancia horizontal entre tú y el rival. Si la distancia es de al menos 0.4: si tienes menos salud que el rival, levanta el escudo; si no, avanza 0.1. Si la distancia es menor que 0.4: si el rival tiene el escudo bajo, dispara; si no, gira 90 grados en sentido antihorario.",M0.1,M0.1,M0.1,move,0.1,True,True,True,True,True,M0.1,strict,True,correct,1004.834,
mistral-small3.2:24b-instruct-2506-q4_K_M,0,d6-distance-composite-b,decision_complexity,D6,es_rioplatense,Rioplatense Spanish,"Primero calculá la distancia horizontal entre vos y el rival. Si la distancia es de al menos 0.4: si tenés menos salud que el rival, levantá el escudo; si no, avanzá 0.1. Si la distancia es menor que 0.4: si el rival tiene el escudo bajo, dispará; si no, girá 90 grados en sentido antihorario.",M0.1,B,B,shoot,,True,False,False,False,False,B,strict,False,action_error,805.484,
mistral-small3.2:24b-instruct-2506-q4_K_M,0,d6-priority-composite-d,decision_complexity,D6,es_standard,standardised Spanish,"Aplica estas reglas en orden. Primero, si tienes el escudo levantado, bájalo. Si no, si el rival tiene 10 puntos de salud o menos, dispara. Si no, si tu salud es menor o igual que la del rival, levanta el escudo. En cualquier otro caso, avanza 0.1.",M0.1,S0,S0,shield_set,0.0,True,False,False,False,False,S0,strict,False,action_error,1323.429,
mistral-small3.2:24b-instruct-2506-q4_K_M,0,d6-priority-composite-d,decision_complexity,D6,en,English,"Apply these rules in order. First, if your shield is raised, lower it. Otherwise, if the opponent has 10 health or less, fire. Otherwise, if your health is less than or equal to the opponent's health, raise the shield. Otherwise, move forward 0.1.",M0.1,S0,S0,shield_set,0.0,True,False,False,False,False,S0,strict,False,action_error,635.755,
mistral-small3.2:24b-instruct-2506-q4_K_M,0,d6-priority-composite-d,decision_complexity,D6,es_rioplatense,Rioplatense Spanish,"Aplicá estas reglas en orden. Primero, si tenés el escudo levantado, bajalo. Si no, si el rival tiene 10 puntos de salud o menos, dispará. Si no, si tu salud es menor o igual que la del rival, levantá el escudo. En cualquier otro caso, avanzá 0.1.",M0.1,S0,S0,shield_set,0.0,True,False,False,False,False,S0,strict,False,action_error,844.831,
mistral-small3.2:24b-instruct-2506-q4_K_M,0,d4-priority-health-a,decision_complexity,D4,es_standard,standardised Spanish,"Aplica esta política en orden: si tienes menos de 10 puntos de salud, levanta el escudo. Si no, si el rival tiene el escudo levantado, avanza. En cualquier otro caso, dispara.",S1,S1,S1,shield_set,1.0,True,True,True,True,True,S1,strict,True,correct,1382.762,
mistral-small3.2:24b-instruct-2506-q4_K_M,0,d4-priority-health-a,decision_complexity,D4,es_rioplatense,Rioplatense Spanish,"Aplicá esta política en orden: si tenés menos de 10 puntos de salud, levantá el escudo. Si no, si el rival tiene el escudo levantado, avanzá. En cualquier otro caso, dispará.",S1,S1,S1,shield_set,1.0,True,True,True,True,True,S1,strict,True,correct,638.684,
mistral-small3.2:24b-instruct-2506-q4_K_M,0,d4-priority-health-a,decision_complexity,D4,en,English,"Use this policy in order: if your health is below 10, raise the shield. Otherwise, if the opponent's shield is raised, move forward. Otherwise, fire.",S1,S1,S1,shield_set,1.0,True,True,True,True,True,S1,strict,True,correct,590.711,
mistral-small3.2:24b-instruct-2506-q4_K_M,0,d5-health-difference-a,decision_complexity,D5,es_rioplatense,Rioplatense Spanish,"Si tenés al menos 10 puntos de salud más que el rival, dispará; si no, levantá el escudo.",B,B,B,shoot,,True,True,,True,True,B,strict,True,correct,1050.841,
mistral-small3.2:24b-instruct-2506-q4_K_M,0,d5-health-difference-a,decision_complexity,D5,en,English,"If your health is at least 10 points higher than the opponent's health, fire; otherwise raise the shield.",B,B,B,shoot,,True,True,,True,True,B,strict,True,correct,363.265,
mistral-small3.2:24b-instruct-2506-q4_K_M,0,d5-health-difference-a,decision_complexity,D5,es_standard,standardised Spanish,"Si tienes al menos 10 puntos de salud más que el rival, dispara; si no, levanta el escudo.",B,B,B,shoot,,True,True,,True,True,B,strict,True,correct,342.591,
mistral-small3.2:24b-instruct-2506-q4_K_M,0,d2-x-compare-b,decision_complexity,D2,en,English,"If your x coordinate is greater than the opponent's x coordinate, turn counterclockwise 90 degrees; otherwise turn clockwise 90 degrees.",C90.0,A90,A90.0,rotate_ccw,90.0,True,False,True,False,False,A90.0,strict,False,action_error,959.406,
mistral-small3.2:24b-instruct-2506-q4_K_M,0,d2-x-compare-b,decision_complexity,D2,es_standard,standardised Spanish,"Si tu coordenada x es mayor que la del rival, gira 90 grados en sentido antihorario; si no, gira 90 grados en sentido horario.",C90.0,A0,A0.0,rotate_ccw,0.0,True,False,False,False,False,A0.0,strict,False,action_error,616.965,
mistral-small3.2:24b-instruct-2506-q4_K_M,0,d2-x-compare-b,decision_complexity,D2,es_rioplatense,Rioplatense Spanish,"Si tu coordenada x es mayor que la del rival, girá 90 grados en sentido antihorario; si no, girá 90 grados en sentido horario.",C90.0,A90,A90.0,rotate_ccw,90.0,True,False,True,False,False,A90.0,strict,False,action_error,488.403,
mistral-small3.2:24b-instruct-2506-q4_K_M,0,d6-priority-composite-c,decision_complexity,D6,es_standard,standardised Spanish,"Aplica estas reglas en orden. Primero, si tienes el escudo levantado, bájalo. Si no, si el rival tiene 10 puntos de salud o menos, dispara. Si no, si tu salud es menor o igual que la del rival, levanta el escudo. En cualquier otro caso, avanza 0.1.",S1,S0,S0,shield_set,0.0,True,True,False,False,False,S0,strict,False,action_error,1692.655,
mistral-small3.2:24b-instruct-2506-q4_K_M,0,d6-priority-composite-c,decision_complexity,D6,en,English,"Apply these rules in order. First, if your shield is raised, lower it. Otherwise, if the opponent has 10 health or less, fire. Otherwise, if your health is less than or equal to the opponent's health, raise the shield. Otherwise, move forward 0.1.",S1,S0,S0,shield_set,0.0,True,True,False,False,False,S0,strict,False,action_error,639.021,
mistral-small3.2:24b-instruct-2506-q4_K_M,0,d6-priority-composite-c,decision_complexity,D6,es_rioplatense,Rioplatense Spanish,"Aplicá estas reglas en orden. Primero, si tenés el escudo levantado, bajalo. Si no, si el rival tiene 10 puntos de salud o menos, dispará. Si no, si tu salud es menor o igual que la del rival, levantá el escudo. En cualquier otro caso, avanzá 0.1.",S1,S0,S0,shield_set,0.0,True,True,False,False,False,S0,strict,False,action_error,911.954,
mistral-small3.2:24b-instruct-2506-q4_K_M,0,d6-priority-composite-b,decision_complexity,D6,es_rioplatense,Rioplatense Spanish,"Aplicá estas reglas en orden. Primero, si tenés el escudo levantado, bajalo. Si no, si el rival tiene 10 puntos de salud o menos, dispará. Si no, si tu salud es menor o igual que la del rival, levantá el escudo. En cualquier otro caso, avanzá 0.1.",B,S0,S0,shield_set,0.0,True,False,,False,False,S0,strict,False,action_error,1712.932,
mistral-small3.2:24b-instruct-2506-q4_K_M,0,d6-priority-composite-b,decision_complexity,D6,es_standard,standardised Spanish,"Aplica estas reglas en orden. Primero, si tienes el escudo levantado, bájalo. Si no, si el rival tiene 10 puntos de salud o menos, dispara. Si no, si tu salud es menor o igual que la del rival, levanta el escudo. En cualquier otro caso, avanza 0.1.",B,S0,S0,shield_set,0.0,True,False,,False,False,S0,strict,False,action_error,898.123,
mistral-small3.2:24b-instruct-2506-q4_K_M,0,d6-priority-composite-b,decision_complexity,D6,en,English,"Apply these rules in order. First, if your shield is raised, lower it. Otherwise, if the opponent has 10 health or less, fire. Otherwise, if your health is less than or equal to the opponent's health, raise the shield. Otherwise, move forward 0.1.",B,S0,S0,shield_set,0.0,True,False,,False,False,S0,strict,False,action_error,646.15,
mistral-small3.2:24b-instruct-2506-q4_K_M,0,d2-health-compare-b,decision_complexity,D2,en,English,"If your health is lower than the opponent's health, raise the shield; otherwise fire.",B,S1,S1,shield_set,1.0,True,False,,False,False,S1,strict,False,action_error,1189.283,
mistral-small3.2:24b-instruct-2506-q4_K_M,0,d2-health-compare-b,decision_complexity,D2,es_rioplatense,Rioplatense Spanish,"Si tenés menos salud que el rival, levantá el escudo; si no, dispará.",B,S1,S1,shield_set,1.0,True,False,,False,False,S1,strict,False,action_error,478.928,
mistral-small3.2:24b-instruct-2506-q4_K_M,0,d2-health-compare-b,decision_complexity,D2,es_standard,standardised Spanish,"Si tienes menos salud que el rival, levanta el escudo; si no, dispara.",B,S1,S1,shield_set,1.0,True,False,,False,False,S1,strict,False,action_error,478.658,
mistral-small3.2:24b-instruct-2506-q4_K_M,0,d2-x-compare-d,decision_complexity,D2,es_standard,standardised Spanish,"Si tu coordenada x es mayor que la del rival, gira 90 grados en sentido antihorario; si no, gira 90 grados en sentido horario.",A90.0,A90,A90.0,rotate_ccw,90.0,True,True,True,True,True,A90.0,strict,True,correct,1555.546,
mistral-small3.2:24b-instruct-2506-q4_K_M,0,d2-x-compare-d,decision_complexity,D2,en,English,"If your x coordinate is greater than the opponent's x coordinate, turn counterclockwise 90 degrees; otherwise turn clockwise 90 degrees.",A90.0,A90,A90.0,rotate_ccw,90.0,True,True,True,True,True,A90.0,strict,True,correct,532.098,
mistral-small3.2:24b-instruct-2506-q4_K_M,0,d2-x-compare-d,decision_complexity,D2,es_rioplatense,Rioplatense Spanish,"Si tu coordenada x es mayor que la del rival, girá 90 grados en sentido antihorario; si no, girá 90 grados en sentido horario.",A90.0,A90,A90.0,rotate_ccw,90.0,True,True,True,True,True,A90.0,strict,True,correct,723.985,
mistral-small3.2:24b-instruct-2506-q4_K_M,0,d5-x-distance-c,decision_complexity,D5,es_standard,standardised Spanish,"Calcula la distancia horizontal entre tu coordenada x y la coordenada x del rival. Si es de al menos 0.4, avanza 0.1; si no, gira 90 grados en sentido horario.",M0.1,B,B,shoot,,True,False,False,False,False,B,strict,False,action_error,1077.116,
mistral-small3.2:24b-instruct-2506-q4_K_M,0,d5-x-distance-c,decision_complexity,D5,es_rioplatense,Rioplatense Spanish,"Calculá la distancia horizontal entre tu coordenada x y la coordenada x del rival. Si es de al menos 0.4, avanzá 0.1; si no, girá 90 grados en sentido horario.",M0.1,B,B,shoot,,True,False,False,False,False,B,strict,False,action_error,625.282,
mistral-small3.2:24b-instruct-2506-q4_K_M,0,d5-x-distance-c,decision_complexity,D5,en,English,"Compute the horizontal distance between your x coordinate and the opponent's x coordinate. If it is at least 0.4, move forward 0.1; otherwise turn clockwise 90 degrees.",M0.1,M0.1,M0.1,move,0.1,True,True,True,True,True,M0.1,strict,True,correct,844.018,
mistral-small3.2:24b-instruct-2506-q4_K_M,0,d3-conjunction-d,decision_complexity,D3,en,English,"If your health is below 15 and your shield is down, raise the shield; otherwise fire.",B,B,B,shoot,,True,True,,True,True,B,strict,True,correct,1146.475,
mistral-small3.2:24b-instruct-2506-q4_K_M,0,d3-conjunction-d,decision_complexity,D3,es_standard,standardised Spanish,"Si tienes menos de 15 puntos de salud y el escudo está bajo, levanta el escudo; si no, dispara.",B,B,B,shoot,,True,True,,True,True,B,strict,True,correct,414.254,
mistral-small3.2:24b-instruct-2506-q4_K_M,0,d3-conjunction-d,decision_complexity,D3,es_rioplatense,Rioplatense Spanish,"Si tenés menos de 15 puntos de salud y el escudo está bajo, levantá el escudo; si no, dispará.",B,S1,S1,shield_set,1.0,True,False,,False,False,S1,strict,False,action_error,481.435,
mistral-small3.2:24b-instruct-2506-q4_K_M,0,d5-health-difference-d,decision_complexity,D5,en,English,"If your health is at least 10 points higher than the opponent's health, fire; otherwise raise the shield.",B,B,B,shoot,,True,True,,True,True,B,strict,True,correct,1147.194,
mistral-small3.2:24b-instruct-2506-q4_K_M,0,d5-health-difference-d,decision_complexity,D5,es_rioplatense,Rioplatense Spanish,"Si tenés al menos 10 puntos de salud más que el rival, dispará; si no, levantá el escudo.",B,B,B,shoot,,True,True,,True,True,B,strict,True,correct,407.51,
mistral-small3.2:24b-instruct-2506-q4_K_M,0,d5-health-difference-d,decision_complexity,D5,es_standard,standardised Spanish,"Si tienes al menos 10 puntos de salud más que el rival, dispara; si no, levanta el escudo.",B,B,B,shoot,,True,True,,True,True,B,strict,True,correct,394.81,
mistral-small3.2:24b-instruct-2506-q4_K_M,0,d5-health-difference-b,decision_complexity,D5,en,English,"If your health is at least 10 points higher than the opponent's health, fire; otherwise raise the shield.",S1,B,B,shoot,,True,False,False,False,False,B,strict,False,action_error,1142.145,
mistral-small3.2:24b-instruct-2506-q4_K_M,0,d5-health-difference-b,decision_complexity,D5,es_standard,standardised Spanish,"Si tienes al menos 10 puntos de salud más que el rival, dispara; si no, levanta el escudo.",S1,B,B,shoot,,True,False,False,False,False,B,strict,False,action_error,402.193,
mistral-small3.2:24b-instruct-2506-q4_K_M,0,d5-health-difference-b,decision_complexity,D5,es_rioplatense,Rioplatense Spanish,"Si tenés al menos 10 puntos de salud más que el rival, dispará; si no, levantá el escudo.",S1,B,B,shoot,,True,False,False,False,False,B,strict,False,action_error,393.762,
mistral-small3.2:24b-instruct-2506-q4_K_M,0,d1-shield-c,decision_complexity,D1,en,English,"If your shield is raised, lower it; otherwise fire.",S0,S0,S0,shield_set,0.0,True,True,True,True,True,S0,strict,True,correct,1212.882,
mistral-small3.2:24b-instruct-2506-q4_K_M,0,d1-shield-c,decision_complexity,D1,es_rioplatense,Rioplatense Spanish,"Si tenés el escudo levantado, bajalo; si no, dispará.",S0,S,S,shield_toggle,,True,False,False,False,True,S,strict,False,action_error,408.826,
mistral-small3.2:24b-instruct-2506-q4_K_M,0,d1-shield-c,decision_complexity,D1,es_standard,standardised Spanish,"Si tienes el escudo levantado, bájalo; si no, dispara.",S0,S,S,shield_toggle,,True,False,False,False,True,S,strict,False,action_error,405.7,
mistral-small3.2:24b-instruct-2506-q4_K_M,0,d5-health-difference-c,decision_complexity,D5,es_rioplatense,Rioplatense Spanish,"Si tenés al menos 10 puntos de salud más que el rival, dispará; si no, levantá el escudo.",S1,B,B,shoot,,True,False,False,False,False,B,strict,False,action_error,1176.524,
mistral-small3.2:24b-instruct-2506-q4_K_M,0,d5-health-difference-c,decision_complexity,D5,es_standard,standardised Spanish,"Si tienes al menos 10 puntos de salud más que el rival, dispara; si no, levanta el escudo.",S1,B,B,shoot,,True,False,False,False,False,B,strict,False,action_error,419.207,
mistral-small3.2:24b-instruct-2506-q4_K_M,0,d5-health-difference-c,decision_complexity,D5,en,English,"If your health is at least 10 points higher than the opponent's health, fire; otherwise raise the shield.",S1,S1,S1,shield_set,1.0,True,True,True,True,True,S1,strict,True,correct,486.091,
mistral-small3.2:24b-instruct-2506-q4_K_M,0,d5-x-distance-b,decision_complexity,D5,es_rioplatense,Rioplatense Spanish,"Calculá la distancia horizontal entre tu coordenada x y la coordenada x del rival. Si es de al menos 0.4, avanzá 0.1; si no, girá 90 grados en sentido horario.",C90.0,M0.1,M0.1,move,0.1,True,False,False,False,False,M0.1,strict,False,action_error,1761.696,
mistral-small3.2:24b-instruct-2506-q4_K_M,0,d5-x-distance-b,decision_complexity,D5,en,English,"Compute the horizontal distance between your x coordinate and the opponent's x coordinate. If it is at least 0.4, move forward 0.1; otherwise turn clockwise 90 degrees.",C90.0,M0.1,M0.1,move,0.1,True,False,False,False,False,M0.1,strict,False,action_error,900.578,
mistral-small3.2:24b-instruct-2506-q4_K_M,0,d5-x-distance-b,decision_complexity,D5,es_standard,standardised Spanish,"Calcula la distancia horizontal entre tu coordenada x y la coordenada x del rival. Si es de al menos 0.4, avanza 0.1; si no, gira 90 grados en sentido horario.",C90.0,B,B,shoot,,True,False,False,False,False,B,strict,False,action_error,678.546,
mistral-small3.2:24b-instruct-2506-q4_K_M,0,d4-priority-shield-a,decision_complexity,D4,en,English,"Use this policy in order: if your shield is raised, lower it. Otherwise, if the opponent has less than 10 health, fire. Otherwise, raise your shield.",S0,S0,S0,shield_set,0.0,True,True,True,True,True,S0,strict,True,correct,1318.117,
mistral-small3.2:24b-instruct-2506-q4_K_M,0,d4-priority-shield-a,decision_complexity,D4,es_standard,standardised Spanish,"Aplica esta política en orden: si tienes el escudo levantado, bájalo. Si no, si el rival tiene menos de 10 puntos de salud, dispara. En cualquier otro caso, levanta el escudo.",S0,S0,S0,shield_set,0.0,True,True,True,True,True,S0,strict,True,correct,880.257,
mistral-small3.2:24b-instruct-2506-q4_K_M,0,d4-priority-shield-a,decision_complexity,D4,es_rioplatense,Rioplatense Spanish,"Aplicá esta política en orden: si tenés el escudo levantado, bajalo. Si no, si el rival tiene menos de 10 puntos de salud, dispará. En cualquier otro caso, levantá el escudo.",S0,S0,S0,shield_set,0.0,True,True,True,True,True,S0,strict,True,correct,697.316,
mistral-small3.2:24b-instruct-2506-q4_K_M,0,d1-health-b,decision_complexity,D1,es_standard,standardised Spanish,"Si tienes menos de 15 puntos de salud, levanta el escudo; si no, avanza.",S1,S1,S1,shield_set,1.0,True,True,True,True,True,S1,strict,True,correct,1203.708,
mistral-small3.2:24b-instruct-2506-q4_K_M,0,d1-health-b,decision_complexity,D1,en,English,"If your health is below 15, raise the shield; otherwise move forward.",S1,S1,S1,shield_set,1.0,True,True,True,True,True,S1,strict,True,correct,479.055,
mistral-small3.2:24b-instruct-2506-q4_K_M,0,d1-health-b,decision_complexity,D1,es_rioplatense,Rioplatense Spanish,"Si tenés menos de 15 puntos de salud, levantá el escudo; si no, avanzá.",S1,S1,S1,shield_set,1.0,True,True,True,True,True,S1,strict,True,correct,480.948,
mistral-small3.2:24b-instruct-2506-q4_K_M,0,d2-health-compare-a,decision_complexity,D2,es_rioplatense,Rioplatense Spanish,"Si tenés menos salud que el rival, levantá el escudo; si no, dispará.",S1,S1,S1,shield_set,1.0,True,True,True,True,True,S1,strict,True,correct,1260.445,
mistral-small3.2:24b-instruct-2506-q4_K_M,0,d2-health-compare-a,decision_complexity,D2,en,English,"If your health is lower than the opponent's health, raise the shield; otherwise fire.",S1,S1,S1,shield_set,1.0,True,True,True,True,True,S1,strict,True,correct,548.929,
mistral-small3.2:24b-instruct-2506-q4_K_M,0,d2-health-compare-a,decision_complexity,D2,es_standard,standardised Spanish,"Si tienes menos salud que el rival, levanta el escudo; si no, dispara.",S1,S1,S1,shield_set,1.0,True,True,True,True,True,S1,strict,True,correct,493.979,
mistral-small3.2:24b-instruct-2506-q4_K_M,0,d4-priority-health-b,decision_complexity,D4,es_rioplatense,Rioplatense Spanish,"Aplicá esta política en orden: si tenés menos de 10 puntos de salud, levantá el escudo. Si no, si el rival tiene el escudo levantado, avanzá. En cualquier otro caso, dispará.",S1,S1,S1,shield_set,1.0,True,True,True,True,True,S1,strict,True,correct,1615.749,
mistral-small3.2:24b-instruct-2506-q4_K_M,0,d4-priority-health-b,decision_complexity,D4,en,English,"Use this policy in order: if your health is below 10, raise the shield. Otherwise, if the opponent's shield is raised, move forward. Otherwise, fire.",S1,S1,S1,shield_set,1.0,True,True,True,True,True,S1,strict,True,correct,747.21,
mistral-small3.2:24b-instruct-2506-q4_K_M,0,d4-priority-health-b,decision_complexity,D4,es_standard,standardised Spanish,"Aplica esta política en orden: si tienes menos de 10 puntos de salud, levanta el escudo. Si no, si el rival tiene el escudo levantado, avanza. En cualquier otro caso, dispara.",S1,S1,S1,shield_set,1.0,True,True,True,True,True,S1,strict,True,correct,734.947,
mistral-small3.2:24b-instruct-2506-q4_K_M,0,d2-health-compare-c,decision_complexity,D2,es_rioplatense,Rioplatense Spanish,"Si tenés menos salud que el rival, levantá el escudo; si no, dispará.",B,S1,S1,shield_set,1.0,True,False,,False,False,S1,strict,False,action_error,1257.131,
mistral-small3.2:24b-instruct-2506-q4_K_M,0,d2-health-compare-c,decision_complexity,D2,en,English,"If your health is lower than the opponent's health, raise the shield; otherwise fire.",B,S1,S1,shield_set,1.0,True,False,,False,False,S1,strict,False,action_error,488.367,
mistral-small3.2:24b-instruct-2506-q4_K_M,0,d2-health-compare-c,decision_complexity,D2,es_standard,standardised Spanish,"Si tienes menos salud que el rival, levanta el escudo; si no, dispara.",B,S1,S1,shield_set,1.0,True,False,,False,False,S1,strict,False,action_error,475.611,
mistral-small3.2:24b-instruct-2506-q4_K_M,0,d2-x-compare-c,decision_complexity,D2,en,English,"If your x coordinate is greater than the opponent's x coordinate, turn counterclockwise 90 degrees; otherwise turn clockwise 90 degrees.",C90.0,A90,A90.0,rotate_ccw,90.0,True,False,True,False,False,A90.0,strict,False,action_error,1314.16,
mistral-small3.2:24b-instruct-2506-q4_K_M,0,d2-x-compare-c,decision_complexity,D2,es_standard,standardised Spanish,"Si tu coordenada x es mayor que la del rival, gira 90 grados en sentido antihorario; si no, gira 90 grados en sentido horario.",C90.0,A0,A0.0,rotate_ccw,0.0,True,False,False,False,False,A0.0,strict,False,action_error,732.01,
mistral-small3.2:24b-instruct-2506-q4_K_M,0,d2-x-compare-c,decision_complexity,D2,es_rioplatense,Rioplatense Spanish,"Si tu coordenada x es mayor que la del rival, girá 90 grados en sentido antihorario; si no, girá 90 grados en sentido horario.",C90.0,A90,A90.0,rotate_ccw,90.0,True,False,True,False,False,A90.0,strict,False,action_error,603.917,
mistral-small3.2:24b-instruct-2506-q4_K_M,0,d3-xor-shields-c,decision_complexity,D3,en,English,"If exactly one of the two shields is raised, move forward; otherwise fire.",M,M,M,move,,True,True,,True,True,M,strict,True,correct,987.19,
mistral-small3.2:24b-instruct-2506-q4_K_M,0,d3-xor-shields-c,decision_complexity,D3,es_rioplatense,Rioplatense Spanish,"Si exactamente uno de los dos escudos está levantado, avanzá; si no, dispará.",M,M,M,move,,True,True,,True,True,M,strict,True,correct,431.029,
mistral-small3.2:24b-instruct-2506-q4_K_M,0,d3-xor-shields-c,decision_complexity,D3,es_standard,standardised Spanish,"Si exactamente uno de los dos escudos está levantado, avanza; si no, dispara.",M,M,M,move,,True,True,,True,True,M,strict,True,correct,419.839,
mistral-small3.2:24b-instruct-2506-q4_K_M,0,d1-shield-d,decision_complexity,D1,en,English,"If your shield is raised, lower it; otherwise fire.",B,B,B,shoot,,True,True,,True,True,B,strict,True,correct,1193.193,
mistral-small3.2:24b-instruct-2506-q4_K_M,0,d1-shield-d,decision_complexity,D1,es_rioplatense,Rioplatense Spanish,"Si tenés el escudo levantado, bajalo; si no, dispará.",B,S,S,shield_toggle,,True,False,,False,False,S,strict,False,action_error,424.646,
mistral-small3.2:24b-instruct-2506-q4_K_M,0,d1-shield-d,decision_complexity,D1,es_standard,standardised Spanish,"Si tienes el escudo levantado, bájalo; si no, dispara.",B,B,B,shoot,,True,True,,True,True,B,strict,True,correct,413.12,
mistral-small3.2:24b-instruct-2506-q4_K_M,0,d1-health-c,decision_complexity,D1,es_rioplatense,Rioplatense Spanish,"Si tenés menos de 15 puntos de salud, levantá el escudo; si no, avanzá.",M,S1,S1,shield_set,1.0,True,False,,False,False,S1,strict,False,action_error,1249.721,
mistral-small3.2:24b-instruct-2506-q4_K_M,0,d1-health-c,decision_complexity,D1,en,English,"If your health is below 15, raise the shield; otherwise move forward.",M,S1,S1,shield_set,1.0,True,False,,False,False,S1,strict,False,action_error,495.298,
mistral-small3.2:24b-instruct-2506-q4_K_M,0,d1-health-c,decision_complexity,D1,es_standard,standardised Spanish,"Si tienes menos de 15 puntos de salud, levanta el escudo; si no, avanza.",M,S1,S1,shield_set,1.0,True,False,,False,False,S1,strict,False,action_error,485.891,
mistral-small3.2:24b-instruct-2506-q4_K_M,0,d3-xor-shields-a,decision_complexity,D3,es_standard,standardised Spanish,"Si exactamente uno de los dos escudos está levantado, avanza; si no, dispara.",B,B,B,shoot,,True,True,,True,True,B,strict,True,correct,1200.819,
mistral-small3.2:24b-instruct-2506-q4_K_M,0,d3-xor-shields-a,decision_complexity,D3,en,English,"If exactly one of the two shields is raised, move forward; otherwise fire.",B,B,B,shoot,,True,True,,True,True,B,strict,True,correct,432.953,
mistral-small3.2:24b-instruct-2506-q4_K_M,0,d3-xor-shields-a,decision_complexity,D3,es_rioplatense,Rioplatense Spanish,"Si exactamente uno de los dos escudos está levantado, avanzá; si no, dispará.",B,B,B,shoot,,True,True,,True,True,B,strict,True,correct,431.126,
mistral-small3.2:24b-instruct-2506-q4_K_M,0,d6-distance-composite-c,decision_complexity,D6,es_standard,standardised Spanish,"Primero calcula la distancia horizontal entre tú y el rival. Si la distancia es de al menos 0.4: si tienes menos salud que el rival, levanta el escudo; si no, avanza 0.1. Si la distancia es menor que 0.4: si el rival tiene el escudo bajo, dispara; si no, gira 90 grados en sentido antihorario.",B,M0.1,M0.1,move,0.1,True,False,,False,False,M0.1,strict,False,action_error,2144.032,
mistral-small3.2:24b-instruct-2506-q4_K_M,0,d6-distance-composite-c,decision_complexity,D6,es_rioplatense,Rioplatense Spanish,"Primero calculá la distancia horizontal entre vos y el rival. Si la distancia es de al menos 0.4: si tenés menos salud que el rival, levantá el escudo; si no, avanzá 0.1. Si la distancia es menor que 0.4: si el rival tiene el escudo bajo, dispará; si no, girá 90 grados en sentido antihorario.",B,B,B,shoot,,True,True,,True,True,B,strict,True,correct,979.307,
mistral-small3.2:24b-instruct-2506-q4_K_M,0,d6-distance-composite-c,decision_complexity,D6,en,English,"First compute the horizontal distance between you and the opponent. If the distance is at least 0.4: if your health is lower than the opponent's, raise the shield; otherwise move forward 0.1. If the distance is below 0.4: if the opponent's shield is down, fire; otherwise turn counterclockwise 90 degrees.",B,M0.1,M0.1,move,0.1,True,False,,False,False,M0.1,strict,False,action_error,1250.309,
mistral-small3.2:24b-instruct-2506-q4_K_M,0,d2-x-compare-a,decision_complexity,D2,en,English,"If your x coordinate is greater than the opponent's x coordinate, turn counterclockwise 90 degrees; otherwise turn clockwise 90 degrees.",A90.0,A90,A90.0,rotate_ccw,90.0,True,True,True,True,True,A90.0,strict,True,correct,1444.926,
mistral-small3.2:24b-instruct-2506-q4_K_M,0,d2-x-compare-a,decision_complexity,D2,es_standard,standardised Spanish,"Si tu coordenada x es mayor que la del rival, gira 90 grados en sentido antihorario; si no, gira 90 grados en sentido horario.",A90.0,A90,A90.0,rotate_ccw,90.0,True,True,True,True,True,A90.0,strict,True,correct,872.76,
mistral-small3.2:24b-instruct-2506-q4_K_M,0,d2-x-compare-a,decision_complexity,D2,es_rioplatense,Rioplatense Spanish,"Si tu coordenada x es mayor que la del rival, girá 90 grados en sentido antihorario; si no, girá 90 grados en sentido horario.",A90.0,A90,A90.0,rotate_ccw,90.0,True,True,True,True,True,A90.0,strict,True,correct,653.574,
mistral-small3.2:24b-instruct-2506-q4_K_M,0,d1-shield-a,decision_complexity,D1,es_standard,standardised Spanish,"Si tienes el escudo levantado, bájalo; si no, dispara.",S0,S0,S0,shield_set,0.0,True,True,True,True,True,S0,strict,True,correct,1510.188,
mistral-small3.2:24b-instruct-2506-q4_K_M,0,d1-shield-a,decision_complexity,D1,es_rioplatense,Rioplatense Spanish,"Si tenés el escudo levantado, bajalo; si no, dispará.",S0,S,S,shield_toggle,,True,False,False,False,True,S,strict,False,action_error,486.977,
mistral-small3.2:24b-instruct-2506-q4_K_M,0,d1-shield-a,decision_complexity,D1,en,English,"If your shield is raised, lower it; otherwise fire.",S0,S0,S0,shield_set,0.0,True,True,True,True,True,S0,strict,True,correct,586.316,
mistral-small3.2:24b-instruct-2506-q4_K_M,0,d6-distance-composite-d,decision_complexity,D6,es_standard,standardised Spanish,"Primero calcula la distancia horizontal entre tú y el rival. Si la distancia es de al menos 0.4: si tienes menos salud que el rival, levanta el escudo; si no, avanza 0.1. Si la distancia es menor que 0.4: si el rival tiene el escudo bajo, dispara; si no, gira 90 grados en sentido antihorario.",A90.0,M0.1,M0.1,move,0.1,True,False,False,False,False,M0.1,strict,False,action_error,2593.213,
mistral-small3.2:24b-instruct-2506-q4_K_M,0,d6-distance-composite-d,decision_complexity,D6,es_rioplatense,Rioplatense Spanish,"Primero calculá la distancia horizontal entre vos y el rival. Si la distancia es de al menos 0.4: si tenés menos salud que el rival, levantá el escudo; si no, avanzá 0.1. Si la distancia es menor que 0.4: si el rival tiene el escudo bajo, dispará; si no, girá 90 grados en sentido antihorario.",A90.0,B,B,shoot,,True,False,False,False,False,B,strict,False,action_error,1124.692,
mistral-small3.2:24b-instruct-2506-q4_K_M,0,d6-distance-composite-d,decision_complexity,D6,en,English,"First compute the horizontal distance between you and the opponent. If the distance is at least 0.4: if your health is lower than the opponent's, raise the shield; otherwise move forward 0.1. If the distance is below 0.4: if the opponent's shield is down, fire; otherwise turn counterclockwise 90 degrees.",A90.0,M0.1,M0.1,move,0.1,True,False,False,False,False,M0.1,strict,False,action_error,1393.164,
mistral-small3.2:24b-instruct-2506-q4_K_M,0,d4-priority-shield-d,decision_complexity,D4,en,English,"Use this policy in order: if your shield is raised, lower it. Otherwise, if the opponent has less than 10 health, fire. Otherwise, raise your shield.",S0,S0,S0,shield_set,0.0,True,True,True,True,True,S0,strict,True,correct,1885.198,
mistral-small3.2:24b-instruct-2506-q4_K_M,0,d4-priority-shield-d,decision_complexity,D4,es_rioplatense,Rioplatense Spanish,"Aplicá esta política en orden: si tenés el escudo levantado, bajalo. Si no, si el rival tiene menos de 10 puntos de salud, dispará. En cualquier otro caso, levantá el escudo.",S0,S0,S0,shield_set,0.0,True,True,True,True,True,S0,strict,True,correct,907.368,
mistral-small3.2:24b-instruct-2506-q4_K_M,0,d4-priority-shield-d,decision_complexity,D4,es_standard,standardised Spanish,"Aplica esta política en orden: si tienes el escudo levantado, bájalo. Si no, si el rival tiene menos de 10 puntos de salud, dispara. En cualquier otro caso, levanta el escudo.",S0,S0,S0,shield_set,0.0,True,True,True,True,True,S0,strict,True,correct,894.949,
mistral-small3.2:24b-instruct-2506-q4_K_M,0,d3-xor-shields-b,decision_complexity,D3,es_rioplatense,Rioplatense Spanish,"Si exactamente uno de los dos escudos está levantado, avanzá; si no, dispará.",M,B,B,shoot,,True,False,,False,False,B,strict,False,action_error,1165.37,
mistral-small3.2:24b-instruct-2506-q4_K_M,0,d3-xor-shields-b,decision_complexity,D3,es_standard,standardised Spanish,"Si exactamente uno de los dos escudos está levantado, avanza; si no, dispara.",M,B,B,shoot,,True,False,,False,False,B,strict,False,action_error,483.97,
mistral-small3.2:24b-instruct-2506-q4_K_M,0,d3-xor-shields-b,decision_complexity,D3,en,English,"If exactly one of the two shields is raised, move forward; otherwise fire.",M,M,M,move,,True,True,,True,True,M,strict,True,correct,483.463,
mistral-small3.2:24b-instruct-2506-q4_K_M,0,d2-health-compare-d,decision_complexity,D2,es_standard,standardised Spanish,"Si tienes menos salud que el rival, levanta el escudo; si no, dispara.",S1,S1,S1,shield_set,1.0,True,True,True,True,True,S1,strict,True,correct,1527.797,
mistral-small3.2:24b-instruct-2506-q4_K_M,0,d2-health-compare-d,decision_complexity,D2,en,English,"If your health is lower than the opponent's health, raise the shield; otherwise fire.",S1,S1,S1,shield_set,1.0,True,True,True,True,True,S1,strict,True,correct,610.52,
mistral-small3.2:24b-instruct-2506-q4_K_M,0,d2-health-compare-d,decision_complexity,D2,es_rioplatense,Rioplatense Spanish,"Si tenés menos salud que el rival, levantá el escudo; si no, dispará.",S1,S1,S1,shield_set,1.0,True,True,True,True,True,S1,strict,True,correct,603.582,
mistral-small3.2:24b-instruct-2506-q4_K_M,0,d6-priority-composite-a,decision_complexity,D6,es_standard,standardised Spanish,"Aplica estas reglas en orden. Primero, si tienes el escudo levantado, bájalo. Si no, si el rival tiene 10 puntos de salud o menos, dispara. Si no, si tu salud es menor o igual que la del rival, levanta el escudo. En cualquier otro caso, avanza 0.1.",S0,S0,S0,shield_set,0.0,True,True,True,True,True,S0,strict,True,correct,2442.719,
mistral-small3.2:24b-instruct-2506-q4_K_M,0,d6-priority-composite-a,decision_complexity,D6,es_rioplatense,Rioplatense Spanish,"Aplicá estas reglas en orden. Primero, si tenés el escudo levantado, bajalo. Si no, si el rival tiene 10 puntos de salud o menos, dispará. Si no, si tu salud es menor o igual que la del rival, levantá el escudo. En cualquier otro caso, avanzá 0.1.",S0,S0,S0,shield_set,0.0,True,True,True,True,True,S0,strict,True,correct,1358.041,
mistral-small3.2:24b-instruct-2506-q4_K_M,0,d6-priority-composite-a,decision_complexity,D6,en,English,"Apply these rules in order. First, if your shield is raised, lower it. Otherwise, if the opponent has 10 health or less, fire. Otherwise, if your health is less than or equal to the opponent's health, raise the shield. Otherwise, move forward 0.1.",S0,S0,S0,shield_set,0.0,True,True,True,True,True,S0,strict,True,correct,951.726,
mistral-small3.2:24b-instruct-2506-q4_K_M,0,d3-conjunction-b,decision_complexity,D3,es_standard,standardised Spanish,"Si tienes menos de 15 puntos de salud y el escudo está bajo, levanta el escudo; si no, dispara.",B,B,B,shoot,,True,True,,True,True,B,strict,True,correct,1513.765,
mistral-small3.2:24b-instruct-2506-q4_K_M,0,d3-conjunction-b,decision_complexity,D3,es_rioplatense,Rioplatense Spanish,"Si tenés menos de 15 puntos de salud y el escudo está bajo, levantá el escudo; si no, dispará.",B,S1,S1,shield_set,1.0,True,False,,False,False,S1,strict,False,action_error,618.713,
mistral-small3.2:24b-instruct-2506-q4_K_M,0,d3-conjunction-b,decision_complexity,D3,en,English,"If your health is below 15 and your shield is down, raise the shield; otherwise fire.",B,S1,S1,shield_set,1.0,True,False,,False,False,S1,strict,False,action_error,629.314,
mistral-small3.2:24b-instruct-2506-q4_K_M,0,d1-health-a,decision_complexity,D1,es_standard,standardised Spanish,"Si tienes menos de 15 puntos de salud, levanta el escudo; si no, avanza.",S1,S1,S1,shield_set,1.0,True,True,True,True,True,S1,strict,True,correct,1672.941,
mistral-small3.2:24b-instruct-2506-q4_K_M,0,d1-health-a,decision_complexity,D1,en,English,"If your health is below 15, raise the shield; otherwise move forward.",S1,S1,S1,shield_set,1.0,True,True,True,True,True,S1,strict,True,correct,677.088,
mistral-small3.2:24b-instruct-2506-q4_K_M,0,d1-health-a,decision_complexity,D1,es_rioplatense,Rioplatense Spanish,"Si tenés menos de 15 puntos de salud, levantá el escudo; si no, avanzá.",S1,S1,S1,shield_set,1.0,True,True,True,True,True,S1,strict,True,correct,662.447,
qwen3:30b-a3b-instruct-2507-q4_K_M,0,d4-priority-shield-c,decision_complexity,D4,en,English,"Use this policy in order: if your shield is raised, lower it. Otherwise, if the opponent has less than 10 health, fire. Otherwise, raise your shield.",S1,S0,S0,shield_set,0.0,True,True,False,False,False,S0,strict,False,action_error,12023.631,
qwen3:30b-a3b-instruct-2507-q4_K_M,0,d4-priority-shield-c,decision_complexity,D4,es_rioplatense,Rioplatense Spanish,"Aplicá esta política en orden: si tenés el escudo levantado, bajalo. Si no, si el rival tiene menos de 10 puntos de salud, dispará. En cualquier otro caso, levantá el escudo.",S1,S0,S0,shield_set,0.0,True,True,False,False,False,S0,strict,False,action_error,274.659,
qwen3:30b-a3b-instruct-2507-q4_K_M,0,d4-priority-shield-c,decision_complexity,D4,es_standard,standardised Spanish,"Aplica esta política en orden: si tienes el escudo levantado, bájalo. Si no, si el rival tiene menos de 10 puntos de salud, dispara. En cualquier otro caso, levanta el escudo.",S1,S0,S0,shield_set,0.0,True,True,False,False,False,S0,strict,False,action_error,292.237,
qwen3:30b-a3b-instruct-2507-q4_K_M,0,d5-health-difference-b,decision_complexity,D5,en,English,"If your health is at least 10 points higher than the opponent's health, fire; otherwise raise the shield.",S1,B,B,shoot,,True,False,False,False,False,B,strict,False,action_error,323.535,
qwen3:30b-a3b-instruct-2507-q4_K_M,0,d5-health-difference-b,decision_complexity,D5,es_standard,standardised Spanish,"Si tienes al menos 10 puntos de salud más que el rival, dispara; si no, levanta el escudo.",S1,B,B,shoot,,True,False,False,False,False,B,strict,False,action_error,218.869,
qwen3:30b-a3b-instruct-2507-q4_K_M,0,d5-health-difference-b,decision_complexity,D5,es_rioplatense,Rioplatense Spanish,"Si tenés al menos 10 puntos de salud más que el rival, dispará; si no, levantá el escudo.",S1,B,B,shoot,,True,False,False,False,False,B,strict,False,action_error,231.864,
qwen3:30b-a3b-instruct-2507-q4_K_M,0,d6-distance-composite-d,decision_complexity,D6,en,English,"First compute the horizontal distance between you and the opponent. If the distance is at least 0.4: if your health is lower than the opponent's, raise the shield; otherwise move forward 0.1. If the distance is below 0.4: if the opponent's shield is down, fire; otherwise turn counterclockwise 90 degrees.",A90.0,S1,S1,shield_set,1.0,True,False,False,False,False,S1,strict,False,action_error,385.349,
qwen3:30b-a3b-instruct-2507-q4_K_M,0,d6-distance-composite-d,decision_complexity,D6,es_rioplatense,Rioplatense Spanish,"Primero calculá la distancia horizontal entre vos y el rival. Si la distancia es de al menos 0.4: si tenés menos salud que el rival, levantá el escudo; si no, avanzá 0.1. Si la distancia es menor que 0.4: si el rival tiene el escudo bajo, dispará; si no, girá 90 grados en sentido antihorario.",A90.0,S1,S1,shield_set,1.0,True,False,False,False,False,S1,strict,False,action_error,312.291,
qwen3:30b-a3b-instruct-2507-q4_K_M,0,d6-distance-composite-d,decision_complexity,D6,es_standard,standardised Spanish,"Primero calcula la distancia horizontal entre tú y el rival. Si la distancia es de al menos 0.4: si tienes menos salud que el rival, levanta el escudo; si no, avanza 0.1. Si la distancia es menor que 0.4: si el rival tiene el escudo bajo, dispara; si no, gira 90 grados en sentido antihorario.",A90.0,S1,S1,shield_set,1.0,True,False,False,False,False,S1,strict,False,action_error,323.889,
qwen3:30b-a3b-instruct-2507-q4_K_M,0,d4-priority-health-a,decision_complexity,D4,es_rioplatense,Rioplatense Spanish,"Aplicá esta política en orden: si tenés menos de 10 puntos de salud, levantá el escudo. Si no, si el rival tiene el escudo levantado, avanzá. En cualquier otro caso, dispará.",S1,S1,S1,shield_set,1.0,True,True,True,True,True,S1,strict,True,correct,366.494,
qwen3:30b-a3b-instruct-2507-q4_K_M,0,d4-priority-health-a,decision_complexity,D4,es_standard,standardised Spanish,"Aplica esta política en orden: si tienes menos de 10 puntos de salud, levanta el escudo. Si no, si el rival tiene el escudo levantado, avanza. En cualquier otro caso, dispara.",S1,S1,S1,shield_set,1.0,True,True,True,True,True,S1,strict,True,correct,266.429,
qwen3:30b-a3b-instruct-2507-q4_K_M,0,d4-priority-health-a,decision_complexity,D4,en,English,"Use this policy in order: if your health is below 10, raise the shield. Otherwise, if the opponent's shield is raised, move forward. Otherwise, fire.",S1,S1,S1,shield_set,1.0,True,True,True,True,True,S1,strict,True,correct,251.004,
qwen3:30b-a3b-instruct-2507-q4_K_M,0,d3-xor-shields-c,decision_complexity,D3,es_rioplatense,Rioplatense Spanish,"Si exactamente uno de los dos escudos está levantado, avanzá; si no, dispará.",M,M,M,move,,True,True,,True,True,M,strict,True,correct,323.95,
qwen3:30b-a3b-instruct-2507-q4_K_M,0,d3-xor-shields-c,decision_complexity,D3,es_standard,standardised Spanish,"Si exactamente uno de los dos escudos está levantado, avanza; si no, dispara.",M,M,M,move,,True,True,,True,True,M,strict,True,correct,147.86,
qwen3:30b-a3b-instruct-2507-q4_K_M,0,d3-xor-shields-c,decision_complexity,D3,en,English,"If exactly one of the two shields is raised, move forward; otherwise fire.",M,M,M,move,,True,True,,True,True,M,strict,True,correct,176.061,
qwen3:30b-a3b-instruct-2507-q4_K_M,0,d5-health-difference-d,decision_complexity,D5,es_standard,standardised Spanish,"Si tienes al menos 10 puntos de salud más que el rival, dispara; si no, levanta el escudo.",B,B,B,shoot,,True,True,,True,True,B,strict,True,correct,326.781,
qwen3:30b-a3b-instruct-2507-q4_K_M,0,d5-health-difference-d,decision_complexity,D5,es_rioplatense,Rioplatense Spanish,"Si tenés al menos 10 puntos de salud más que el rival, dispará; si no, levantá el escudo.",B,B,B,shoot,,True,True,,True,True,B,strict,True,correct,222.593,
qwen3:30b-a3b-instruct-2507-q4_K_M,0,d5-health-difference-d,decision_complexity,D5,en,English,"If your health is at least 10 points higher than the opponent's health, fire; otherwise raise the shield.",B,B,B,shoot,,True,True,,True,True,B,strict,True,correct,216.37,
qwen3:30b-a3b-instruct-2507-q4_K_M,0,d1-health-b,decision_complexity,D1,en,English,"If your health is below 15, raise the shield; otherwise move forward.",S1,S1,S1,shield_set,1.0,True,True,True,True,True,S1,strict,True,correct,335.975,
qwen3:30b-a3b-instruct-2507-q4_K_M,0,d1-health-b,decision_complexity,D1,es_rioplatense,Rioplatense Spanish,"Si tenés menos de 15 puntos de salud, levantá el escudo; si no, avanzá.",S1,S1,S1,shield_set,1.0,True,True,True,True,True,S1,strict,True,correct,243.546,
qwen3:30b-a3b-instruct-2507-q4_K_M,0,d1-health-b,decision_complexity,D1,es_standard,standardised Spanish,"Si tienes menos de 15 puntos de salud, levanta el escudo; si no, avanza.",S1,S1,S1,shield_set,1.0,True,True,True,True,True,S1,strict,True,correct,230.405,
qwen3:30b-a3b-instruct-2507-q4_K_M,0,d4-priority-shield-d,decision_complexity,D4,en,English,"Use this policy in order: if your shield is raised, lower it. Otherwise, if the opponent has less than 10 health, fire. Otherwise, raise your shield.",S0,S0,S0,shield_set,0.0,True,True,True,True,True,S0,strict,True,correct,350.373,
qwen3:30b-a3b-instruct-2507-q4_K_M,0,d4-priority-shield-d,decision_complexity,D4,es_rioplatense,Rioplatense Spanish,"Aplicá esta política en orden: si tenés el escudo levantado, bajalo. Si no, si el rival tiene menos de 10 puntos de salud, dispará. En cualquier otro caso, levantá el escudo.",S0,S0,S0,shield_set,0.0,True,True,True,True,True,S0,strict,True,correct,266.223,
qwen3:30b-a3b-instruct-2507-q4_K_M,0,d4-priority-shield-d,decision_complexity,D4,es_standard,standardised Spanish,"Aplica esta política en orden: si tienes el escudo levantado, bájalo. Si no, si el rival tiene menos de 10 puntos de salud, dispara. En cualquier otro caso, levanta el escudo.",S0,S0,S0,shield_set,0.0,True,True,True,True,True,S0,strict,True,correct,293.789,
qwen3:30b-a3b-instruct-2507-q4_K_M,0,d6-distance-composite-b,decision_complexity,D6,es_rioplatense,Rioplatense Spanish,"Primero calculá la distancia horizontal entre vos y el rival. Si la distancia es de al menos 0.4: si tenés menos salud que el rival, levantá el escudo; si no, avanzá 0.1. Si la distancia es menor que 0.4: si el rival tiene el escudo bajo, dispará; si no, girá 90 grados en sentido antihorario.",M0.1,S1,S1,shield_set,1.0,True,False,False,False,False,S1,strict,False,action_error,407.41,
qwen3:30b-a3b-instruct-2507-q4_K_M,0,d6-distance-composite-b,decision_complexity,D6,en,English,"First compute the horizontal distance between you and the opponent. If the distance is at least 0.4: if your health is lower than the opponent's, raise the shield; otherwise move forward 0.1. If the distance is below 0.4: if the opponent's shield is down, fire; otherwise turn counterclockwise 90 degrees.",M0.1,S1,S1,shield_set,1.0,True,False,False,False,False,S1,strict,False,action_error,297.009,
qwen3:30b-a3b-instruct-2507-q4_K_M,0,d6-distance-composite-b,decision_complexity,D6,es_standard,standardised Spanish,"Primero calcula la distancia horizontal entre tú y el rival. Si la distancia es de al menos 0.4: si tienes menos salud que el rival, levanta el escudo; si no, avanza 0.1. Si la distancia es menor que 0.4: si el rival tiene el escudo bajo, dispara; si no, gira 90 grados en sentido antihorario.",M0.1,S1,S1,shield_set,1.0,True,False,False,False,False,S1,strict,False,action_error,349.935,
qwen3:30b-a3b-instruct-2507-q4_K_M,0,d6-priority-composite-c,decision_complexity,D6,en,English,"Apply these rules in order. First, if your shield is raised, lower it. Otherwise, if the opponent has 10 health or less, fire. Otherwise, if your health is less than or equal to the opponent's health, raise the shield. Otherwise, move forward 0.1.",S1,S0,S0,shield_set,0.0,True,True,False,False,False,S0,strict,False,action_error,1092.244,
qwen3:30b-a3b-instruct-2507-q4_K_M,0,d6-priority-composite-c,decision_complexity,D6,es_standard,standardised Spanish,"Aplica estas reglas en orden. Primero, si tienes el escudo levantado, bájalo. Si no, si el rival tiene 10 puntos de salud o menos, dispara. Si no, si tu salud es menor o igual que la del rival, levanta el escudo. En cualquier otro caso, avanza 0.1.",S1,S0,S0,shield_set,0.0,True,True,False,False,False,S0,strict,False,action_error,422.738,
qwen3:30b-a3b-instruct-2507-q4_K_M,0,d6-priority-composite-c,decision_complexity,D6,es_rioplatense,Rioplatense Spanish,"Aplicá estas reglas en orden. Primero, si tenés el escudo levantado, bajalo. Si no, si el rival tiene 10 puntos de salud o menos, dispará. Si no, si tu salud es menor o igual que la del rival, levantá el escudo. En cualquier otro caso, avanzá 0.1.",S1,S0,S0,shield_set,0.0,True,True,False,False,False,S0,strict,False,action_error,486.537,
qwen3:30b-a3b-instruct-2507-q4_K_M,0,d3-conjunction-a,decision_complexity,D3,es_standard,standardised Spanish,"Si tienes menos de 15 puntos de salud y el escudo está bajo, levanta el escudo; si no, dispara.",S1,S1,S1,shield_set,1.0,True,True,True,True,True,S1,strict,True,correct,684.334,
qwen3:30b-a3b-instruct-2507-q4_K_M,0,d3-conjunction-a,decision_complexity,D3,en,English,"If your health is below 15 and your shield is down, raise the shield; otherwise fire.",S1,S1,S1,shield_set,1.0,True,True,True,True,True,S1,strict,True,correct,488.599,
qwen3:30b-a3b-instruct-2507-q4_K_M,0,d3-conjunction-a,decision_complexity,D3,es_rioplatense,Rioplatense Spanish,"Si tenés menos de 15 puntos de salud y el escudo está bajo, levantá el escudo; si no, dispará.",S1,S1,S1,shield_set,1.0,True,True,True,True,True,S1,strict,True,correct,499.913,
qwen3:30b-a3b-instruct-2507-q4_K_M,0,d2-health-compare-c,decision_complexity,D2,es_standard,standardised Spanish,"Si tienes menos salud que el rival, levanta el escudo; si no, dispara.",B,S1,S1,shield_set,1.0,True,False,,False,False,S1,strict,False,action_error,627.44,
qwen3:30b-a3b-instruct-2507-q4_K_M,0,d2-health-compare-c,decision_complexity,D2,en,English,"If your health is lower than the opponent's health, raise the shield; otherwise fire.",B,S1,S1,shield_set,1.0,True,False,,False,False,S1,strict,False,action_error,315.914,
qwen3:30b-a3b-instruct-2507-q4_K_M,0,d2-health-compare-c,decision_complexity,D2,es_rioplatense,Rioplatense Spanish,"Si tenés menos salud que el rival, levantá el escudo; si no, dispará.",B,S1,S1,shield_set,1.0,True,False,,False,False,S1,strict,False,action_error,350.366,
qwen3:30b-a3b-instruct-2507-q4_K_M,0,d1-shield-a,decision_complexity,D1,en,English,"If your shield is raised, lower it; otherwise fire.",S0,S0,S0,shield_set,0.0,True,True,True,True,True,S0,strict,True,correct,504.652,
qwen3:30b-a3b-instruct-2507-q4_K_M,0,d1-shield-a,decision_complexity,D1,es_rioplatense,Rioplatense Spanish,"Si tenés el escudo levantado, bajalo; si no, dispará.",S0,S0,S0,shield_set,0.0,True,True,True,True,True,S0,strict,True,correct,301.947,
qwen3:30b-a3b-instruct-2507-q4_K_M,0,d1-shield-a,decision_complexity,D1,es_standard,standardised Spanish,"Si tienes el escudo levantado, bájalo; si no, dispara.",S0,S0,S0,shield_set,0.0,True,True,True,True,True,S0,strict,True,correct,302.154,
qwen3:30b-a3b-instruct-2507-q4_K_M,0,d6-priority-composite-b,decision_complexity,D6,es_rioplatense,Rioplatense Spanish,"Aplicá estas reglas en orden. Primero, si tenés el escudo levantado, bajalo. Si no, si el rival tiene 10 puntos de salud o menos, dispará. Si no, si tu salud es menor o igual que la del rival, levantá el escudo. En cualquier otro caso, avanzá 0.1.",B,S0,S0,shield_set,0.0,True,False,,False,False,S0,strict,False,action_error,625.444,
qwen3:30b-a3b-instruct-2507-q4_K_M,0,d6-priority-composite-b,decision_complexity,D6,es_standard,standardised Spanish,"Aplica estas reglas en orden. Primero, si tienes el escudo levantado, bájalo. Si no, si el rival tiene 10 puntos de salud o menos, dispara. Si no, si tu salud es menor o igual que la del rival, levanta el escudo. En cualquier otro caso, avanza 0.1.",B,S0,S0,shield_set,0.0,True,False,,False,False,S0,strict,False,action_error,460.783,
qwen3:30b-a3b-instruct-2507-q4_K_M,0,d6-priority-composite-b,decision_complexity,D6,en,English,"Apply these rules in order. First, if your shield is raised, lower it. Otherwise, if the opponent has 10 health or less, fire. Otherwise, if your health is less than or equal to the opponent's health, raise the shield. Otherwise, move forward 0.1.",B,S0,S0,shield_set,0.0,True,False,,False,False,S0,strict,False,action_error,450.16,
qwen3:30b-a3b-instruct-2507-q4_K_M,0,d4-priority-shield-a,decision_complexity,D4,es_standard,standardised Spanish,"Aplica esta política en orden: si tienes el escudo levantado, bájalo. Si no, si el rival tiene menos de 10 puntos de salud, dispara. En cualquier otro caso, levanta el escudo.",S0,S0,S0,shield_set,0.0,True,True,True,True,True,S0,strict,True,correct,600.547,
qwen3:30b-a3b-instruct-2507-q4_K_M,0,d4-priority-shield-a,decision_complexity,D4,en,English,"Use this policy in order: if your shield is raised, lower it. Otherwise, if the opponent has less than 10 health, fire. Otherwise, raise your shield.",S0,S0,S0,shield_set,0.0,True,True,True,True,True,S0,strict,True,correct,413.081,
qwen3:30b-a3b-instruct-2507-q4_K_M,0,d4-priority-shield-a,decision_complexity,D4,es_rioplatense,Rioplatense Spanish,"Aplicá esta política en orden: si tenés el escudo levantado, bajalo. Si no, si el rival tiene menos de 10 puntos de salud, dispará. En cualquier otro caso, levantá el escudo.",S0,S0,S0,shield_set,0.0,True,True,True,True,True,S0,strict,True,correct,438.28,
qwen3:30b-a3b-instruct-2507-q4_K_M,0,d5-x-distance-b,decision_complexity,D5,en,English,"Compute the horizontal distance between your x coordinate and the opponent's x coordinate. If it is at least 0.4, move forward 0.1; otherwise turn clockwise 90 degrees.",C90.0,C90,C90.0,rotate_cw,90.0,True,True,True,True,True,C90.0,strict,True,correct,591.926,
qwen3:30b-a3b-instruct-2507-q4_K_M,0,d5-x-distance-b,decision_complexity,D5,es_rioplatense,Rioplatense Spanish,"Calculá la distancia horizontal entre tu coordenada x y la coordenada x del rival. Si es de al menos 0.4, avanzá 0.1; si no, girá 90 grados en sentido horario.",C90.0,C90,C90.0,rotate_cw,90.0,True,True,True,True,True,C90.0,strict,True,correct,448.162,
qwen3:30b-a3b-instruct-2507-q4_K_M,0,d5-x-distance-b,decision_complexity,D5,es_standard,standardised Spanish,"Calcula la distancia horizontal entre tu coordenada x y la coordenada x del rival. Si es de al menos 0.4, avanza 0.1; si no, gira 90 grados en sentido horario.",C90.0,C90,C90.0,rotate_cw,90.0,True,True,True,True,True,C90.0,strict,True,correct,445.478,
qwen3:30b-a3b-instruct-2507-q4_K_M,0,d3-xor-shields-b,decision_complexity,D3,es_rioplatense,Rioplatense Spanish,"Si exactamente uno de los dos escudos está levantado, avanzá; si no, dispará.",M,B,B,shoot,,True,False,,False,False,B,strict,False,action_error,478.558,
qwen3:30b-a3b-instruct-2507-q4_K_M,0,d3-xor-shields-b,decision_complexity,D3,en,English,"If exactly one of the two shields is raised, move forward; otherwise fire.",M,M,M,move,,True,True,,True,True,M,strict,True,correct,273.381,
qwen3:30b-a3b-instruct-2507-q4_K_M,0,d3-xor-shields-b,decision_complexity,D3,es_standard,standardised Spanish,"Si exactamente uno de los dos escudos está levantado, avanza; si no, dispara.",M,M,M,move,,True,True,,True,True,M,strict,True,correct,326.584,
qwen3:30b-a3b-instruct-2507-q4_K_M,0,d3-xor-shields-d,decision_complexity,D3,es_standard,standardised Spanish,"Si exactamente uno de los dos escudos está levantado, avanza; si no, dispara.",B,M,M,move,,True,False,,False,False,M,strict,False,action_error,496.995,
qwen3:30b-a3b-instruct-2507-q4_K_M,0,d3-xor-shields-d,decision_complexity,D3,es_rioplatense,Rioplatense Spanish,"Si exactamente uno de los dos escudos está levantado, avanzá; si no, dispará.",B,B,B,shoot,,True,True,,True,True,B,strict,True,correct,225.016,
qwen3:30b-a3b-instruct-2507-q4_K_M,0,d3-xor-shields-d,decision_complexity,D3,en,English,"If exactly one of the two shields is raised, move forward; otherwise fire.",B,M,M,move,,True,False,,False,False,M,strict,False,action_error,274.341,
qwen3:30b-a3b-instruct-2507-q4_K_M,0,d2-x-compare-c,decision_complexity,D2,es_standard,standardised Spanish,"Si tu coordenada x es mayor que la del rival, gira 90 grados en sentido antihorario; si no, gira 90 grados en sentido horario.",C90.0,A90,A90.0,rotate_ccw,90.0,True,False,True,False,False,A90.0,strict,False,action_error,576.917,
qwen3:30b-a3b-instruct-2507-q4_K_M,0,d2-x-compare-c,decision_complexity,D2,en,English,"If your x coordinate is greater than the opponent's x coordinate, turn counterclockwise 90 degrees; otherwise turn clockwise 90 degrees.",C90.0,A90,A90.0,rotate_ccw,90.0,True,False,True,False,False,A90.0,strict,False,action_error,428.139,
qwen3:30b-a3b-instruct-2507-q4_K_M,0,d2-x-compare-c,decision_complexity,D2,es_rioplatense,Rioplatense Spanish,"Si tu coordenada x es mayor que la del rival, girá 90 grados en sentido antihorario; si no, girá 90 grados en sentido horario.",C90.0,A90,A90.0,rotate_ccw,90.0,True,False,True,False,False,A90.0,strict,False,action_error,445.518,
qwen3:30b-a3b-instruct-2507-q4_K_M,0,d3-conjunction-b,decision_complexity,D3,en,English,"If your health is below 15 and your shield is down, raise the shield; otherwise fire.",B,S1,S1,shield_set,1.0,True,False,,False,False,S1,strict,False,action_error,550.94,
qwen3:30b-a3b-instruct-2507-q4_K_M,0,d3-conjunction-b,decision_complexity,D3,es_standard,standardised Spanish,"Si tienes menos de 15 puntos de salud y el escudo está bajo, levanta el escudo; si no, dispara.",B,S1,S1,shield_set,1.0,True,False,,False,False,S1,strict,False,action_error,400.327,
qwen3:30b-a3b-instruct-2507-q4_K_M,0,d3-conjunction-b,decision_complexity,D3,es_rioplatense,Rioplatense Spanish,"Si tenés menos de 15 puntos de salud y el escudo está bajo, levantá el escudo; si no, dispará.",B,S1,S1,shield_set,1.0,True,False,,False,False,S1,strict,False,action_error,386.707,
qwen3:30b-a3b-instruct-2507-q4_K_M,0,d3-xor-shields-a,decision_complexity,D3,es_rioplatense,Rioplatense Spanish,"Si exactamente uno de los dos escudos está levantado, avanzá; si no, dispará.",B,B,B,shoot,,True,True,,True,True,B,strict,True,correct,522.364,
qwen3:30b-a3b-instruct-2507-q4_K_M,0,d3-xor-shields-a,decision_complexity,D3,en,English,"If exactly one of the two shields is raised, move forward; otherwise fire.",B,M,M,move,,True,False,,False,False,M,strict,False,action_error,280.806,
qwen3:30b-a3b-instruct-2507-q4_K_M,0,d3-xor-shields-a,decision_complexity,D3,es_standard,standardised Spanish,"Si exactamente uno de los dos escudos está levantado, avanza; si no, dispara.",B,M,M,move,,True,False,,False,False,M,strict,False,action_error,338.558,
qwen3:30b-a3b-instruct-2507-q4_K_M,0,d4-priority-health-b,decision_complexity,D4,en,English,"Use this policy in order: if your health is below 10, raise the shield. Otherwise, if the opponent's shield is raised, move forward. Otherwise, fire.",S1,S1,S1,shield_set,1.0,True,True,True,True,True,S1,strict,True,correct,584.285,
qwen3:30b-a3b-instruct-2507-q4_K_M,0,d4-priority-health-b,decision_complexity,D4,es_standard,standardised Spanish,"Aplica esta política en orden: si tienes menos de 10 puntos de salud, levanta el escudo. Si no, si el rival tiene el escudo levantado, avanza. En cualquier otro caso, dispara.",S1,S1,S1,shield_set,1.0,True,True,True,True,True,S1,strict,True,correct,436.618,
qwen3:30b-a3b-instruct-2507-q4_K_M,0,d4-priority-health-b,decision_complexity,D4,es_rioplatense,Rioplatense Spanish,"Aplicá esta política en orden: si tenés menos de 10 puntos de salud, levantá el escudo. Si no, si el rival tiene el escudo levantado, avanzá. En cualquier otro caso, dispará.",S1,S1,S1,shield_set,1.0,True,True,True,True,True,S1,strict,True,correct,422.185,
qwen3:30b-a3b-instruct-2507-q4_K_M,0,d5-x-distance-a,decision_complexity,D5,es_rioplatense,Rioplatense Spanish,"Calculá la distancia horizontal entre tu coordenada x y la coordenada x del rival. Si es de al menos 0.4, avanzá 0.1; si no, girá 90 grados en sentido horario.",M0.1,C90,C90.0,rotate_cw,90.0,True,False,False,False,False,C90.0,strict,False,action_error,642.887,
qwen3:30b-a3b-instruct-2507-q4_K_M,0,d5-x-distance-a,decision_complexity,D5,es_standard,standardised Spanish,"Calcula la distancia horizontal entre tu coordenada x y la coordenada x del rival. Si es de al menos 0.4, avanza 0.1; si no, gira 90 grados en sentido horario.",M0.1,M0.1,M0.1,move,0.1,True,True,True,True,True,M0.1,strict,True,correct,492.834,
qwen3:30b-a3b-instruct-2507-q4_K_M,0,d5-x-distance-a,decision_complexity,D5,en,English,"Compute the horizontal distance between your x coordinate and the opponent's x coordinate. If it is at least 0.4, move forward 0.1; otherwise turn clockwise 90 degrees.",M0.1,C90,C90.0,rotate_cw,90.0,True,False,False,False,False,C90.0,strict,False,action_error,442.838,
qwen3:30b-a3b-instruct-2507-q4_K_M,0,d2-x-compare-d,decision_complexity,D2,en,English,"If your x coordinate is greater than the opponent's x coordinate, turn counterclockwise 90 degrees; otherwise turn clockwise 90 degrees.",A90.0,A90,A90.0,rotate_ccw,90.0,True,True,True,True,True,A90.0,strict,True,correct,556.875,
qwen3:30b-a3b-instruct-2507-q4_K_M,0,d2-x-compare-d,decision_complexity,D2,es_standard,standardised Spanish,"Si tu coordenada x es mayor que la del rival, gira 90 grados en sentido antihorario; si no, gira 90 grados en sentido horario.",A90.0,A90,A90.0,rotate_ccw,90.0,True,True,True,True,True,A90.0,strict,True,correct,452.736,
qwen3:30b-a3b-instruct-2507-q4_K_M,0,d2-x-compare-d,decision_complexity,D2,es_rioplatense,Rioplatense Spanish,"Si tu coordenada x es mayor que la del rival, girá 90 grados en sentido antihorario; si no, girá 90 grados en sentido horario.",A90.0,A90,A90.0,rotate_ccw,90.0,True,True,True,True,True,A90.0,strict,True,correct,461.367,
qwen3:30b-a3b-instruct-2507-q4_K_M,0,d2-x-compare-a,decision_complexity,D2,es_standard,standardised Spanish,"Si tu coordenada x es mayor que la del rival, gira 90 grados en sentido antihorario; si no, gira 90 grados en sentido horario.",A90.0,A90,A90.0,rotate_ccw,90.0,True,True,True,True,True,A90.0,strict,True,correct,587.126,
qwen3:30b-a3b-instruct-2507-q4_K_M,0,d2-x-compare-a,decision_complexity,D2,en,English,"If your x coordinate is greater than the opponent's x coordinate, turn counterclockwise 90 degrees; otherwise turn clockwise 90 degrees.",A90.0,A90,A90.0,rotate_ccw,90.0,True,True,True,True,True,A90.0,strict,True,correct,427.861,
qwen3:30b-a3b-instruct-2507-q4_K_M,0,d2-x-compare-a,decision_complexity,D2,es_rioplatense,Rioplatense Spanish,"Si tu coordenada x es mayor que la del rival, girá 90 grados en sentido antihorario; si no, girá 90 grados en sentido horario.",A90.0,A90,A90.0,rotate_ccw,90.0,True,True,True,True,True,A90.0,strict,True,correct,454.41,
qwen3:30b-a3b-instruct-2507-q4_K_M,0,d3-conjunction-c,decision_complexity,D3,es_rioplatense,Rioplatense Spanish,"Si tenés menos de 15 puntos de salud y el escudo está bajo, levantá el escudo; si no, dispará.",B,S1,S1,shield_set,1.0,True,False,,False,False,S1,strict,False,action_error,591.291,
qwen3:30b-a3b-instruct-2507-q4_K_M,0,d3-conjunction-c,decision_complexity,D3,en,English,"If your health is below 15 and your shield is down, raise the shield; otherwise fire.",B,S1,S1,shield_set,1.0,True,False,,False,False,S1,strict,False,action_error,369.725,
qwen3:30b-a3b-instruct-2507-q4_K_M,0,d3-conjunction-c,decision_complexity,D3,es_standard,standardised Spanish,"Si tienes menos de 15 puntos de salud y el escudo está bajo, levanta el escudo; si no, dispara.",B,S1,S1,shield_set,1.0,True,False,,False,False,S1,strict,False,action_error,416.139,
qwen3:30b-a3b-instruct-2507-q4_K_M,0,d1-shield-b,decision_complexity,D1,es_standard,standardised Spanish,"Si tienes el escudo levantado, bájalo; si no, dispara.",B,S0,S0,shield_set,0.0,True,False,,False,False,S0,strict,False,action_error,580.294,
qwen3:30b-a3b-instruct-2507-q4_K_M,0,d1-shield-b,decision_complexity,D1,en,English,"If your shield is raised, lower it; otherwise fire.",B,S0,S0,shield_set,0.0,True,False,,False,False,S0,strict,False,action_error,299.96,
qwen3:30b-a3b-instruct-2507-q4_K_M,0,d1-shield-b,decision_complexity,D1,es_rioplatense,Rioplatense Spanish,"Si tenés el escudo levantado, bajalo; si no, dispará.",B,B,B,shoot,,True,True,,True,True,B,strict,True,correct,325.551,
qwen3:30b-a3b-instruct-2507-q4_K_M,0,d6-distance-composite-c,decision_complexity,D6,es_standard,standardised Spanish,"Primero calcula la distancia horizontal entre tú y el rival. Si la distancia es de al menos 0.4: si tienes menos salud que el rival, levanta el escudo; si no, avanza 0.1. Si la distancia es menor que 0.4: si el rival tiene el escudo bajo, dispara; si no, gira 90 grados en sentido antihorario.",B,S1,S1,shield_set,1.0,True,False,,False,False,S1,strict,False,action_error,714.035,
qwen3:30b-a3b-instruct-2507-q4_K_M,0,d6-distance-composite-c,decision_complexity,D6,es_rioplatense,Rioplatense Spanish,"Primero calculá la distancia horizontal entre vos y el rival. Si la distancia es de al menos 0.4: si tenés menos salud que el rival, levantá el escudo; si no, avanzá 0.1. Si la distancia es menor que 0.4: si el rival tiene el escudo bajo, dispará; si no, girá 90 grados en sentido antihorario.",B,S1,S1,shield_set,1.0,True,False,,False,False,S1,strict,False,action_error,549.617,
qwen3:30b-a3b-instruct-2507-q4_K_M,0,d6-distance-composite-c,decision_complexity,D6,en,English,"First compute the horizontal distance between you and the opponent. If the distance is at least 0.4: if your health is lower than the opponent's, raise the shield; otherwise move forward 0.1. If the distance is below 0.4: if the opponent's shield is down, fire; otherwise turn counterclockwise 90 degrees.",B,S1,S1,shield_set,1.0,True,False,,False,False,S1,strict,False,action_error,513.925,
qwen3:30b-a3b-instruct-2507-q4_K_M,0,d4-priority-health-d,decision_complexity,D4,es_rioplatense,Rioplatense Spanish,"Aplicá esta política en orden: si tenés menos de 10 puntos de salud, levantá el escudo. Si no, si el rival tiene el escudo levantado, avanzá. En cualquier otro caso, dispará.",B,S1,S1,shield_set,1.0,True,False,,False,False,S1,strict,False,action_error,618.885,
qwen3:30b-a3b-instruct-2507-q4_K_M,0,d4-priority-health-d,decision_complexity,D4,en,English,"Use this policy in order: if your health is below 10, raise the shield. Otherwise, if the opponent's shield is raised, move forward. Otherwise, fire.",B,S1,S1,shield_set,1.0,True,False,,False,False,S1,strict,False,action_error,428.87,
qwen3:30b-a3b-instruct-2507-q4_K_M,0,d4-priority-health-d,decision_complexity,D4,es_standard,standardised Spanish,"Aplica esta política en orden: si tienes menos de 10 puntos de salud, levanta el escudo. Si no, si el rival tiene el escudo levantado, avanza. En cualquier otro caso, dispara.",B,S1,S1,shield_set,1.0,True,False,,False,False,S1,strict,False,action_error,447.998,
qwen3:30b-a3b-instruct-2507-q4_K_M,0,d1-shield-d,decision_complexity,D1,es_rioplatense,Rioplatense Spanish,"Si tenés el escudo levantado, bajalo; si no, dispará.",B,S0,S0,shield_set,0.0,True,False,,False,False,S0,strict,False,action_error,591.381,
qwen3:30b-a3b-instruct-2507-q4_K_M,0,d1-shield-d,decision_complexity,D1,en,English,"If your shield is raised, lower it; otherwise fire.",B,S0,S0,shield_set,0.0,True,False,,False,False,S0,strict,False,action_error,291.255,
qwen3:30b-a3b-instruct-2507-q4_K_M,0,d1-shield-d,decision_complexity,D1,es_standard,standardised Spanish,"Si tienes el escudo levantado, bájalo; si no, dispara.",B,S0,S0,shield_set,0.0,True,False,,False,False,S0,strict,False,action_error,348.314,
qwen3:30b-a3b-instruct-2507-q4_K_M,0,d5-x-distance-d,decision_complexity,D5,en,English,"Compute the horizontal distance between your x coordinate and the opponent's x coordinate. If it is at least 0.4, move forward 0.1; otherwise turn clockwise 90 degrees.",C90.0,C90,C90.0,rotate_cw,90.0,True,True,True,True,True,C90.0,strict,True,correct,672.741,
qwen3:30b-a3b-instruct-2507-q4_K_M,0,d5-x-distance-d,decision_complexity,D5,es_standard,standardised Spanish,"Calcula la distancia horizontal entre tu coordenada x y la coordenada x del rival. Si es de al menos 0.4, avanza 0.1; si no, gira 90 grados en sentido horario.",C90.0,C90,C90.0,rotate_cw,90.0,True,True,True,True,True,C90.0,strict,True,correct,491.446,
qwen3:30b-a3b-instruct-2507-q4_K_M,0,d5-x-distance-d,decision_complexity,D5,es_rioplatense,Rioplatense Spanish,"Calculá la distancia horizontal entre tu coordenada x y la coordenada x del rival. Si es de al menos 0.4, avanzá 0.1; si no, girá 90 grados en sentido horario.",C90.0,C90,C90.0,rotate_cw,90.0,True,True,True,True,True,C90.0,strict,True,correct,499.324,
qwen3:30b-a3b-instruct-2507-q4_K_M,0,d6-distance-composite-a,decision_complexity,D6,en,English,"First compute the horizontal distance between you and the opponent. If the distance is at least 0.4: if your health is lower than the opponent's, raise the shield; otherwise move forward 0.1. If the distance is below 0.4: if the opponent's shield is down, fire; otherwise turn counterclockwise 90 degrees.",S1,S1,S1,shield_set,1.0,True,True,True,True,True,S1,strict,True,correct,705.827,
qwen3:30b-a3b-instruct-2507-q4_K_M,0,d6-distance-composite-a,decision_complexity,D6,es_standard,standardised Spanish,"Primero calcula la distancia horizontal entre tú y el rival. Si la distancia es de al menos 0.4: si tienes menos salud que el rival, levanta el escudo; si no, avanza 0.1. Si la distancia es menor que 0.4: si el rival tiene el escudo bajo, dispara; si no, gira 90 grados en sentido antihorario.",S1,S1,S1,shield_set,1.0,True,True,True,True,True,S1,strict,True,correct,553.787,
qwen3:30b-a3b-instruct-2507-q4_K_M,0,d6-distance-composite-a,decision_complexity,D6,es_rioplatense,Rioplatense Spanish,"Primero calculá la distancia horizontal entre vos y el rival. Si la distancia es de al menos 0.4: si tenés menos salud que el rival, levantá el escudo; si no, avanzá 0.1. Si la distancia es menor que 0.4: si el rival tiene el escudo bajo, dispará; si no, girá 90 grados en sentido antihorario.",S1,S1,S1,shield_set,1.0,True,True,True,True,True,S1,strict,True,correct,547.323,
qwen3:30b-a3b-instruct-2507-q4_K_M,0,d1-health-c,decision_complexity,D1,es_rioplatense,Rioplatense Spanish,"Si tenés menos de 15 puntos de salud, levantá el escudo; si no, avanzá.",M,S1,S1,shield_set,1.0,True,False,,False,False,S1,strict,False,action_error,624.573,
qwen3:30b-a3b-instruct-2507-q4_K_M,0,d1-health-c,decision_complexity,D1,es_standard,standardised Spanish,"Si tienes menos de 15 puntos de salud, levanta el escudo; si no, avanza.",M,S1,S1,shield_set,1.0,True,False,,False,False,S1,strict,False,action_error,430.578,
qwen3:30b-a3b-instruct-2507-q4_K_M,0,d1-health-c,decision_complexity,D1,en,English,"If your health is below 15, raise the shield; otherwise move forward.",M,S1,S1,shield_set,1.0,True,False,,False,False,S1,strict,False,action_error,337.711,
qwen3:30b-a3b-instruct-2507-q4_K_M,0,d2-health-compare-d,decision_complexity,D2,es_standard,standardised Spanish,"Si tienes menos salud que el rival, levanta el escudo; si no, dispara.",S1,S1,S1,shield_set,1.0,True,True,True,True,True,S1,strict,True,correct,595.754,
qwen3:30b-a3b-instruct-2507-q4_K_M,0,d2-health-compare-d,decision_complexity,D2,en,English,"If your health is lower than the opponent's health, raise the shield; otherwise fire.",S1,S1,S1,shield_set,1.0,True,True,True,True,True,S1,strict,True,correct,343.471,
qwen3:30b-a3b-instruct-2507-q4_K_M,0,d2-health-compare-d,decision_complexity,D2,es_rioplatense,Rioplatense Spanish,"Si tenés menos salud que el rival, levantá el escudo; si no, dispará.",S1,S1,S1,shield_set,1.0,True,True,True,True,True,S1,strict,True,correct,373.988,
qwen3:30b-a3b-instruct-2507-q4_K_M,0,d6-priority-composite-d,decision_complexity,D6,es_rioplatense,Rioplatense Spanish,"Aplicá estas reglas en orden. Primero, si tenés el escudo levantado, bajalo. Si no, si el rival tiene 10 puntos de salud o menos, dispará. Si no, si tu salud es menor o igual que la del rival, levantá el escudo. En cualquier otro caso, avanzá 0.1.",M0.1,S0,S0,shield_set,0.0,True,False,False,False,False,S0,strict,False,action_error,718.252,
qwen3:30b-a3b-instruct-2507-q4_K_M,0,d6-priority-composite-d,decision_complexity,D6,en,English,"Apply these rules in order. First, if your shield is raised, lower it. Otherwise, if the opponent has 10 health or less, fire. Otherwise, if your health is less than or equal to the opponent's health, raise the shield. Otherwise, move forward 0.1.",M0.1,S0,S0,shield_set,0.0,True,False,False,False,False,S0,strict,False,action_error,505.409,
qwen3:30b-a3b-instruct-2507-q4_K_M,0,d6-priority-composite-d,decision_complexity,D6,es_standard,standardised Spanish,"Aplica estas reglas en orden. Primero, si tienes el escudo levantado, bájalo. Si no, si el rival tiene 10 puntos de salud o menos, dispara. Si no, si tu salud es menor o igual que la del rival, levanta el escudo. En cualquier otro caso, avanza 0.1.",M0.1,S0,S0,shield_set,0.0,True,False,False,False,False,S0,strict,False,action_error,550.289,
qwen3:30b-a3b-instruct-2507-q4_K_M,0,d4-priority-shield-b,decision_complexity,D4,en,English,"Use this policy in order: if your shield is raised, lower it. Otherwise, if the opponent has less than 10 health, fire. Otherwise, raise your shield.",B,S0,S0,shield_set,0.0,True,False,,False,False,S0,strict,False,action_error,623.164,
qwen3:30b-a3b-instruct-2507-q4_K_M,0,d4-priority-shield-b,decision_complexity,D4,es_standard,standardised Spanish,"Aplica esta política en orden: si tienes el escudo levantado, bájalo. Si no, si el rival tiene menos de 10 puntos de salud, dispara. En cualquier otro caso, levanta el escudo.",B,S0,S0,shield_set,0.0,True,False,,False,False,S0,strict,False,action_error,456.519,
qwen3:30b-a3b-instruct-2507-q4_K_M,0,d4-priority-shield-b,decision_complexity,D4,es_rioplatense,Rioplatense Spanish,"Aplicá esta política en orden: si tenés el escudo levantado, bajalo. Si no, si el rival tiene menos de 10 puntos de salud, dispará. En cualquier otro caso, levantá el escudo.",B,S0,S0,shield_set,0.0,True,False,,False,False,S0,strict,False,action_error,424.059,
qwen3:30b-a3b-instruct-2507-q4_K_M,0,d1-health-d,decision_complexity,D1,es_rioplatense,Rioplatense Spanish,"Si tenés menos de 15 puntos de salud, levantá el escudo; si no, avanzá.",M,S1,S1,shield_set,1.0,True,False,,False,False,S1,strict,False,action_error,540.568,
qwen3:30b-a3b-instruct-2507-q4_K_M,0,d1-health-d,decision_complexity,D1,es_standard,standardised Spanish,"Si tienes menos de 15 puntos de salud, levanta el escudo; si no, avanza.",M,S1,S1,shield_set,1.0,True,False,,False,False,S1,strict,False,action_error,347.976,
qwen3:30b-a3b-instruct-2507-q4_K_M,0,d1-health-d,decision_complexity,D1,en,English,"If your health is below 15, raise the shield; otherwise move forward.",M,S1,S1,shield_set,1.0,True,False,,False,False,S1,strict,False,action_error,324.546,
qwen3:30b-a3b-instruct-2507-q4_K_M,0,d2-health-compare-a,decision_complexity,D2,es_rioplatense,Rioplatense Spanish,"Si tenés menos salud que el rival, levantá el escudo; si no, dispará.",S1,S1,S1,shield_set,1.0,True,True,True,True,True,S1,strict,True,correct,549.643,
qwen3:30b-a3b-instruct-2507-q4_K_M,0,d2-health-compare-a,decision_complexity,D2,es_standard,standardised Spanish,"Si tienes menos salud que el rival, levanta el escudo; si no, dispara.",S1,S1,S1,shield_set,1.0,True,True,True,True,True,S1,strict,True,correct,338.853,
qwen3:30b-a3b-instruct-2507-q4_K_M,0,d2-health-compare-a,decision_complexity,D2,en,English,"If your health is lower than the opponent's health, raise the shield; otherwise fire.",S1,S1,S1,shield_set,1.0,True,True,True,True,True,S1,strict,True,correct,305.16,
qwen3:30b-a3b-instruct-2507-q4_K_M,0,d2-x-compare-b,decision_complexity,D2,en,English,"If your x coordinate is greater than the opponent's x coordinate, turn counterclockwise 90 degrees; otherwise turn clockwise 90 degrees.",C90.0,A90,A90.0,rotate_ccw,90.0,True,False,True,False,False,A90.0,strict,False,action_error,576.872,
qwen3:30b-a3b-instruct-2507-q4_K_M,0,d2-x-compare-b,decision_complexity,D2,es_rioplatense,Rioplatense Spanish,"Si tu coordenada x es mayor que la del rival, girá 90 grados en sentido antihorario; si no, girá 90 grados en sentido horario.",C90.0,A90,A90.0,rotate_ccw,90.0,True,False,True,False,False,A90.0,strict,False,action_error,435.38,
qwen3:30b-a3b-instruct-2507-q4_K_M,0,d2-x-compare-b,decision_complexity,D2,es_standard,standardised Spanish,"Si tu coordenada x es mayor que la del rival, gira 90 grados en sentido antihorario; si no, gira 90 grados en sentido horario.",C90.0,A90,A90.0,rotate_ccw,90.0,True,False,True,False,False,A90.0,strict,False,action_error,416.284,
qwen3:30b-a3b-instruct-2507-q4_K_M,0,d5-health-difference-a,decision_complexity,D5,en,English,"If your health is at least 10 points higher than the opponent's health, fire; otherwise raise the shield.",B,S1,S1,shield_set,1.0,True,False,,False,False,S1,strict,False,action_error,471.962,
qwen3:30b-a3b-instruct-2507-q4_K_M,0,d5-health-difference-a,decision_complexity,D5,es_standard,standardised Spanish,"Si tienes al menos 10 puntos de salud más que el rival, dispara; si no, levanta el escudo.",B,B,B,shoot,,True,True,,True,True,B,strict,True,correct,326.378,
qwen3:30b-a3b-instruct-2507-q4_K_M,0,d5-health-difference-a,decision_complexity,D5,es_rioplatense,Rioplatense Spanish,"Si tenés al menos 10 puntos de salud más que el rival, dispará; si no, levantá el escudo.",B,B,B,shoot,,True,True,,True,True,B,strict,True,correct,322.697,
qwen3:30b-a3b-instruct-2507-q4_K_M,0,d2-health-compare-b,decision_complexity,D2,es_standard,standardised Spanish,"Si tienes menos salud que el rival, levanta el escudo; si no, dispara.",B,S1,S1,shield_set,1.0,True,False,,False,False,S1,strict,False,action_error,504.562,
qwen3:30b-a3b-instruct-2507-q4_K_M,0,d2-health-compare-b,decision_complexity,D2,es_rioplatense,Rioplatense Spanish,"Si tenés menos salud que el rival, levantá el escudo; si no, dispará.",B,S1,S1,shield_set,1.0,True,False,,False,False,S1,strict,False,action_error,325.832,
qwen3:30b-a3b-instruct-2507-q4_K_M,0,d2-health-compare-b,decision_complexity,D2,en,English,"If your health is lower than the opponent's health, raise the shield; otherwise fire.",B,S1,S1,shield_set,1.0,True,False,,False,False,S1,strict,False,action_error,295.061,
qwen3:30b-a3b-instruct-2507-q4_K_M,0,d3-conjunction-d,decision_complexity,D3,es_standard,standardised Spanish,"Si tienes menos de 15 puntos de salud y el escudo está bajo, levanta el escudo; si no, dispara.",B,S1,S1,shield_set,1.0,True,False,,False,False,S1,strict,False,action_error,516.349,
qwen3:30b-a3b-instruct-2507-q4_K_M,0,d3-conjunction-d,decision_complexity,D3,en,English,"If your health is below 15 and your shield is down, raise the shield; otherwise fire.",B,S1,S1,shield_set,1.0,True,False,,False,False,S1,strict,False,action_error,324.66,
qwen3:30b-a3b-instruct-2507-q4_K_M,0,d3-conjunction-d,decision_complexity,D3,es_rioplatense,Rioplatense Spanish,"Si tenés menos de 15 puntos de salud y el escudo está bajo, levantá el escudo; si no, dispará.",B,S1,S1,shield_set,1.0,True,False,,False,False,S1,strict,False,action_error,379.923,
qwen3:30b-a3b-instruct-2507-q4_K_M,0,d6-priority-composite-a,decision_complexity,D6,es_rioplatense,Rioplatense Spanish,"Aplicá estas reglas en orden. Primero, si tenés el escudo levantado, bajalo. Si no, si el rival tiene 10 puntos de salud o menos, dispará. Si no, si tu salud es menor o igual que la del rival, levantá el escudo. En cualquier otro caso, avanzá 0.1.",S0,S0,S0,shield_set,0.0,True,True,True,True,True,S0,strict,True,correct,638.199,
qwen3:30b-a3b-instruct-2507-q4_K_M,0,d6-priority-composite-a,decision_complexity,D6,en,English,"Apply these rules in order. First, if your shield is raised, lower it. Otherwise, if the opponent has 10 health or less, fire. Otherwise, if your health is less than or equal to the opponent's health, raise the shield. Otherwise, move forward 0.1.",S0,S0,S0,shield_set,0.0,True,True,True,True,True,S0,strict,True,correct,457.251,
qwen3:30b-a3b-instruct-2507-q4_K_M,0,d6-priority-composite-a,decision_complexity,D6,es_standard,standardised Spanish,"Aplica estas reglas en orden. Primero, si tienes el escudo levantado, bájalo. Si no, si el rival tiene 10 puntos de salud o menos, dispara. Si no, si tu salud es menor o igual que la del rival, levanta el escudo. En cualquier otro caso, avanza 0.1.",S0,S0,S0,shield_set,0.0,True,True,True,True,True,S0,strict,True,correct,474.952,
qwen3:30b-a3b-instruct-2507-q4_K_M,0,d1-health-a,decision_complexity,D1,es_standard,standardised Spanish,"Si tienes menos de 15 puntos de salud, levanta el escudo; si no, avanza.",S1,S1,S1,shield_set,1.0,True,True,True,True,True,S1,strict,True,correct,516.2,
qwen3:30b-a3b-instruct-2507-q4_K_M,0,d1-health-a,decision_complexity,D1,es_rioplatense,Rioplatense Spanish,"Si tenés menos de 15 puntos de salud, levantá el escudo; si no, avanzá.",S1,S1,S1,shield_set,1.0,True,True,True,True,True,S1,strict,True,correct,358.201,
qwen3:30b-a3b-instruct-2507-q4_K_M,0,d1-health-a,decision_complexity,D1,en,English,"If your health is below 15, raise the shield; otherwise move forward.",S1,S1,S1,shield_set,1.0,True,True,True,True,True,S1,strict,True,correct,303.591,
qwen3:30b-a3b-instruct-2507-q4_K_M,0,d1-shield-c,decision_complexity,D1,es_standard,standardised Spanish,"Si tienes el escudo levantado, bájalo; si no, dispara.",S0,S0,S0,shield_set,0.0,True,True,True,True,True,S0,strict,True,correct,522.172,
qwen3:30b-a3b-instruct-2507-q4_K_M,0,d1-shield-c,decision_complexity,D1,en,English,"If your shield is raised, lower it; otherwise fire.",S0,S0,S0,shield_set,0.0,True,True,True,True,True,S0,strict,True,correct,261.055,
qwen3:30b-a3b-instruct-2507-q4_K_M,0,d1-shield-c,decision_complexity,D1,es_rioplatense,Rioplatense Spanish,"Si tenés el escudo levantado, bajalo; si no, dispará.",S0,S0,S0,shield_set,0.0,True,True,True,True,True,S0,strict,True,correct,303.756,
qwen3:30b-a3b-instruct-2507-q4_K_M,0,d5-x-distance-c,decision_complexity,D5,en,English,"Compute the horizontal distance between your x coordinate and the opponent's x coordinate. If it is at least 0.4, move forward 0.1; otherwise turn clockwise 90 degrees.",M0.1,C90,C90.0,rotate_cw,90.0,True,False,False,False,False,C90.0,strict,False,action_error,585.478,
qwen3:30b-a3b-instruct-2507-q4_K_M,0,d5-x-distance-c,decision_complexity,D5,es_standard,standardised Spanish,"Calcula la distancia horizontal entre tu coordenada x y la coordenada x del rival. Si es de al menos 0.4, avanza 0.1; si no, gira 90 grados en sentido horario.",M0.1,C90,C90.0,rotate_cw,90.0,True,False,False,False,False,C90.0,strict,False,action_error,470.215,
qwen3:30b-a3b-instruct-2507-q4_K_M,0,d5-x-distance-c,decision_complexity,D5,es_rioplatense,Rioplatense Spanish,"Calculá la distancia horizontal entre tu coordenada x y la coordenada x del rival. Si es de al menos 0.4, avanzá 0.1; si no, girá 90 grados en sentido horario.",M0.1,C90,C90.0,rotate_cw,90.0,True,False,False,False,False,C90.0,strict,False,action_error,426.806,
qwen3:30b-a3b-instruct-2507-q4_K_M,0,d5-health-difference-c,decision_complexity,D5,en,English,"If your health is at least 10 points higher than the opponent's health, fire; otherwise raise the shield.",S1,S1,S1,shield_set,1.0,True,True,True,True,True,S1,strict,True,correct,517.557,
qwen3:30b-a3b-instruct-2507-q4_K_M,0,d5-health-difference-c,decision_complexity,D5,es_standard,standardised Spanish,"Si tienes al menos 10 puntos de salud más que el rival, dispara; si no, levanta el escudo.",S1,B,B,shoot,,True,False,False,False,False,B,strict,False,action_error,338.081,
qwen3:30b-a3b-instruct-2507-q4_K_M,0,d5-health-difference-c,decision_complexity,D5,es_rioplatense,Rioplatense Spanish,"Si tenés al menos 10 puntos de salud más que el rival, dispará; si no, levantá el escudo.",S1,S1,S1,shield_set,1.0,True,True,True,True,True,S1,strict,True,correct,358.269,
qwen3:30b-a3b-instruct-2507-q4_K_M,0,d4-priority-health-c,decision_complexity,D4,es_rioplatense,Rioplatense Spanish,"Aplicá esta política en orden: si tenés menos de 10 puntos de salud, levantá el escudo. Si no, si el rival tiene el escudo levantado, avanzá. En cualquier otro caso, dispará.",M,S1,S1,shield_set,1.0,True,False,,False,False,S1,strict,False,action_error,570.464,
qwen3:30b-a3b-instruct-2507-q4_K_M,0,d4-priority-health-c,decision_complexity,D4,es_standard,standardised Spanish,"Aplica esta política en orden: si tienes menos de 10 puntos de salud, levanta el escudo. Si no, si el rival tiene el escudo levantado, avanza. En cualquier otro caso, dispara.",M,S1,S1,shield_set,1.0,True,False,,False,False,S1,strict,False,action_error,404.862,
qwen3:30b-a3b-instruct-2507-q4_K_M,0,d4-priority-health-c,decision_complexity,D4,en,English,"Use this policy in order: if your health is below 10, raise the shield. Otherwise, if the opponent's shield is raised, move forward. Otherwise, fire.",M,S1,S1,shield_set,1.0,True,False,,False,False,S1,strict,False,action_error,385.045,
qwen3:4b-instruct-2507-q4_K_M,0,d2-health-compare-c,decision_complexity,D2,es_standard,standardised Spanish,"Si tienes menos salud que el rival, levanta el escudo; si no, dispara.",B,S1,S1,shield_set,1.0,True,False,,False,False,S1,strict,False,action_error,6580.489,
qwen3:4b-instruct-2507-q4_K_M,0,d2-health-compare-c,decision_complexity,D2,en,English,"If your health is lower than the opponent's health, raise the shield; otherwise fire.",B,S1,S1,shield_set,1.0,True,False,,False,False,S1,strict,False,action_error,130.142,
qwen3:4b-instruct-2507-q4_K_M,0,d2-health-compare-c,decision_complexity,D2,es_rioplatense,Rioplatense Spanish,"Si tenés menos salud que el rival, levantá el escudo; si no, dispará.",B,S1,S1,shield_set,1.0,True,False,,False,False,S1,strict,False,action_error,131.822,
qwen3:4b-instruct-2507-q4_K_M,0,d6-distance-composite-b,decision_complexity,D6,en,English,"First compute the horizontal distance between you and the opponent. If the distance is at least 0.4: if your health is lower than the opponent's, raise the shield; otherwise move forward 0.1. If the distance is below 0.4: if the opponent's shield is down, fire; otherwise turn counterclockwise 90 degrees.",M0.1,M0.1,M0.1,move,0.1,True,True,True,True,True,M0.1,strict,True,correct,309.743,
qwen3:4b-instruct-2507-q4_K_M,0,d6-distance-composite-b,decision_complexity,D6,es_rioplatense,Rioplatense Spanish,"Primero calculá la distancia horizontal entre vos y el rival. Si la distancia es de al menos 0.4: si tenés menos salud que el rival, levantá el escudo; si no, avanzá 0.1. Si la distancia es menor que 0.4: si el rival tiene el escudo bajo, dispará; si no, girá 90 grados en sentido antihorario.",M0.1,M0.1,M0.1,move,0.1,True,True,True,True,True,M0.1,strict,True,correct,207.91,
qwen3:4b-instruct-2507-q4_K_M,0,d6-distance-composite-b,decision_complexity,D6,es_standard,standardised Spanish,"Primero calcula la distancia horizontal entre tú y el rival. Si la distancia es de al menos 0.4: si tienes menos salud que el rival, levanta el escudo; si no, avanza 0.1. Si la distancia es menor que 0.4: si el rival tiene el escudo bajo, dispara; si no, gira 90 grados en sentido antihorario.",M0.1,M0.1,M0.1,move,0.1,True,True,True,True,True,M0.1,strict,True,correct,234.291,
qwen3:4b-instruct-2507-q4_K_M,0,d3-conjunction-d,decision_complexity,D3,es_rioplatense,Rioplatense Spanish,"Si tenés menos de 15 puntos de salud y el escudo está bajo, levantá el escudo; si no, dispará.",B,S1,S1,shield_set,1.0,True,False,,False,False,S1,strict,False,action_error,211.445,
qwen3:4b-instruct-2507-q4_K_M,0,d3-conjunction-d,decision_complexity,D3,es_standard,standardised Spanish,"Si tienes menos de 15 puntos de salud y el escudo está bajo, levanta el escudo; si no, dispara.",B,S1,S1,shield_set,1.0,True,False,,False,False,S1,strict,False,action_error,140.019,
qwen3:4b-instruct-2507-q4_K_M,0,d3-conjunction-d,decision_complexity,D3,en,English,"If your health is below 15 and your shield is down, raise the shield; otherwise fire.",B,S1,S1,shield_set,1.0,True,False,,False,False,S1,strict,False,action_error,116.342,
qwen3:4b-instruct-2507-q4_K_M,0,d1-shield-d,decision_complexity,D1,en,English,"If your shield is raised, lower it; otherwise fire.",B,S1,S1,shield_set,1.0,True,False,,False,False,S1,strict,False,action_error,207.022,
qwen3:4b-instruct-2507-q4_K_M,0,d1-shield-d,decision_complexity,D1,es_rioplatense,Rioplatense Spanish,"Si tenés el escudo levantado, bajalo; si no, dispará.",B,S1,S1,shield_set,1.0,True,False,,False,False,S1,strict,False,action_error,129.599,
qwen3:4b-instruct-2507-q4_K_M,0,d1-shield-d,decision_complexity,D1,es_standard,standardised Spanish,"Si tienes el escudo levantado, bájalo; si no, dispara.",B,S1,S1,shield_set,1.0,True,False,,False,False,S1,strict,False,action_error,124.784,
qwen3:4b-instruct-2507-q4_K_M,0,d6-priority-composite-a,decision_complexity,D6,es_rioplatense,Rioplatense Spanish,"Aplicá estas reglas en orden. Primero, si tenés el escudo levantado, bajalo. Si no, si el rival tiene 10 puntos de salud o menos, dispará. Si no, si tu salud es menor o igual que la del rival, levantá el escudo. En cualquier otro caso, avanzá 0.1.",S0,S0,S0,shield_set,0.0,True,True,True,True,True,S0,strict,True,correct,285.69,
qwen3:4b-instruct-2507-q4_K_M,0,d6-priority-composite-a,decision_complexity,D6,en,English,"Apply these rules in order. First, if your shield is raised, lower it. Otherwise, if the opponent has 10 health or less, fire. Otherwise, if your health is less than or equal to the opponent's health, raise the shield. Otherwise, move forward 0.1.",S0,S0,S0,shield_set,0.0,True,True,True,True,True,S0,strict,True,correct,175.006,
qwen3:4b-instruct-2507-q4_K_M,0,d6-priority-composite-a,decision_complexity,D6,es_standard,standardised Spanish,"Aplica estas reglas en orden. Primero, si tienes el escudo levantado, bájalo. Si no, si el rival tiene 10 puntos de salud o menos, dispara. Si no, si tu salud es menor o igual que la del rival, levanta el escudo. En cualquier otro caso, avanza 0.1.",S0,S0,S0,shield_set,0.0,True,True,True,True,True,S0,strict,True,correct,184.056,
qwen3:4b-instruct-2507-q4_K_M,0,d4-priority-health-b,decision_complexity,D4,es_standard,standardised Spanish,"Aplica esta política en orden: si tienes menos de 10 puntos de salud, levanta el escudo. Si no, si el rival tiene el escudo levantado, avanza. En cualquier otro caso, dispara.",S1,S1,S1,shield_set,1.0,True,True,True,True,True,S1,strict,True,correct,234.263,
qwen3:4b-instruct-2507-q4_K_M,0,d4-priority-health-b,decision_complexity,D4,en,English,"Use this policy in order: if your health is below 10, raise the shield. Otherwise, if the opponent's shield is raised, move forward. Otherwise, fire.",S1,S1,S1,shield_set,1.0,True,True,True,True,True,S1,strict,True,correct,181.152,
qwen3:4b-instruct-2507-q4_K_M,0,d4-priority-health-b,decision_complexity,D4,es_rioplatense,Rioplatense Spanish,"Aplicá esta política en orden: si tenés menos de 10 puntos de salud, levantá el escudo. Si no, si el rival tiene el escudo levantado, avanzá. En cualquier otro caso, dispará.",S1,S1,S1,shield_set,1.0,True,True,True,True,True,S1,strict,True,correct,591.464,
qwen3:4b-instruct-2507-q4_K_M,0,d2-health-compare-a,decision_complexity,D2,es_rioplatense,Rioplatense Spanish,"Si tenés menos salud que el rival, levantá el escudo; si no, dispará.",S1,S1,S1,shield_set,1.0,True,True,True,True,True,S1,strict,True,correct,335.142,
qwen3:4b-instruct-2507-q4_K_M,0,d2-health-compare-a,decision_complexity,D2,es_standard,standardised Spanish,"Si tienes menos salud que el rival, levanta el escudo; si no, dispara.",S1,S1,S1,shield_set,1.0,True,True,True,True,True,S1,strict,True,correct,191.58,
qwen3:4b-instruct-2507-q4_K_M,0,d2-health-compare-a,decision_complexity,D2,en,English,"If your health is lower than the opponent's health, raise the shield; otherwise fire.",S1,S1,S1,shield_set,1.0,True,True,True,True,True,S1,strict,True,correct,210.135,
qwen3:4b-instruct-2507-q4_K_M,0,d5-health-difference-d,decision_complexity,D5,es_rioplatense,Rioplatense Spanish,"Si tenés al menos 10 puntos de salud más que el rival, dispará; si no, levantá el escudo.",B,S1,S1,shield_set,1.0,True,False,,False,False,S1,strict,False,action_error,323.195,
qwen3:4b-instruct-2507-q4_K_M,0,d5-health-difference-d,decision_complexity,D5,es_standard,standardised Spanish,"Si tienes al menos 10 puntos de salud más que el rival, dispara; si no, levanta el escudo.",B,S1,S1,shield_set,1.0,True,False,,False,False,S1,strict,False,action_error,207.304,
qwen3:4b-instruct-2507-q4_K_M,0,d5-health-difference-d,decision_complexity,D5,en,English,"If your health is at least 10 points higher than the opponent's health, fire; otherwise raise the shield.",B,S1,S1,shield_set,1.0,True,False,,False,False,S1,strict,False,action_error,212.453,
qwen3:4b-instruct-2507-q4_K_M,0,d6-distance-composite-a,decision_complexity,D6,en,English,"First compute the horizontal distance between you and the opponent. If the distance is at least 0.4: if your health is lower than the opponent's, raise the shield; otherwise move forward 0.1. If the distance is below 0.4: if the opponent's shield is down, fire; otherwise turn counterclockwise 90 degrees.",S1,M0.1,M0.1,move,0.1,True,False,False,False,False,M0.1,strict,False,action_error,637.08,
qwen3:4b-instruct-2507-q4_K_M,0,d6-distance-composite-a,decision_complexity,D6,es_standard,standardised Spanish,"Primero calcula la distancia horizontal entre tú y el rival. Si la distancia es de al menos 0.4: si tienes menos salud que el rival, levanta el escudo; si no, avanza 0.1. Si la distancia es menor que 0.4: si el rival tiene el escudo bajo, dispara; si no, gira 90 grados en sentido antihorario.",S1,M0.1,M0.1,move,0.1,True,False,False,False,False,M0.1,strict,False,action_error,450.464,
qwen3:4b-instruct-2507-q4_K_M,0,d6-distance-composite-a,decision_complexity,D6,es_rioplatense,Rioplatense Spanish,"Primero calculá la distancia horizontal entre vos y el rival. Si la distancia es de al menos 0.4: si tenés menos salud que el rival, levantá el escudo; si no, avanzá 0.1. Si la distancia es menor que 0.4: si el rival tiene el escudo bajo, dispará; si no, girá 90 grados en sentido antihorario.",S1,M0.1,M0.1,move,0.1,True,False,False,False,False,M0.1,strict,False,action_error,414.056,
qwen3:4b-instruct-2507-q4_K_M,0,d2-x-compare-a,decision_complexity,D2,en,English,"If your x coordinate is greater than the opponent's x coordinate, turn counterclockwise 90 degrees; otherwise turn clockwise 90 degrees.",A90.0,A90,A90.0,rotate_ccw,90.0,True,True,True,True,True,A90.0,strict,True,correct,421.788,
qwen3:4b-instruct-2507-q4_K_M,0,d2-x-compare-a,decision_complexity,D2,es_standard,standardised Spanish,"Si tu coordenada x es mayor que la del rival, gira 90 grados en sentido antihorario; si no, gira 90 grados en sentido horario.",A90.0,A90,A90.0,rotate_ccw,90.0,True,True,True,True,True,A90.0,strict,True,correct,271.429,
qwen3:4b-instruct-2507-q4_K_M,0,d2-x-compare-a,decision_complexity,D2,es_rioplatense,Rioplatense Spanish,"Si tu coordenada x es mayor que la del rival, girá 90 grados en sentido antihorario; si no, girá 90 grados en sentido horario.",A90.0,A90,A90.0,rotate_ccw,90.0,True,True,True,True,True,A90.0,strict,True,correct,253.226,
qwen3:4b-instruct-2507-q4_K_M,0,d1-health-b,decision_complexity,D1,es_standard,standardised Spanish,"Si tienes menos de 15 puntos de salud, levanta el escudo; si no, avanza.",S1,S1,S1,shield_set,1.0,True,True,True,True,True,S1,strict,True,correct,339.162,
qwen3:4b-instruct-2507-q4_K_M,0,d1-health-b,decision_complexity,D1,en,English,"If your health is below 15, raise the shield; otherwise move forward.",S1,S1,S1,shield_set,1.0,True,True,True,True,True,S1,strict,True,correct,190.344,
qwen3:4b-instruct-2507-q4_K_M,0,d1-health-b,decision_complexity,D1,es_rioplatense,Rioplatense Spanish,"Si tenés menos de 15 puntos de salud, levantá el escudo; si no, avanzá.",S1,S1,S1,shield_set,1.0,True,True,True,True,True,S1,strict,True,correct,163.594,
qwen3:4b-instruct-2507-q4_K_M,0,d6-priority-composite-b,decision_complexity,D6,en,English,"Apply these rules in order. First, if your shield is raised, lower it. Otherwise, if the opponent has 10 health or less, fire. Otherwise, if your health is less than or equal to the opponent's health, raise the shield. Otherwise, move forward 0.1.",B,S1,S1,shield_set,1.0,True,False,,False,False,S1,strict,False,action_error,375.811,
qwen3:4b-instruct-2507-q4_K_M,0,d6-priority-composite-b,decision_complexity,D6,es_standard,standardised Spanish,"Aplica estas reglas en orden. Primero, si tienes el escudo levantado, bájalo. Si no, si el rival tiene 10 puntos de salud o menos, dispara. Si no, si tu salud es menor o igual que la del rival, levanta el escudo. En cualquier otro caso, avanza 0.1.",B,S0,S0,shield_set,0.0,True,False,,False,False,S0,strict,False,action_error,256.396,
qwen3:4b-instruct-2507-q4_K_M,0,d6-priority-composite-b,decision_complexity,D6,es_rioplatense,Rioplatense Spanish,"Aplicá estas reglas en orden. Primero, si tenés el escudo levantado, bajalo. Si no, si el rival tiene 10 puntos de salud o menos, dispará. Si no, si tu salud es menor o igual que la del rival, levantá el escudo. En cualquier otro caso, avanzá 0.1.",B,S0,S0,shield_set,0.0,True,False,,False,False,S0,strict,False,action_error,258.848,
qwen3:4b-instruct-2507-q4_K_M,0,d4-priority-health-d,decision_complexity,D4,es_standard,standardised Spanish,"Aplica esta política en orden: si tienes menos de 10 puntos de salud, levanta el escudo. Si no, si el rival tiene el escudo levantado, avanza. En cualquier otro caso, dispara.",B,S1,S1,shield_set,1.0,True,False,,False,False,S1,strict,False,action_error,376.489,
qwen3:4b-instruct-2507-q4_K_M,0,d4-priority-health-d,decision_complexity,D4,en,English,"Use this policy in order: if your health is below 10, raise the shield. Otherwise, if the opponent's shield is raised, move forward. Otherwise, fire.",B,S1,S1,shield_set,1.0,True,False,,False,False,S1,strict,False,action_error,212.365,
qwen3:4b-instruct-2507-q4_K_M,0,d4-priority-health-d,decision_complexity,D4,es_rioplatense,Rioplatense Spanish,"Aplicá esta política en orden: si tenés menos de 10 puntos de salud, levantá el escudo. Si no, si el rival tiene el escudo levantado, avanzá. En cualquier otro caso, dispará.",B,S1,S1,shield_set,1.0,True,False,,False,False,S1,strict,False,action_error,212.901,
qwen3:4b-instruct-2507-q4_K_M,0,d1-health-a,decision_complexity,D1,es_rioplatense,Rioplatense Spanish,"Si tenés menos de 15 puntos de salud, levantá el escudo; si no, avanzá.",S1,S1,S1,shield_set,1.0,True,True,True,True,True,S1,strict,True,correct,310.967,
qwen3:4b-instruct-2507-q4_K_M,0,d1-health-a,decision_complexity,D1,en,English,"If your health is below 15, raise the shield; otherwise move forward.",S1,S1,S1,shield_set,1.0,True,True,True,True,True,S1,strict,True,correct,162.338,
qwen3:4b-instruct-2507-q4_K_M,0,d1-health-a,decision_complexity,D1,es_standard,standardised Spanish,"Si tienes menos de 15 puntos de salud, levanta el escudo; si no, avanza.",S1,S1,S1,shield_set,1.0,True,True,True,True,True,S1,strict,True,correct,196.657,
qwen3:4b-instruct-2507-q4_K_M,0,d5-x-distance-b,decision_complexity,D5,en,English,"Compute the horizontal distance between your x coordinate and the opponent's x coordinate. If it is at least 0.4, move forward 0.1; otherwise turn clockwise 90 degrees.",C90.0,M0.1,M0.1,move,0.1,True,False,False,False,False,M0.1,strict,False,action_error,435.488,
qwen3:4b-instruct-2507-q4_K_M,0,d5-x-distance-b,decision_complexity,D5,es_rioplatense,Rioplatense Spanish,"Calculá la distancia horizontal entre tu coordenada x y la coordenada x del rival. Si es de al menos 0.4, avanzá 0.1; si no, girá 90 grados en sentido horario.",C90.0,M1,M1.0,move,1.0,True,False,False,False,False,M1.0,strict,False,action_error,224.792,
qwen3:4b-instruct-2507-q4_K_M,0,d5-x-distance-b,decision_complexity,D5,es_standard,standardised Spanish,"Calcula la distancia horizontal entre tu coordenada x y la coordenada x del rival. Si es de al menos 0.4, avanza 0.1; si no, gira 90 grados en sentido horario.",C90.0,M0.1,M0.1,move,0.1,True,False,False,False,False,M0.1,strict,False,action_error,265.362,
qwen3:4b-instruct-2507-q4_K_M,0,d4-priority-shield-d,decision_complexity,D4,en,English,"Use this policy in order: if your shield is raised, lower it. Otherwise, if the opponent has less than 10 health, fire. Otherwise, raise your shield.",S0,S0,S0,shield_set,0.0,True,True,True,True,True,S0,strict,True,correct,345.216,
qwen3:4b-instruct-2507-q4_K_M,0,d4-priority-shield-d,decision_complexity,D4,es_standard,standardised Spanish,"Aplica esta política en orden: si tienes el escudo levantado, bájalo. Si no, si el rival tiene menos de 10 puntos de salud, dispara. En cualquier otro caso, levanta el escudo.",S0,S0,S0,shield_set,0.0,True,True,True,True,True,S0,strict,True,correct,238.147,
qwen3:4b-instruct-2507-q4_K_M,0,d4-priority-shield-d,decision_complexity,D4,es_rioplatense,Rioplatense Spanish,"Aplicá esta política en orden: si tenés el escudo levantado, bajalo. Si no, si el rival tiene menos de 10 puntos de salud, dispará. En cualquier otro caso, levantá el escudo.",S0,S0,S0,shield_set,0.0,True,True,True,True,True,S0,strict,True,correct,236.958,
qwen3:4b-instruct-2507-q4_K_M,0,d6-distance-composite-c,decision_complexity,D6,es_standard,standardised Spanish,"Primero calcula la distancia horizontal entre tú y el rival. Si la distancia es de al menos 0.4: si tienes menos salud que el rival, levanta el escudo; si no, avanza 0.1. Si la distancia es menor que 0.4: si el rival tiene el escudo bajo, dispara; si no, gira 90 grados en sentido antihorario.",B,M0.1,M0.1,move,0.1,True,False,,False,False,M0.1,strict,False,action_error,535.07,
qwen3:4b-instruct-2507-q4_K_M,0,d6-distance-composite-c,decision_complexity,D6,en,English,"First compute the horizontal distance between you and the opponent. If the distance is at least 0.4: if your health is lower than the opponent's, raise the shield; otherwise move forward 0.1. If the distance is below 0.4: if the opponent's shield is down, fire; otherwise turn counterclockwise 90 degrees.",B,M0.1,M0.1,move,0.1,True,False,,False,False,M0.1,strict,False,action_error,349.085,
qwen3:4b-instruct-2507-q4_K_M,0,d6-distance-composite-c,decision_complexity,D6,es_rioplatense,Rioplatense Spanish,"Primero calculá la distancia horizontal entre vos y el rival. Si la distancia es de al menos 0.4: si tenés menos salud que el rival, levantá el escudo; si no, avanzá 0.1. Si la distancia es menor que 0.4: si el rival tiene el escudo bajo, dispará; si no, girá 90 grados en sentido antihorario.",B,M0.1,M0.1,move,0.1,True,False,,False,False,M0.1,strict,False,action_error,344.895,
qwen3:4b-instruct-2507-q4_K_M,0,d6-priority-composite-c,decision_complexity,D6,es_rioplatense,Rioplatense Spanish,"Aplicá estas reglas en orden. Primero, si tenés el escudo levantado, bajalo. Si no, si el rival tiene 10 puntos de salud o menos, dispará. Si no, si tu salud es menor o igual que la del rival, levantá el escudo. En cualquier otro caso, avanzá 0.1.",S1,S0,S0,shield_set,0.0,True,True,False,False,False,S0,strict,False,action_error,497.75,
qwen3:4b-instruct-2507-q4_K_M,0,d6-priority-composite-c,decision_complexity,D6,en,English,"Apply these rules in order. First, if your shield is raised, lower it. Otherwise, if the opponent has 10 health or less, fire. Otherwise, if your health is less than or equal to the opponent's health, raise the shield. Otherwise, move forward 0.1.",S1,S1,S1,shield_set,1.0,True,True,True,True,True,S1,strict,True,correct,299.769,
qwen3:4b-instruct-2507-q4_K_M,0,d6-priority-composite-c,decision_complexity,D6,es_standard,standardised Spanish,"Aplica estas reglas en orden. Primero, si tienes el escudo levantado, bájalo. Si no, si el rival tiene 10 puntos de salud o menos, dispara. Si no, si tu salud es menor o igual que la del rival, levanta el escudo. En cualquier otro caso, avanza 0.1.",S1,S0,S0,shield_set,0.0,True,True,False,False,False,S0,strict,False,action_error,295.684,
qwen3:4b-instruct-2507-q4_K_M,0,d3-xor-shields-d,decision_complexity,D3,en,English,"If exactly one of the two shields is raised, move forward; otherwise fire.",B,B,B,shoot,,True,True,,True,True,B,strict,True,correct,325.96,
qwen3:4b-instruct-2507-q4_K_M,0,d3-xor-shields-d,decision_complexity,D3,es_rioplatense,Rioplatense Spanish,"Si exactamente uno de los dos escudos está levantado, avanzá; si no, dispará.",B,S0,S0,shield_set,0.0,True,False,,False,False,S0,strict,False,action_error,181.231,
qwen3:4b-instruct-2507-q4_K_M,0,d3-xor-shields-d,decision_complexity,D3,es_standard,standardised Spanish,"Si exactamente uno de los dos escudos está levantado, avanza; si no, dispara.",B,S0,S0,shield_set,0.0,True,False,,False,False,S0,strict,False,action_error,178.975,
qwen3:4b-instruct-2507-q4_K_M,0,d4-priority-health-c,decision_complexity,D4,es_rioplatense,Rioplatense Spanish,"Aplicá esta política en orden: si tenés menos de 10 puntos de salud, levantá el escudo. Si no, si el rival tiene el escudo levantado, avanzá. En cualquier otro caso, dispará.",M,S1,S1,shield_set,1.0,True,False,,False,False,S1,strict,False,action_error,403.037,
qwen3:4b-instruct-2507-q4_K_M,0,d4-priority-health-c,decision_complexity,D4,en,English,"Use this policy in order: if your health is below 10, raise the shield. Otherwise, if the opponent's shield is raised, move forward. Otherwise, fire.",M,S1,S1,shield_set,1.0,True,False,,False,False,S1,strict,False,action_error,245.475,
qwen3:4b-instruct-2507-q4_K_M,0,d4-priority-health-c,decision_complexity,D4,es_standard,standardised Spanish,"Aplica esta política en orden: si tienes menos de 10 puntos de salud, levanta el escudo. Si no, si el rival tiene el escudo levantado, avanza. En cualquier otro caso, dispara.",M,S1,S1,shield_set,1.0,True,False,,False,False,S1,strict,False,action_error,234.864,
qwen3:4b-instruct-2507-q4_K_M,0,d3-xor-shields-a,decision_complexity,D3,es_standard,standardised Spanish,"Si exactamente uno de los dos escudos está levantado, avanza; si no, dispara.",B,S1,S1,shield_set,1.0,True,False,,False,False,S1,strict,False,action_error,322.155,
qwen3:4b-instruct-2507-q4_K_M,0,d3-xor-shields-a,decision_complexity,D3,es_rioplatense,Rioplatense Spanish,"Si exactamente uno de los dos escudos está levantado, avanzá; si no, dispará.",B,S1,S1,shield_set,1.0,True,False,,False,False,S1,strict,False,action_error,166.715,
qwen3:4b-instruct-2507-q4_K_M,0,d3-xor-shields-a,decision_complexity,D3,en,English,"If exactly one of the two shields is raised, move forward; otherwise fire.",B,B,B,shoot,,True,True,,True,True,B,strict,True,correct,146.351,
qwen3:4b-instruct-2507-q4_K_M,0,d3-conjunction-b,decision_complexity,D3,en,English,"If your health is below 15 and your shield is down, raise the shield; otherwise fire.",B,S1,S1,shield_set,1.0,True,False,,False,False,S1,strict,False,action_error,317.88,
qwen3:4b-instruct-2507-q4_K_M,0,d3-conjunction-b,decision_complexity,D3,es_standard,standardised Spanish,"Si tienes menos de 15 puntos de salud y el escudo está bajo, levanta el escudo; si no, dispara.",B,S1,S1,shield_set,1.0,True,False,,False,False,S1,strict,False,action_error,221.451,
qwen3:4b-instruct-2507-q4_K_M,0,d3-conjunction-b,decision_complexity,D3,es_rioplatense,Rioplatense Spanish,"Si tenés menos de 15 puntos de salud y el escudo está bajo, levantá el escudo; si no, dispará.",B,S1,S1,shield_set,1.0,True,False,,False,False,S1,strict,False,action_error,216.946,
qwen3:4b-instruct-2507-q4_K_M,0,d2-x-compare-b,decision_complexity,D2,es_standard,standardised Spanish,"Si tu coordenada x es mayor que la del rival, gira 90 grados en sentido antihorario; si no, gira 90 grados en sentido horario.",C90.0,A90,A90.0,rotate_ccw,90.0,True,False,True,False,False,A90.0,strict,False,action_error,423.699,
qwen3:4b-instruct-2507-q4_K_M,0,d2-x-compare-b,decision_complexity,D2,es_rioplatense,Rioplatense Spanish,"Si tu coordenada x es mayor que la del rival, girá 90 grados en sentido antihorario; si no, girá 90 grados en sentido horario.",C90.0,A90,A90.0,rotate_ccw,90.0,True,False,True,False,False,A90.0,strict,False,action_error,255.131,
qwen3:4b-instruct-2507-q4_K_M,0,d2-x-compare-b,decision_complexity,D2,en,English,"If your x coordinate is greater than the opponent's x coordinate, turn counterclockwise 90 degrees; otherwise turn clockwise 90 degrees.",C90.0,A90,A90.0,rotate_ccw,90.0,True,False,True,False,False,A90.0,strict,False,action_error,269.82,
qwen3:4b-instruct-2507-q4_K_M,0,d3-xor-shields-c,decision_complexity,D3,es_rioplatense,Rioplatense Spanish,"Si exactamente uno de los dos escudos está levantado, avanzá; si no, dispará.",M,S0,S0,shield_set,0.0,True,False,,False,False,S0,strict,False,action_error,299.78,
qwen3:4b-instruct-2507-q4_K_M,0,d3-xor-shields-c,decision_complexity,D3,es_standard,standardised Spanish,"Si exactamente uno de los dos escudos está levantado, avanza; si no, dispara.",M,S0,S0,shield_set,0.0,True,False,,False,False,S0,strict,False,action_error,205.721,
qwen3:4b-instruct-2507-q4_K_M,0,d3-xor-shields-c,decision_complexity,D3,en,English,"If exactly one of the two shields is raised, move forward; otherwise fire.",M,M,M,move,,True,True,,True,True,M,strict,True,correct,166.369,
qwen3:4b-instruct-2507-q4_K_M,0,d1-health-c,decision_complexity,D1,es_standard,standardised Spanish,"Si tienes menos de 15 puntos de salud, levanta el escudo; si no, avanza.",M,S1,S1,shield_set,1.0,True,False,,False,False,S1,strict,False,action_error,321.786,
qwen3:4b-instruct-2507-q4_K_M,0,d1-health-c,decision_complexity,D1,es_rioplatense,Rioplatense Spanish,"Si tenés menos de 15 puntos de salud, levantá el escudo; si no, avanzá.",M,S1,S1,shield_set,1.0,True,False,,False,False,S1,strict,False,action_error,188.719,
qwen3:4b-instruct-2507-q4_K_M,0,d1-health-c,decision_complexity,D1,en,English,"If your health is below 15, raise the shield; otherwise move forward.",M,S1,S1,shield_set,1.0,True,False,,False,False,S1,strict,False,action_error,195.746,
qwen3:4b-instruct-2507-q4_K_M,0,d2-x-compare-c,decision_complexity,D2,en,English,"If your x coordinate is greater than the opponent's x coordinate, turn counterclockwise 90 degrees; otherwise turn clockwise 90 degrees.",C90.0,A90,A90.0,rotate_ccw,90.0,True,False,True,False,False,A90.0,strict,False,action_error,357.374,
qwen3:4b-instruct-2507-q4_K_M,0,d2-x-compare-c,decision_complexity,D2,es_standard,standardised Spanish,"Si tu coordenada x es mayor que la del rival, gira 90 grados en sentido antihorario; si no, gira 90 grados en sentido horario.",C90.0,A90,A90.0,rotate_ccw,90.0,True,False,True,False,False,A90.0,strict,False,action_error,278.133,
qwen3:4b-instruct-2507-q4_K_M,0,d2-x-compare-c,decision_complexity,D2,es_rioplatense,Rioplatense Spanish,"Si tu coordenada x es mayor que la del rival, girá 90 grados en sentido antihorario; si no, girá 90 grados en sentido horario.",C90.0,A90,A90.0,rotate_ccw,90.0,True,False,True,False,False,A90.0,strict,False,action_error,251.972,
qwen3:4b-instruct-2507-q4_K_M,0,d4-priority-health-a,decision_complexity,D4,en,English,"Use this policy in order: if your health is below 10, raise the shield. Otherwise, if the opponent's shield is raised, move forward. Otherwise, fire.",S1,S1,S1,shield_set,1.0,True,True,True,True,True,S1,strict,True,correct,340.148,
qwen3:4b-instruct-2507-q4_K_M,0,d4-priority-health-a,decision_complexity,D4,es_standard,standardised Spanish,"Aplica esta política en orden: si tienes menos de 10 puntos de salud, levanta el escudo. Si no, si el rival tiene el escudo levantado, avanza. En cualquier otro caso, dispara.",S1,S1,S1,shield_set,1.0,True,True,True,True,True,S1,strict,True,correct,245.194,
qwen3:4b-instruct-2507-q4_K_M,0,d4-priority-health-a,decision_complexity,D4,es_rioplatense,Rioplatense Spanish,"Aplicá esta política en orden: si tenés menos de 10 puntos de salud, levantá el escudo. Si no, si el rival tiene el escudo levantado, avanzá. En cualquier otro caso, dispará.",S1,S1,S1,shield_set,1.0,True,True,True,True,True,S1,strict,True,correct,232.877,
qwen3:4b-instruct-2507-q4_K_M,0,d3-conjunction-c,decision_complexity,D3,es_rioplatense,Rioplatense Spanish,"Si tenés menos de 15 puntos de salud y el escudo está bajo, levantá el escudo; si no, dispará.",B,S1,S1,shield_set,1.0,True,False,,False,False,S1,strict,False,action_error,334.616,
qwen3:4b-instruct-2507-q4_K_M,0,d3-conjunction-c,decision_complexity,D3,es_standard,standardised Spanish,"Si tienes menos de 15 puntos de salud y el escudo está bajo, levanta el escudo; si no, dispara.",B,S1,S1,shield_set,1.0,True,False,,False,False,S1,strict,False,action_error,253.833,
qwen3:4b-instruct-2507-q4_K_M,0,d3-conjunction-c,decision_complexity,D3,en,English,"If your health is below 15 and your shield is down, raise the shield; otherwise fire.",B,S1,S1,shield_set,1.0,True,False,,False,False,S1,strict,False,action_error,175.537,
qwen3:4b-instruct-2507-q4_K_M,0,d1-shield-b,decision_complexity,D1,en,English,"If your shield is raised, lower it; otherwise fire.",B,S1,S1,shield_set,1.0,True,False,,False,False,S1,strict,False,action_error,321.998,
qwen3:4b-instruct-2507-q4_K_M,0,d1-shield-b,decision_complexity,D1,es_standard,standardised Spanish,"Si tienes el escudo levantado, bájalo; si no, dispara.",B,S1,S1,shield_set,1.0,True,False,,False,False,S1,strict,False,action_error,170.455,
qwen3:4b-instruct-2507-q4_K_M,0,d1-shield-b,decision_complexity,D1,es_rioplatense,Rioplatense Spanish,"Si tenés el escudo levantado, bajalo; si no, dispará.",B,S1,S1,shield_set,1.0,True,False,,False,False,S1,strict,False,action_error,189.633,
qwen3:4b-instruct-2507-q4_K_M,0,d1-health-d,decision_complexity,D1,en,English,"If your health is below 15, raise the shield; otherwise move forward.",M,S1,S1,shield_set,1.0,True,False,,False,False,S1,strict,False,action_error,323.71,
qwen3:4b-instruct-2507-q4_K_M,0,d1-health-d,decision_complexity,D1,es_standard,standardised Spanish,"Si tienes menos de 15 puntos de salud, levanta el escudo; si no, avanza.",M,S1,S1,shield_set,1.0,True,False,,False,False,S1,strict,False,action_error,166.49,
qwen3:4b-instruct-2507-q4_K_M,0,d1-health-d,decision_complexity,D1,es_rioplatense,Rioplatense Spanish,"Si tenés menos de 15 puntos de salud, levantá el escudo; si no, avanzá.",M,S1,S1,shield_set,1.0,True,False,,False,False,S1,strict,False,action_error,170.668,
qwen3:4b-instruct-2507-q4_K_M,0,d3-xor-shields-b,decision_complexity,D3,es_standard,standardised Spanish,"Si exactamente uno de los dos escudos está levantado, avanza; si no, dispara.",M,S1,S1,shield_set,1.0,True,False,,False,False,S1,strict,False,action_error,321.29,
qwen3:4b-instruct-2507-q4_K_M,0,d3-xor-shields-b,decision_complexity,D3,es_rioplatense,Rioplatense Spanish,"Si exactamente uno de los dos escudos está levantado, avanzá; si no, dispará.",M,S1,S1,shield_set,1.0,True,False,,False,False,S1,strict,False,action_error,202.165,
qwen3:4b-instruct-2507-q4_K_M,0,d3-xor-shields-b,decision_complexity,D3,en,English,"If exactly one of the two shields is raised, move forward; otherwise fire.",M,M,M,move,,True,True,,True,True,M,strict,True,correct,141.759,
qwen3:4b-instruct-2507-q4_K_M,0,d5-x-distance-c,decision_complexity,D5,es_rioplatense,Rioplatense Spanish,"Calculá la distancia horizontal entre tu coordenada x y la coordenada x del rival. Si es de al menos 0.4, avanzá 0.1; si no, girá 90 grados en sentido horario.",M0.1,M1,M1.0,move,1.0,True,True,False,False,False,M1.0,strict,False,action_error,312.076,
qwen3:4b-instruct-2507-q4_K_M,0,d5-x-distance-c,decision_complexity,D5,en,English,"Compute the horizontal distance between your x coordinate and the opponent's x coordinate. If it is at least 0.4, move forward 0.1; otherwise turn clockwise 90 degrees.",M0.1,M0.1,M0.1,move,0.1,True,True,True,True,True,M0.1,strict,True,correct,286.034,
qwen3:4b-instruct-2507-q4_K_M,0,d5-x-distance-c,decision_complexity,D5,es_standard,standardised Spanish,"Calcula la distancia horizontal entre tu coordenada x y la coordenada x del rival. Si es de al menos 0.4, avanza 0.1; si no, gira 90 grados en sentido horario.",M0.1,M1,M1.0,move,1.0,True,True,False,False,False,M1.0,strict,False,action_error,216.351,
qwen3:4b-instruct-2507-q4_K_M,0,d5-health-difference-c,decision_complexity,D5,es_rioplatense,Rioplatense Spanish,"Si tenés al menos 10 puntos de salud más que el rival, dispará; si no, levantá el escudo.",S1,S1,S1,shield_set,1.0,True,True,True,True,True,S1,strict,True,correct,316.319,
qwen3:4b-instruct-2507-q4_K_M,0,d5-health-difference-c,decision_complexity,D5,es_standard,standardised Spanish,"Si tienes al menos 10 puntos de salud más que el rival, dispara; si no, levanta el escudo.",S1,S1,S1,shield_set,1.0,True,True,True,True,True,S1,strict,True,correct,175.076,
qwen3:4b-instruct-2507-q4_K_M,0,d5-health-difference-c,decision_complexity,D5,en,English,"If your health is at least 10 points higher than the opponent's health, fire; otherwise raise the shield.",S1,S1,S1,shield_set,1.0,True,True,True,True,True,S1,strict,True,correct,166.911,
qwen3:4b-instruct-2507-q4_K_M,0,d6-priority-composite-d,decision_complexity,D6,en,English,"Apply these rules in order. First, if your shield is raised, lower it. Otherwise, if the opponent has 10 health or less, fire. Otherwise, if your health is less than or equal to the opponent's health, raise the shield. Otherwise, move forward 0.1.",M0.1,S1,S1,shield_set,1.0,True,False,False,False,False,S1,strict,False,action_error,389.416,
qwen3:4b-instruct-2507-q4_K_M,0,d6-priority-composite-d,decision_complexity,D6,es_standard,standardised Spanish,"Aplica estas reglas en orden. Primero, si tienes el escudo levantado, bájalo. Si no, si el rival tiene 10 puntos de salud o menos, dispara. Si no, si tu salud es menor o igual que la del rival, levanta el escudo. En cualquier otro caso, avanza 0.1.",M0.1,S0,S0,shield_set,0.0,True,False,False,False,False,S0,strict,False,action_error,280.33,
qwen3:4b-instruct-2507-q4_K_M,0,d6-priority-composite-d,decision_complexity,D6,es_rioplatense,Rioplatense Spanish,"Aplicá estas reglas en orden. Primero, si tenés el escudo levantado, bajalo. Si no, si el rival tiene 10 puntos de salud o menos, dispará. Si no, si tu salud es menor o igual que la del rival, levantá el escudo. En cualquier otro caso, avanzá 0.1.",M0.1,S0,S0,shield_set,0.0,True,False,False,False,False,S0,strict,False,action_error,281.012,
qwen3:4b-instruct-2507-q4_K_M,0,d2-health-compare-d,decision_complexity,D2,es_standard,standardised Spanish,"Si tienes menos salud que el rival, levanta el escudo; si no, dispara.",S1,S1,S1,shield_set,1.0,True,True,True,True,True,S1,strict,True,correct,363.659,
qwen3:4b-instruct-2507-q4_K_M,0,d2-health-compare-d,decision_complexity,D2,en,English,"If your health is lower than the opponent's health, raise the shield; otherwise fire.",S1,S1,S1,shield_set,1.0,True,True,True,True,True,S1,strict,True,correct,177.238,
qwen3:4b-instruct-2507-q4_K_M,0,d2-health-compare-d,decision_complexity,D2,es_rioplatense,Rioplatense Spanish,"Si tenés menos salud que el rival, levantá el escudo; si no, dispará.",S1,S1,S1,shield_set,1.0,True,True,True,True,True,S1,strict,True,correct,187.217,
qwen3:4b-instruct-2507-q4_K_M,0,d3-conjunction-a,decision_complexity,D3,es_standard,standardised Spanish,"Si tienes menos de 15 puntos de salud y el escudo está bajo, levanta el escudo; si no, dispara.",S1,S1,S1,shield_set,1.0,True,True,True,True,True,S1,strict,True,correct,344.648,
qwen3:4b-instruct-2507-q4_K_M,0,d3-conjunction-a,decision_complexity,D3,en,English,"If your health is below 15 and your shield is down, raise the shield; otherwise fire.",S1,S1,S1,shield_set,1.0,True,True,True,True,True,S1,strict,True,correct,186.393,
qwen3:4b-instruct-2507-q4_K_M,0,d3-conjunction-a,decision_complexity,D3,es_rioplatense,Rioplatense Spanish,"Si tenés menos de 15 puntos de salud y el escudo está bajo, levantá el escudo; si no, dispará.",S1,S1,S1,shield_set,1.0,True,True,True,True,True,S1,strict,True,correct,224.948,
qwen3:4b-instruct-2507-q4_K_M,0,d6-distance-composite-d,decision_complexity,D6,en,English,"First compute the horizontal distance between you and the opponent. If the distance is at least 0.4: if your health is lower than the opponent's, raise the shield; otherwise move forward 0.1. If the distance is below 0.4: if the opponent's shield is down, fire; otherwise turn counterclockwise 90 degrees.",A90.0,M0.1,M0.1,move,0.1,True,False,False,False,False,M0.1,strict,False,action_error,509.119,
qwen3:4b-instruct-2507-q4_K_M,0,d6-distance-composite-d,decision_complexity,D6,es_standard,standardised Spanish,"Primero calcula la distancia horizontal entre tú y el rival. Si la distancia es de al menos 0.4: si tienes menos salud que el rival, levanta el escudo; si no, avanza 0.1. Si la distancia es menor que 0.4: si el rival tiene el escudo bajo, dispara; si no, gira 90 grados en sentido antihorario.",A90.0,M0.1,M0.1,move,0.1,True,False,False,False,False,M0.1,strict,False,action_error,335.861,
qwen3:4b-instruct-2507-q4_K_M,0,d6-distance-composite-d,decision_complexity,D6,es_rioplatense,Rioplatense Spanish,"Primero calculá la distancia horizontal entre vos y el rival. Si la distancia es de al menos 0.4: si tenés menos salud que el rival, levantá el escudo; si no, avanzá 0.1. Si la distancia es menor que 0.4: si el rival tiene el escudo bajo, dispará; si no, girá 90 grados en sentido antihorario.",A90.0,M0.1,M0.1,move,0.1,True,False,False,False,False,M0.1,strict,False,action_error,335.881,
qwen3:4b-instruct-2507-q4_K_M,0,d4-priority-shield-b,decision_complexity,D4,es_rioplatense,Rioplatense Spanish,"Aplicá esta política en orden: si tenés el escudo levantado, bajalo. Si no, si el rival tiene menos de 10 puntos de salud, dispará. En cualquier otro caso, levantá el escudo.",B,S0,S0,shield_set,0.0,True,False,,False,False,S0,strict,False,action_error,445.198,
qwen3:4b-instruct-2507-q4_K_M,0,d4-priority-shield-b,decision_complexity,D4,es_standard,standardised Spanish,"Aplica esta política en orden: si tienes el escudo levantado, bájalo. Si no, si el rival tiene menos de 10 puntos de salud, dispara. En cualquier otro caso, levanta el escudo.",B,S0,S0,shield_set,0.0,True,False,,False,False,S0,strict,False,action_error,237.081,
qwen3:4b-instruct-2507-q4_K_M,0,d4-priority-shield-b,decision_complexity,D4,en,English,"Use this policy in order: if your shield is raised, lower it. Otherwise, if the opponent has less than 10 health, fire. Otherwise, raise your shield.",B,S1,S1,shield_set,1.0,True,False,,False,False,S1,strict,False,action_error,232.405,
qwen3:4b-instruct-2507-q4_K_M,0,d1-shield-c,decision_complexity,D1,es_standard,standardised Spanish,"Si tienes el escudo levantado, bájalo; si no, dispara.",S0,S0,S0,shield_set,0.0,True,True,True,True,True,S0,strict,True,correct,337.264,
qwen3:4b-instruct-2507-q4_K_M,0,d1-shield-c,decision_complexity,D1,en,English,"If your shield is raised, lower it; otherwise fire.",S0,S0,S0,shield_set,0.0,True,True,True,True,True,S0,strict,True,correct,179.445,
qwen3:4b-instruct-2507-q4_K_M,0,d1-shield-c,decision_complexity,D1,es_rioplatense,Rioplatense Spanish,"Si tenés el escudo levantado, bajalo; si no, dispará.",S0,S0,S0,shield_set,0.0,True,True,True,True,True,S0,strict,True,correct,177.973,
qwen3:4b-instruct-2507-q4_K_M,0,d4-priority-shield-a,decision_complexity,D4,en,English,"Use this policy in order: if your shield is raised, lower it. Otherwise, if the opponent has less than 10 health, fire. Otherwise, raise your shield.",S0,S0,S0,shield_set,0.0,True,True,True,True,True,S0,strict,True,correct,336.218,
qwen3:4b-instruct-2507-q4_K_M,0,d4-priority-shield-a,decision_complexity,D4,es_rioplatense,Rioplatense Spanish,"Aplicá esta política en orden: si tenés el escudo levantado, bajalo. Si no, si el rival tiene menos de 10 puntos de salud, dispará. En cualquier otro caso, levantá el escudo.",S0,S0,S0,shield_set,0.0,True,True,True,True,True,S0,strict,True,correct,224.331,
qwen3:4b-instruct-2507-q4_K_M,0,d4-priority-shield-a,decision_complexity,D4,es_standard,standardised Spanish,"Aplica esta política en orden: si tienes el escudo levantado, bájalo. Si no, si el rival tiene menos de 10 puntos de salud, dispara. En cualquier otro caso, levanta el escudo.",S0,S0,S0,shield_set,0.0,True,True,True,True,True,S0,strict,True,correct,223.37,
qwen3:4b-instruct-2507-q4_K_M,0,d5-health-difference-a,decision_complexity,D5,es_rioplatense,Rioplatense Spanish,"Si tenés al menos 10 puntos de salud más que el rival, dispará; si no, levantá el escudo.",B,S1,S1,shield_set,1.0,True,False,,False,False,S1,strict,False,action_error,345.83,
qwen3:4b-instruct-2507-q4_K_M,0,d5-health-difference-a,decision_complexity,D5,en,English,"If your health is at least 10 points higher than the opponent's health, fire; otherwise raise the shield.",B,S1,S1,shield_set,1.0,True,False,,False,False,S1,strict,False,action_error,170.707,
qwen3:4b-instruct-2507-q4_K_M,0,d5-health-difference-a,decision_complexity,D5,es_standard,standardised Spanish,"Si tienes al menos 10 puntos de salud más que el rival, dispara; si no, levanta el escudo.",B,S1,S1,shield_set,1.0,True,False,,False,False,S1,strict,False,action_error,163.404,
qwen3:4b-instruct-2507-q4_K_M,0,d1-shield-a,decision_complexity,D1,es_rioplatense,Rioplatense Spanish,"Si tenés el escudo levantado, bajalo; si no, dispará.",S0,S0,S0,shield_set,0.0,True,True,True,True,True,S0,strict,True,correct,329.694,
qwen3:4b-instruct-2507-q4_K_M,0,d1-shield-a,decision_complexity,D1,es_standard,standardised Spanish,"Si tienes el escudo levantado, bájalo; si no, dispara.",S0,S0,S0,shield_set,0.0,True,True,True,True,True,S0,strict,True,correct,172.03,
qwen3:4b-instruct-2507-q4_K_M,0,d1-shield-a,decision_complexity,D1,en,English,"If your shield is raised, lower it; otherwise fire.",S0,S0,S0,shield_set,0.0,True,True,True,True,True,S0,strict,True,correct,176.286,
qwen3:4b-instruct-2507-q4_K_M,0,d4-priority-shield-c,decision_complexity,D4,es_rioplatense,Rioplatense Spanish,"Aplicá esta política en orden: si tenés el escudo levantado, bajalo. Si no, si el rival tiene menos de 10 puntos de salud, dispará. En cualquier otro caso, levantá el escudo.",S1,S0,S0,shield_set,0.0,True,True,False,False,False,S0,strict,False,action_error,390.751,
qwen3:4b-instruct-2507-q4_K_M,0,d4-priority-shield-c,decision_complexity,D4,en,English,"Use this policy in order: if your shield is raised, lower it. Otherwise, if the opponent has less than 10 health, fire. Otherwise, raise your shield.",S1,S1,S1,shield_set,1.0,True,True,True,True,True,S1,strict,True,correct,220.963,
qwen3:4b-instruct-2507-q4_K_M,0,d4-priority-shield-c,decision_complexity,D4,es_standard,standardised Spanish,"Aplica esta política en orden: si tienes el escudo levantado, bájalo. Si no, si el rival tiene menos de 10 puntos de salud, dispara. En cualquier otro caso, levanta el escudo.",S1,S0,S0,shield_set,0.0,True,True,False,False,False,S0,strict,False,action_error,221.09,
qwen3:4b-instruct-2507-q4_K_M,0,d2-x-compare-d,decision_complexity,D2,es_standard,standardised Spanish,"Si tu coordenada x es mayor que la del rival, gira 90 grados en sentido antihorario; si no, gira 90 grados en sentido horario.",A90.0,A90,A90.0,rotate_ccw,90.0,True,True,True,True,True,A90.0,strict,True,correct,350.941,
qwen3:4b-instruct-2507-q4_K_M,0,d2-x-compare-d,decision_complexity,D2,en,English,"If your x coordinate is greater than the opponent's x coordinate, turn counterclockwise 90 degrees; otherwise turn clockwise 90 degrees.",A90.0,A90,A90.0,rotate_ccw,90.0,True,True,True,True,True,A90.0,strict,True,correct,255.847,
qwen3:4b-instruct-2507-q4_K_M,0,d2-x-compare-d,decision_complexity,D2,es_rioplatense,Rioplatense Spanish,"Si tu coordenada x es mayor que la del rival, girá 90 grados en sentido antihorario; si no, girá 90 grados en sentido horario.",A90.0,A90,A90.0,rotate_ccw,90.0,True,True,True,True,True,A90.0,strict,True,correct,257.746,
qwen3:4b-instruct-2507-q4_K_M,0,d5-x-distance-d,decision_complexity,D5,es_rioplatense,Rioplatense Spanish,"Calculá la distancia horizontal entre tu coordenada x y la coordenada x del rival. Si es de al menos 0.4, avanzá 0.1; si no, girá 90 grados en sentido horario.",C90.0,M1,M1.0,move,1.0,True,False,False,False,False,M1.0,strict,False,action_error,349.806,
qwen3:4b-instruct-2507-q4_K_M,0,d5-x-distance-d,decision_complexity,D5,en,English,"Compute the horizontal distance between your x coordinate and the opponent's x coordinate. If it is at least 0.4, move forward 0.1; otherwise turn clockwise 90 degrees.",C90.0,M1,M1.0,move,1.0,True,False,False,False,False,M1.0,strict,False,action_error,237.296,
qwen3:4b-instruct-2507-q4_K_M,0,d5-x-distance-d,decision_complexity,D5,es_standard,standardised Spanish,"Calcula la distancia horizontal entre tu coordenada x y la coordenada x del rival. Si es de al menos 0.4, avanza 0.1; si no, gira 90 grados en sentido horario.",C90.0,M1,M1.0,move,1.0,True,False,False,False,False,M1.0,strict,False,action_error,240.246,
qwen3:4b-instruct-2507-q4_K_M,0,d5-x-distance-a,decision_complexity,D5,es_rioplatense,Rioplatense Spanish,"Calculá la distancia horizontal entre tu coordenada x y la coordenada x del rival. Si es de al menos 0.4, avanzá 0.1; si no, girá 90 grados en sentido horario.",M0.1,M1,M1.0,move,1.0,True,True,False,False,False,M1.0,strict,False,action_error,352.817,
qwen3:4b-instruct-2507-q4_K_M,0,d5-x-distance-a,decision_complexity,D5,en,English,"Compute the horizontal distance between your x coordinate and the opponent's x coordinate. If it is at least 0.4, move forward 0.1; otherwise turn clockwise 90 degrees.",M0.1,M1,M1.0,move,1.0,True,True,False,False,False,M1.0,strict,False,action_error,235.528,
qwen3:4b-instruct-2507-q4_K_M,0,d5-x-distance-a,decision_complexity,D5,es_standard,standardised Spanish,"Calcula la distancia horizontal entre tu coordenada x y la coordenada x del rival. Si es de al menos 0.4, avanza 0.1; si no, gira 90 grados en sentido horario.",M0.1,M1,M1.0,move,1.0,True,True,False,False,False,M1.0,strict,False,action_error,236.329,
qwen3:4b-instruct-2507-q4_K_M,0,d2-health-compare-b,decision_complexity,D2,es_rioplatense,Rioplatense Spanish,"Si tenés menos salud que el rival, levantá el escudo; si no, dispará.",B,S1,S1,shield_set,1.0,True,False,,False,False,S1,strict,False,action_error,355.4,
qwen3:4b-instruct-2507-q4_K_M,0,d2-health-compare-b,decision_complexity,D2,en,English,"If your health is lower than the opponent's health, raise the shield; otherwise fire.",B,S1,S1,shield_set,1.0,True,False,,False,False,S1,strict,False,action_error,198.642,
qwen3:4b-instruct-2507-q4_K_M,0,d2-health-compare-b,decision_complexity,D2,es_standard,standardised Spanish,"Si tienes menos salud que el rival, levanta el escudo; si no, dispara.",B,S1,S1,shield_set,1.0,True,False,,False,False,S1,strict,False,action_error,239.967,
qwen3:4b-instruct-2507-q4_K_M,0,d5-health-difference-b,decision_complexity,D5,es_standard,standardised Spanish,"Si tienes al menos 10 puntos de salud más que el rival, dispara; si no, levanta el escudo.",S1,S1,S1,shield_set,1.0,True,True,True,True,True,S1,strict,True,correct,346.791,
qwen3:4b-instruct-2507-q4_K_M,0,d5-health-difference-b,decision_complexity,D5,en,English,"If your health is at least 10 points higher than the opponent's health, fire; otherwise raise the shield.",S1,S1,S1,shield_set,1.0,True,True,True,True,True,S1,strict,True,correct,181.867,
qwen3:4b-instruct-2507-q4_K_M,0,d5-health-difference-b,decision_complexity,D5,es_rioplatense,Rioplatense Spanish,"Si tenés al menos 10 puntos de salud más que el rival, dispará; si no, levantá el escudo.",S1,S1,S1,shield_set,1.0,True,True,True,True,True,S1,strict,True,correct,248.02,
llama3.2:latest,0,d5-x-distance-d,decision_complexity,D5,en,English,"Compute the horizontal distance between your x coordinate and the opponent's x coordinate. If it is at least 0.4, move forward 0.1; otherwise turn clockwise 90 degrees.",C90.0,M0.1,M0.1,move,0.1,True,False,False,False,False,M0.1,strict,False,action_error,3802.437,
llama3.2:latest,0,d5-x-distance-d,decision_complexity,D5,es_rioplatense,Rioplatense Spanish,"Calculá la distancia horizontal entre tu coordenada x y la coordenada x del rival. Si es de al menos 0.4, avanzá 0.1; si no, girá 90 grados en sentido horario.",C90.0,M0.1,M0.1,move,0.1,True,False,False,False,False,M0.1,strict,False,action_error,130.849,
llama3.2:latest,0,d5-x-distance-d,decision_complexity,D5,es_standard,standardised Spanish,"Calcula la distancia horizontal entre tu coordenada x y la coordenada x del rival. Si es de al menos 0.4, avanza 0.1; si no, gira 90 grados en sentido horario.",C90.0,C,ERR,invalid,,False,False,False,False,False,,,False,invalid_unrecoverable,99.988,
llama3.2:latest,0,d6-priority-composite-d,decision_complexity,D6,es_rioplatense,Rioplatense Spanish,"Aplicá estas reglas en orden. Primero, si tenés el escudo levantado, bajalo. Si no, si el rival tiene 10 puntos de salud o menos, dispará. Si no, si tu salud es menor o igual que la del rival, levantá el escudo. En cualquier otro caso, avanzá 0.1.",M0.1,S,S,shield_toggle,,True,False,False,False,False,S,strict,False,action_error,196.141,
llama3.2:latest,0,d6-priority-composite-d,decision_complexity,D6,es_standard,standardised Spanish,"Aplica estas reglas en orden. Primero, si tienes el escudo levantado, bájalo. Si no, si el rival tiene 10 puntos de salud o menos, dispara. Si no, si tu salud es menor o igual que la del rival, levanta el escudo. En cualquier otro caso, avanza 0.1.",M0.1,S,S,shield_toggle,,True,False,False,False,False,S,strict,False,action_error,120.106,
llama3.2:latest,0,d6-priority-composite-d,decision_complexity,D6,en,English,"Apply these rules in order. First, if your shield is raised, lower it. Otherwise, if the opponent has 10 health or less, fire. Otherwise, if your health is less than or equal to the opponent's health, raise the shield. Otherwise, move forward 0.1.",M0.1,S,S,shield_toggle,,True,False,False,False,False,S,strict,False,action_error,120.34,
llama3.2:latest,0,d3-xor-shields-c,decision_complexity,D3,en,English,"If exactly one of the two shields is raised, move forward; otherwise fire.",M,M,M,move,,True,True,,True,True,M,strict,True,correct,166.084,
llama3.2:latest,0,d3-xor-shields-c,decision_complexity,D3,es_standard,standardised Spanish,"Si exactamente uno de los dos escudos está levantado, avanza; si no, dispara.",M,M,M,move,,True,True,,True,True,M,strict,True,correct,85.172,
llama3.2:latest,0,d3-xor-shields-c,decision_complexity,D3,es_rioplatense,Rioplatense Spanish,"Si exactamente uno de los dos escudos está levantado, avanzá; si no, dispará.",M,M,M,move,,True,True,,True,True,M,strict,True,correct,89.007,
llama3.2:latest,0,d3-conjunction-a,decision_complexity,D3,es_rioplatense,Rioplatense Spanish,"Si tenés menos de 15 puntos de salud y el escudo está bajo, levantá el escudo; si no, dispará.",S1,S,S,shield_toggle,,True,False,False,False,True,S,strict,False,action_error,157.044,
llama3.2:latest,0,d3-conjunction-a,decision_complexity,D3,en,English,"If your health is below 15 and your shield is down, raise the shield; otherwise fire.",S1,S,S,shield_toggle,,True,False,False,False,True,S,strict,False,action_error,84.16,
llama3.2:latest,0,d3-conjunction-a,decision_complexity,D3,es_standard,standardised Spanish,"Si tienes menos de 15 puntos de salud y el escudo está bajo, levanta el escudo; si no, dispara.",S1,S,S,shield_toggle,,True,False,False,False,True,S,strict,False,action_error,100.397,
llama3.2:latest,0,d4-priority-health-c,decision_complexity,D4,es_standard,standardised Spanish,"Aplica esta política en orden: si tienes menos de 10 puntos de salud, levanta el escudo. Si no, si el rival tiene el escudo levantado, avanza. En cualquier otro caso, dispara.",M,S,S,shield_toggle,,True,False,,False,False,S,strict,False,action_error,186.985,
llama3.2:latest,0,d4-priority-health-c,decision_complexity,D4,en,English,"Use this policy in order: if your health is below 10, raise the shield. Otherwise, if the opponent's shield is raised, move forward. Otherwise, fire.",M,S0,S0,shield_set,0.0,True,False,,False,False,S0,strict,False,action_error,120.891,
llama3.2:latest,0,d4-priority-health-c,decision_complexity,D4,es_rioplatense,Rioplatense Spanish,"Aplicá esta política en orden: si tenés menos de 10 puntos de salud, levantá el escudo. Si no, si el rival tiene el escudo levantado, avanzá. En cualquier otro caso, dispará.",M,S0,S0,shield_set,0.0,True,False,,False,False,S0,strict,False,action_error,118.867,
llama3.2:latest,0,d1-health-c,decision_complexity,D1,es_rioplatense,Rioplatense Spanish,"Si tenés menos de 15 puntos de salud, levantá el escudo; si no, avanzá.",M,S,S,shield_toggle,,True,False,,False,False,S,strict,False,action_error,188.257,
llama3.2:latest,0,d1-health-c,decision_complexity,D1,en,English,"If your health is below 15, raise the shield; otherwise move forward.",M,S,S,shield_toggle,,True,False,,False,False,S,strict,False,action_error,265.325,
llama3.2:latest,0,d1-health-c,decision_complexity,D1,es_standard,standardised Spanish,"Si tienes menos de 15 puntos de salud, levanta el escudo; si no, avanza.",M,S,S,shield_toggle,,True,False,,False,False,S,strict,False,action_error,272.613,
llama3.2:latest,0,d5-health-difference-c,decision_complexity,D5,en,English,"If your health is at least 10 points higher than the opponent's health, fire; otherwise raise the shield.",S1,B,B,shoot,,True,False,False,False,False,B,strict,False,action_error,305.09,
llama3.2:latest,0,d5-health-difference-c,decision_complexity,D5,es_standard,standardised Spanish,"Si tienes al menos 10 puntos de salud más que el rival, dispara; si no, levanta el escudo.",S1,S,S,shield_toggle,,True,False,False,False,True,S,strict,False,action_error,166.552,
llama3.2:latest,0,d5-health-difference-c,decision_complexity,D5,es_rioplatense,Rioplatense Spanish,"Si tenés al menos 10 puntos de salud más que el rival, dispará; si no, levantá el escudo.",S1,S,S,shield_toggle,,True,False,False,False,True,S,strict,False,action_error,140.715,
llama3.2:latest,0,d2-x-compare-a,decision_complexity,D2,es_rioplatense,Rioplatense Spanish,"Si tu coordenada x es mayor que la del rival, girá 90 grados en sentido antihorario; si no, girá 90 grados en sentido horario.",A90.0,C90,C90.0,rotate_cw,90.0,True,False,True,False,False,C90.0,strict,False,action_error,242.462,
llama3.2:latest,0,d2-x-compare-a,decision_complexity,D2,en,English,"If your x coordinate is greater than the opponent's x coordinate, turn counterclockwise 90 degrees; otherwise turn clockwise 90 degrees.",A90.0,A,ERR,invalid,,False,False,False,False,False,,,False,invalid_unrecoverable,166.922,
llama3.2:latest,0,d2-x-compare-a,decision_complexity,D2,es_standard,standardised Spanish,"Si tu coordenada x es mayor que la del rival, gira 90 grados en sentido antihorario; si no, gira 90 grados en sentido horario.",A90.0,C90,C90.0,rotate_cw,90.0,True,False,True,False,False,C90.0,strict,False,action_error,197.878,
llama3.2:latest,0,d1-shield-c,decision_complexity,D1,es_standard,standardised Spanish,"Si tienes el escudo levantado, bájalo; si no, dispara.",S0,S,S,shield_toggle,,True,False,False,False,True,S,strict,False,action_error,271.826,
llama3.2:latest,0,d1-shield-c,decision_complexity,D1,en,English,"If your shield is raised, lower it; otherwise fire.",S0,S,S,shield_toggle,,True,False,False,False,True,S,strict,False,action_error,137.387,
llama3.2:latest,0,d1-shield-c,decision_complexity,D1,es_rioplatense,Rioplatense Spanish,"Si tenés el escudo levantado, bajalo; si no, dispará.",S0,S0,S0,shield_set,0.0,True,True,True,True,True,S0,strict,True,correct,162.824,
llama3.2:latest,0,d4-priority-shield-b,decision_complexity,D4,es_rioplatense,Rioplatense Spanish,"Aplicá esta política en orden: si tenés el escudo levantado, bajalo. Si no, si el rival tiene menos de 10 puntos de salud, dispará. En cualquier otro caso, levantá el escudo.",B,S,S,shield_toggle,,True,False,,False,False,S,strict,False,action_error,349.608,
llama3.2:latest,0,d4-priority-shield-b,decision_complexity,D4,es_standard,standardised Spanish,"Aplica esta política en orden: si tienes el escudo levantado, bájalo. Si no, si el rival tiene menos de 10 puntos de salud, dispara. En cualquier otro caso, levanta el escudo.",B,S,S,shield_toggle,,True,False,,False,False,S,strict,False,action_error,180.268,
llama3.2:latest,0,d4-priority-shield-b,decision_complexity,D4,en,English,"Use this policy in order: if your shield is raised, lower it. Otherwise, if the opponent has less than 10 health, fire. Otherwise, raise your shield.",B,S,S,shield_toggle,,True,False,,False,False,S,strict,False,action_error,201.324,
llama3.2:latest,0,d5-x-distance-c,decision_complexity,D5,es_rioplatense,Rioplatense Spanish,"Calculá la distancia horizontal entre tu coordenada x y la coordenada x del rival. Si es de al menos 0.4, avanzá 0.1; si no, girá 90 grados en sentido horario.",M0.1,M0.1,M0.1,move,0.1,True,True,True,True,True,M0.1,strict,True,correct,376.029,
llama3.2:latest,0,d5-x-distance-c,decision_complexity,D5,en,English,"Compute the horizontal distance between your x coordinate and the opponent's x coordinate. If it is at least 0.4, move forward 0.1; otherwise turn clockwise 90 degrees.",M0.1,M0.1,M0.1,move,0.1,True,True,True,True,True,M0.1,strict,True,correct,223.128,
llama3.2:latest,0,d5-x-distance-c,decision_complexity,D5,es_standard,standardised Spanish,"Calcula la distancia horizontal entre tu coordenada x y la coordenada x del rival. Si es de al menos 0.4, avanza 0.1; si no, gira 90 grados en sentido horario.",M0.1,C,ERR,invalid,,False,False,False,False,False,,,False,invalid_unrecoverable,163.272,
llama3.2:latest,0,d6-priority-composite-b,decision_complexity,D6,en,English,"Apply these rules in order. First, if your shield is raised, lower it. Otherwise, if the opponent has 10 health or less, fire. Otherwise, if your health is less than or equal to the opponent's health, raise the shield. Otherwise, move forward 0.1.",B,S,S,shield_toggle,,True,False,,False,False,S,strict,False,action_error,320.231,
llama3.2:latest,0,d6-priority-composite-b,decision_complexity,D6,es_standard,standardised Spanish,"Aplica estas reglas en orden. Primero, si tienes el escudo levantado, bájalo. Si no, si el rival tiene 10 puntos de salud o menos, dispara. Si no, si tu salud es menor o igual que la del rival, levanta el escudo. En cualquier otro caso, avanza 0.1.",B,S0,S0,shield_set,0.0,True,False,,False,False,S0,strict,False,action_error,223.84,
llama3.2:latest,0,d6-priority-composite-b,decision_complexity,D6,es_rioplatense,Rioplatense Spanish,"Aplicá estas reglas en orden. Primero, si tenés el escudo levantado, bajalo. Si no, si el rival tiene 10 puntos de salud o menos, dispará. Si no, si tu salud es menor o igual que la del rival, levantá el escudo. En cualquier otro caso, avanzá 0.1.",B,S0,S0,shield_set,0.0,True,False,,False,False,S0,strict,False,action_error,221.194,
llama3.2:latest,0,d5-health-difference-d,decision_complexity,D5,es_standard,standardised Spanish,"Si tienes al menos 10 puntos de salud más que el rival, dispara; si no, levanta el escudo.",B,S,S,shield_toggle,,True,False,,False,False,S,strict,False,action_error,103.812,
llama3.2:latest,0,d5-health-difference-d,decision_complexity,D5,es_rioplatense,Rioplatense Spanish,"Si tenés al menos 10 puntos de salud más que el rival, dispará; si no, levantá el escudo.",B,S,S,shield_toggle,,True,False,,False,False,S,strict,False,action_error,109.817,
llama3.2:latest,0,d5-health-difference-d,decision_complexity,D5,en,English,"If your health is at least 10 points higher than the opponent's health, fire; otherwise raise the shield.",B,B,B,shoot,,True,True,,True,True,B,strict,True,correct,118.831,
llama3.2:latest,0,d3-xor-shields-a,decision_complexity,D3,es_rioplatense,Rioplatense Spanish,"Si exactamente uno de los dos escudos está levantado, avanzá; si no, dispará.",B,S,S,shield_toggle,,True,False,,False,False,S,strict,False,action_error,225.085,
llama3.2:latest,0,d3-xor-shields-a,decision_complexity,D3,en,English,"If exactly one of the two shields is raised, move forward; otherwise fire.",B,M,M,move,,True,False,,False,False,M,strict,False,action_error,115.918,
llama3.2:latest,0,d3-xor-shields-a,decision_complexity,D3,es_standard,standardised Spanish,"Si exactamente uno de los dos escudos está levantado, avanza; si no, dispara.",B,M,M,move,,True,False,,False,False,M,strict,False,action_error,102.845,
llama3.2:latest,0,d1-health-a,decision_complexity,D1,es_rioplatense,Rioplatense Spanish,"Si tenés menos de 15 puntos de salud, levantá el escudo; si no, avanzá.",S1,S,S,shield_toggle,,True,False,False,False,True,S,strict,False,action_error,208.979,
llama3.2:latest,0,d1-health-a,decision_complexity,D1,es_standard,standardised Spanish,"Si tienes menos de 15 puntos de salud, levanta el escudo; si no, avanza.",S1,S,S,shield_toggle,,True,False,False,False,True,S,strict,False,action_error,97.833,
llama3.2:latest,0,d1-health-a,decision_complexity,D1,en,English,"If your health is below 15, raise the shield; otherwise move forward.",S1,S,S,shield_toggle,,True,False,False,False,True,S,strict,False,action_error,99.274,
llama3.2:latest,0,d2-health-compare-c,decision_complexity,D2,en,English,"If your health is lower than the opponent's health, raise the shield; otherwise fire.",B,S,S,shield_toggle,,True,False,,False,False,S,strict,False,action_error,227.779,
llama3.2:latest,0,d2-health-compare-c,decision_complexity,D2,es_standard,standardised Spanish,"Si tienes menos salud que el rival, levanta el escudo; si no, dispara.",B,S,S,shield_toggle,,True,False,,False,False,S,strict,False,action_error,99.083,
llama3.2:latest,0,d2-health-compare-c,decision_complexity,D2,es_rioplatense,Rioplatense Spanish,"Si tenés menos salud que el rival, levantá el escudo; si no, dispará.",B,S,S,shield_toggle,,True,False,,False,False,S,strict,False,action_error,101.732,
llama3.2:latest,0,d2-x-compare-d,decision_complexity,D2,es_rioplatense,Rioplatense Spanish,"Si tu coordenada x es mayor que la del rival, girá 90 grados en sentido antihorario; si no, girá 90 grados en sentido horario.",A90.0,C90,C90.0,rotate_cw,90.0,True,False,True,False,False,C90.0,strict,False,action_error,233.46,
llama3.2:latest,0,d2-x-compare-d,decision_complexity,D2,es_standard,standardised Spanish,"Si tu coordenada x es mayor que la del rival, gira 90 grados en sentido antihorario; si no, gira 90 grados en sentido horario.",A90.0,C90,C90.0,rotate_cw,90.0,True,False,True,False,False,C90.0,strict,False,action_error,111.225,
llama3.2:latest,0,d2-x-compare-d,decision_complexity,D2,en,English,"If your x coordinate is greater than the opponent's x coordinate, turn counterclockwise 90 degrees; otherwise turn clockwise 90 degrees.",A90.0,A,ERR,invalid,,False,False,False,False,False,,,False,invalid_unrecoverable,130.192,
llama3.2:latest,0,d1-shield-a,decision_complexity,D1,es_standard,standardised Spanish,"Si tienes el escudo levantado, bájalo; si no, dispara.",S0,S,S,shield_toggle,,True,False,False,False,True,S,strict,False,action_error,215.047,
llama3.2:latest,0,d1-shield-a,decision_complexity,D1,en,English,"If your shield is raised, lower it; otherwise fire.",S0,S,S,shield_toggle,,True,False,False,False,True,S,strict,False,action_error,104.405,
llama3.2:latest,0,d1-shield-a,decision_complexity,D1,es_rioplatense,Rioplatense Spanish,"Si tenés el escudo levantado, bajalo; si no, dispará.",S0,S0,S0,shield_set,0.0,True,True,True,True,True,S0,strict,True,correct,136.127,
llama3.2:latest,0,d4-priority-shield-d,decision_complexity,D4,es_standard,standardised Spanish,"Aplica esta política en orden: si tienes el escudo levantado, bájalo. Si no, si el rival tiene menos de 10 puntos de salud, dispara. En cualquier otro caso, levanta el escudo.",S0,S,S,shield_toggle,,True,False,False,False,True,S,strict,False,action_error,269.944,
llama3.2:latest,0,d4-priority-shield-d,decision_complexity,D4,es_rioplatense,Rioplatense Spanish,"Aplicá esta política en orden: si tenés el escudo levantado, bajalo. Si no, si el rival tiene menos de 10 puntos de salud, dispará. En cualquier otro caso, levantá el escudo.",S0,S0,S0,shield_set,0.0,True,True,True,True,True,S0,strict,True,correct,155.168,
llama3.2:latest,0,d4-priority-shield-d,decision_complexity,D4,en,English,"Use this policy in order: if your shield is raised, lower it. Otherwise, if the opponent has less than 10 health, fire. Otherwise, raise your shield.",S0,S,S,shield_toggle,,True,False,False,False,True,S,strict,False,action_error,134.618,
llama3.2:latest,0,d5-health-difference-a,decision_complexity,D5,es_rioplatense,Rioplatense Spanish,"Si tenés al menos 10 puntos de salud más que el rival, dispará; si no, levantá el escudo.",B,S,S,shield_toggle,,True,False,,False,False,S,strict,False,action_error,187.921,
llama3.2:latest,0,d5-health-difference-a,decision_complexity,D5,en,English,"If your health is at least 10 points higher than the opponent's health, fire; otherwise raise the shield.",B,B,B,shoot,,True,True,,True,True,B,strict,True,correct,139.501,
llama3.2:latest,0,d5-health-difference-a,decision_complexity,D5,es_standard,standardised Spanish,"Si tienes al menos 10 puntos de salud más que el rival, dispara; si no, levanta el escudo.",B,S,S,shield_toggle,,True,False,,False,False,S,strict,False,action_error,102.938,
llama3.2:latest,0,d2-health-compare-b,decision_complexity,D2,es_standard,standardised Spanish,"Si tienes menos salud que el rival, levanta el escudo; si no, dispara.",B,S,S,shield_toggle,,True,False,,False,False,S,strict,False,action_error,224.079,
llama3.2:latest,0,d2-health-compare-b,decision_complexity,D2,es_rioplatense,Rioplatense Spanish,"Si tenés menos salud que el rival, levantá el escudo; si no, dispará.",B,S,S,shield_toggle,,True,False,,False,False,S,strict,False,action_error,104.707,
llama3.2:latest,0,d2-health-compare-b,decision_complexity,D2,en,English,"If your health is lower than the opponent's health, raise the shield; otherwise fire.",B,S,S,shield_toggle,,True,False,,False,False,S,strict,False,action_error,103.815,
llama3.2:latest,0,d2-health-compare-a,decision_complexity,D2,es_rioplatense,Rioplatense Spanish,"Si tenés menos salud que el rival, levantá el escudo; si no, dispará.",S1,S,S,shield_toggle,,True,False,False,False,True,S,strict,False,action_error,230.168,
llama3.2:latest,0,d2-health-compare-a,decision_complexity,D2,en,English,"If your health is lower than the opponent's health, raise the shield; otherwise fire.",S1,S,S,shield_toggle,,True,False,False,False,True,S,strict,False,action_error,111.173,
llama3.2:latest,0,d2-health-compare-a,decision_complexity,D2,es_standard,standardised Spanish,"Si tienes menos salud que el rival, levanta el escudo; si no, dispara.",S1,S,S,shield_toggle,,True,False,False,False,True,S,strict,False,action_error,110.897,
llama3.2:latest,0,d4-priority-health-a,decision_complexity,D4,es_standard,standardised Spanish,"Aplica esta política en orden: si tienes menos de 10 puntos de salud, levanta el escudo. Si no, si el rival tiene el escudo levantado, avanza. En cualquier otro caso, dispara.",S1,S,S,shield_toggle,,True,False,False,False,True,S,strict,False,action_error,283.379,
llama3.2:latest,0,d4-priority-health-a,decision_complexity,D4,en,English,"Use this policy in order: if your health is below 10, raise the shield. Otherwise, if the opponent's shield is raised, move forward. Otherwise, fire.",S1,S,S,shield_toggle,,True,False,False,False,True,S,strict,False,action_error,144.102,
llama3.2:latest,0,d4-priority-health-a,decision_complexity,D4,es_rioplatense,Rioplatense Spanish,"Aplicá esta política en orden: si tenés menos de 10 puntos de salud, levantá el escudo. Si no, si el rival tiene el escudo levantado, avanzá. En cualquier otro caso, dispará.",S1,S0,S0,shield_set,0.0,True,True,False,False,False,S0,strict,False,action_error,161.454,
llama3.2:latest,0,d5-health-difference-b,decision_complexity,D5,en,English,"If your health is at least 10 points higher than the opponent's health, fire; otherwise raise the shield.",S1,B,B,shoot,,True,False,False,False,False,B,strict,False,action_error,233.424,
llama3.2:latest,0,d5-health-difference-b,decision_complexity,D5,es_standard,standardised Spanish,"Si tienes al menos 10 puntos de salud más que el rival, dispara; si no, levanta el escudo.",S1,S,S,shield_toggle,,True,False,False,False,True,S,strict,False,action_error,116.913,
llama3.2:latest,0,d5-health-difference-b,decision_complexity,D5,es_rioplatense,Rioplatense Spanish,"Si tenés al menos 10 puntos de salud más que el rival, dispará; si no, levantá el escudo.",S1,S,S,shield_toggle,,True,False,False,False,True,S,strict,False,action_error,109.969,
llama3.2:latest,0,d2-health-compare-d,decision_complexity,D2,es_rioplatense,Rioplatense Spanish,"Si tenés menos salud que el rival, levantá el escudo; si no, dispará.",S1,S,S,shield_toggle,,True,False,False,False,True,S,strict,False,action_error,255.28,
llama3.2:latest,0,d2-health-compare-d,decision_complexity,D2,en,English,"If your health is lower than the opponent's health, raise the shield; otherwise fire.",S1,S,S,shield_toggle,,True,False,False,False,True,S,strict,False,action_error,107.378,
llama3.2:latest,0,d2-health-compare-d,decision_complexity,D2,es_standard,standardised Spanish,"Si tienes menos salud que el rival, levanta el escudo; si no, dispara.",S1,S,S,shield_toggle,,True,False,False,False,True,S,strict,False,action_error,104.197,
llama3.2:latest,0,d5-x-distance-b,decision_complexity,D5,es_standard,standardised Spanish,"Calcula la distancia horizontal entre tu coordenada x y la coordenada x del rival. Si es de al menos 0.4, avanza 0.1; si no, gira 90 grados en sentido horario.",C90.0,M0.1,M0.1,move,0.1,True,False,False,False,False,M0.1,strict,False,action_error,333.588,
llama3.2:latest,0,d5-x-distance-b,decision_complexity,D5,en,English,"Compute the horizontal distance between your x coordinate and the opponent's x coordinate. If it is at least 0.4, move forward 0.1; otherwise turn clockwise 90 degrees.",C90.0,M0.1,M0.1,move,0.1,True,False,False,False,False,M0.1,strict,False,action_error,190.067,
llama3.2:latest,0,d5-x-distance-b,decision_complexity,D5,es_rioplatense,Rioplatense Spanish,"Calculá la distancia horizontal entre tu coordenada x y la coordenada x del rival. Si es de al menos 0.4, avanzá 0.1; si no, girá 90 grados en sentido horario.",C90.0,M0.1,M0.1,move,0.1,True,False,False,False,False,M0.1,strict,False,action_error,195.475,
llama3.2:latest,0,d3-conjunction-d,decision_complexity,D3,en,English,"If your health is below 15 and your shield is down, raise the shield; otherwise fire.",B,S,S,shield_toggle,,True,False,,False,False,S,strict,False,action_error,230.607,
llama3.2:latest,0,d3-conjunction-d,decision_complexity,D3,es_rioplatense,Rioplatense Spanish,"Si tenés menos de 15 puntos de salud y el escudo está bajo, levantá el escudo; si no, dispará.",B,S,S,shield_toggle,,True,False,,False,False,S,strict,False,action_error,141.952,
llama3.2:latest,0,d3-conjunction-d,decision_complexity,D3,es_standard,standardised Spanish,"Si tienes menos de 15 puntos de salud y el escudo está bajo, levanta el escudo; si no, dispara.",B,S,S,shield_toggle,,True,False,,False,False,S,strict,False,action_error,106.319,
llama3.2:latest,0,d1-shield-d,decision_complexity,D1,es_standard,standardised Spanish,"Si tienes el escudo levantado, bájalo; si no, dispara.",B,S,S,shield_toggle,,True,False,,False,False,S,strict,False,action_error,235.674,
llama3.2:latest,0,d1-shield-d,decision_complexity,D1,es_rioplatense,Rioplatense Spanish,"Si tenés el escudo levantado, bajalo; si no, dispará.",B,S,S,shield_toggle,,True,False,,False,False,S,strict,False,action_error,109.205,
llama3.2:latest,0,d1-shield-d,decision_complexity,D1,en,English,"If your shield is raised, lower it; otherwise fire.",B,S,S,shield_toggle,,True,False,,False,False,S,strict,False,action_error,108.999,
llama3.2:latest,0,d6-distance-composite-c,decision_complexity,D6,en,English,"First compute the horizontal distance between you and the opponent. If the distance is at least 0.4: if your health is lower than the opponent's, raise the shield; otherwise move forward 0.1. If the distance is below 0.4: if the opponent's shield is down, fire; otherwise turn counterclockwise 90 degrees.",B,S0,S0,shield_set,0.0,True,False,,False,False,S0,strict,False,action_error,337.308,
llama3.2:latest,0,d6-distance-composite-c,decision_complexity,D6,es_rioplatense,Rioplatense Spanish,"Primero calculá la distancia horizontal entre vos y el rival. Si la distancia es de al menos 0.4: si tenés menos salud que el rival, levantá el escudo; si no, avanzá 0.1. Si la distancia es menor que 0.4: si el rival tiene el escudo bajo, dispará; si no, girá 90 grados en sentido antihorario.",B,S0,S0,shield_set,0.0,True,False,,False,False,S0,strict,False,action_error,208.494,
llama3.2:latest,0,d6-distance-composite-c,decision_complexity,D6,es_standard,standardised Spanish,"Primero calcula la distancia horizontal entre tú y el rival. Si la distancia es de al menos 0.4: si tienes menos salud que el rival, levanta el escudo; si no, avanza 0.1. Si la distancia es menor que 0.4: si el rival tiene el escudo bajo, dispara; si no, gira 90 grados en sentido antihorario.",B,S0,S0,shield_set,0.0,True,False,,False,False,S0,strict,False,action_error,216.974,
llama3.2:latest,0,d3-conjunction-c,decision_complexity,D3,es_rioplatense,Rioplatense Spanish,"Si tenés menos de 15 puntos de salud y el escudo está bajo, levantá el escudo; si no, dispará.",B,S,S,shield_toggle,,True,False,,False,False,S,strict,False,action_error,206.766,
llama3.2:latest,0,d3-conjunction-c,decision_complexity,D3,en,English,"If your health is below 15 and your shield is down, raise the shield; otherwise fire.",B,S,S,shield_toggle,,True,False,,False,False,S,strict,False,action_error,111.606,
llama3.2:latest,0,d3-conjunction-c,decision_complexity,D3,es_standard,standardised Spanish,"Si tienes menos de 15 puntos de salud y el escudo está bajo, levanta el escudo; si no, dispara.",B,S,S,shield_toggle,,True,False,,False,False,S,strict,False,action_error,139.951,
llama3.2:latest,0,d4-priority-shield-c,decision_complexity,D4,es_standard,standardised Spanish,"Aplica esta política en orden: si tienes el escudo levantado, bájalo. Si no, si el rival tiene menos de 10 puntos de salud, dispara. En cualquier otro caso, levanta el escudo.",S1,S,S,shield_toggle,,True,False,False,False,True,S,strict,False,action_error,288.835,
llama3.2:latest,0,d4-priority-shield-c,decision_complexity,D4,en,English,"Use this policy in order: if your shield is raised, lower it. Otherwise, if the opponent has less than 10 health, fire. Otherwise, raise your shield.",S1,S,S,shield_toggle,,True,False,False,False,True,S,strict,False,action_error,141.736,
llama3.2:latest,0,d4-priority-shield-c,decision_complexity,D4,es_rioplatense,Rioplatense Spanish,"Aplicá esta política en orden: si tenés el escudo levantado, bajalo. Si no, si el rival tiene menos de 10 puntos de salud, dispará. En cualquier otro caso, levantá el escudo.",S1,S0,S0,shield_set,0.0,True,True,False,False,False,S0,strict,False,action_error,168.506,
llama3.2:latest,0,d6-distance-composite-b,decision_complexity,D6,es_rioplatense,Rioplatense Spanish,"Primero calculá la distancia horizontal entre vos y el rival. Si la distancia es de al menos 0.4: si tenés menos salud que el rival, levantá el escudo; si no, avanzá 0.1. Si la distancia es menor que 0.4: si el rival tiene el escudo bajo, dispará; si no, girá 90 grados en sentido antihorario.",M0.1,S0,S0,shield_set,0.0,True,False,False,False,False,S0,strict,False,action_error,349.764,
llama3.2:latest,0,d6-distance-composite-b,decision_complexity,D6,en,English,"First compute the horizontal distance between you and the opponent. If the distance is at least 0.4: if your health is lower than the opponent's, raise the shield; otherwise move forward 0.1. If the distance is below 0.4: if the opponent's shield is down, fire; otherwise turn counterclockwise 90 degrees.",M0.1,S0,S0,shield_set,0.0,True,False,False,False,False,S0,strict,False,action_error,216.029,
llama3.2:latest,0,d6-distance-composite-b,decision_complexity,D6,es_standard,standardised Spanish,"Primero calcula la distancia horizontal entre tú y el rival. Si la distancia es de al menos 0.4: si tienes menos salud que el rival, levanta el escudo; si no, avanza 0.1. Si la distancia es menor que 0.4: si el rival tiene el escudo bajo, dispara; si no, gira 90 grados en sentido antihorario.",M0.1,S0,S0,shield_set,0.0,True,False,False,False,False,S0,strict,False,action_error,222.695,
llama3.2:latest,0,d1-health-b,decision_complexity,D1,es_standard,standardised Spanish,"Si tienes menos de 15 puntos de salud, levanta el escudo; si no, avanza.",S1,S,S,shield_toggle,,True,False,False,False,True,S,strict,False,action_error,240.745,
llama3.2:latest,0,d1-health-b,decision_complexity,D1,en,English,"If your health is below 15, raise the shield; otherwise move forward.",S1,S,S,shield_toggle,,True,False,False,False,True,S,strict,False,action_error,112.655,
llama3.2:latest,0,d1-health-b,decision_complexity,D1,es_rioplatense,Rioplatense Spanish,"Si tenés menos de 15 puntos de salud, levantá el escudo; si no, avanzá.",S1,S,S,shield_toggle,,True,False,False,False,True,S,strict,False,action_error,108.744,
llama3.2:latest,0,d1-health-d,decision_complexity,D1,es_rioplatense,Rioplatense Spanish,"Si tenés menos de 15 puntos de salud, levantá el escudo; si no, avanzá.",M,S,S,shield_toggle,,True,False,,False,False,S,strict,False,action_error,233.817,
llama3.2:latest,0,d1-health-d,decision_complexity,D1,es_standard,standardised Spanish,"Si tienes menos de 15 puntos de salud, levanta el escudo; si no, avanza.",M,S,S,shield_toggle,,True,False,,False,False,S,strict,False,action_error,105.794,
llama3.2:latest,0,d1-health-d,decision_complexity,D1,en,English,"If your health is below 15, raise the shield; otherwise move forward.",M,S,S,shield_toggle,,True,False,,False,False,S,strict,False,action_error,107.428,
llama3.2:latest,0,d6-distance-composite-d,decision_complexity,D6,es_standard,standardised Spanish,"Primero calcula la distancia horizontal entre tú y el rival. Si la distancia es de al menos 0.4: si tienes menos salud que el rival, levanta el escudo; si no, avanza 0.1. Si la distancia es menor que 0.4: si el rival tiene el escudo bajo, dispara; si no, gira 90 grados en sentido antihorario.",A90.0,S0,S0,shield_set,0.0,True,False,False,False,False,S0,strict,False,action_error,363.329,
llama3.2:latest,0,d6-distance-composite-d,decision_complexity,D6,es_rioplatense,Rioplatense Spanish,"Primero calculá la distancia horizontal entre vos y el rival. Si la distancia es de al menos 0.4: si tenés menos salud que el rival, levantá el escudo; si no, avanzá 0.1. Si la distancia es menor que 0.4: si el rival tiene el escudo bajo, dispará; si no, girá 90 grados en sentido antihorario.",A90.0,S0,S0,shield_set,0.0,True,False,False,False,False,S0,strict,False,action_error,216.072,
llama3.2:latest,0,d6-distance-composite-d,decision_complexity,D6,en,English,"First compute the horizontal distance between you and the opponent. If the distance is at least 0.4: if your health is lower than the opponent's, raise the shield; otherwise move forward 0.1. If the distance is below 0.4: if the opponent's shield is down, fire; otherwise turn counterclockwise 90 degrees.",A90.0,S0,S0,shield_set,0.0,True,False,False,False,False,S0,strict,False,action_error,211.476,
llama3.2:latest,0,d4-priority-shield-a,decision_complexity,D4,en,English,"Use this policy in order: if your shield is raised, lower it. Otherwise, if the opponent has less than 10 health, fire. Otherwise, raise your shield.",S0,S,S,shield_toggle,,True,False,False,False,True,S,strict,False,action_error,232.31,
llama3.2:latest,0,d4-priority-shield-a,decision_complexity,D4,es_standard,standardised Spanish,"Aplica esta política en orden: si tienes el escudo levantado, bájalo. Si no, si el rival tiene menos de 10 puntos de salud, dispara. En cualquier otro caso, levanta el escudo.",S0,S,S,shield_toggle,,True,False,False,False,True,S,strict,False,action_error,144.164,
llama3.2:latest,0,d4-priority-shield-a,decision_complexity,D4,es_rioplatense,Rioplatense Spanish,"Aplicá esta política en orden: si tenés el escudo levantado, bajalo. Si no, si el rival tiene menos de 10 puntos de salud, dispará. En cualquier otro caso, levantá el escudo.",S0,S0,S0,shield_set,0.0,True,True,True,True,True,S0,strict,True,correct,185.914,
llama3.2:latest,0,d6-distance-composite-a,decision_complexity,D6,en,English,"First compute the horizontal distance between you and the opponent. If the distance is at least 0.4: if your health is lower than the opponent's, raise the shield; otherwise move forward 0.1. If the distance is below 0.4: if the opponent's shield is down, fire; otherwise turn counterclockwise 90 degrees.",S1,S0,S0,shield_set,0.0,True,True,False,False,False,S0,strict,False,action_error,348.571,
llama3.2:latest,0,d6-distance-composite-a,decision_complexity,D6,es_standard,standardised Spanish,"Primero calcula la distancia horizontal entre tú y el rival. Si la distancia es de al menos 0.4: si tienes menos salud que el rival, levanta el escudo; si no, avanza 0.1. Si la distancia es menor que 0.4: si el rival tiene el escudo bajo, dispara; si no, gira 90 grados en sentido antihorario.",S1,S0,S0,shield_set,0.0,True,True,False,False,False,S0,strict,False,action_error,214.27,
llama3.2:latest,0,d6-distance-composite-a,decision_complexity,D6,es_rioplatense,Rioplatense Spanish,"Primero calculá la distancia horizontal entre vos y el rival. Si la distancia es de al menos 0.4: si tenés menos salud que el rival, levantá el escudo; si no, avanzá 0.1. Si la distancia es menor que 0.4: si el rival tiene el escudo bajo, dispará; si no, girá 90 grados en sentido antihorario.",S1,S0,S0,shield_set,0.0,True,True,False,False,False,S0,strict,False,action_error,215.112,
llama3.2:latest,0,d4-priority-health-d,decision_complexity,D4,es_standard,standardised Spanish,"Aplica esta política en orden: si tienes menos de 10 puntos de salud, levanta el escudo. Si no, si el rival tiene el escudo levantado, avanza. En cualquier otro caso, dispara.",B,S,S,shield_toggle,,True,False,,False,False,S,strict,False,action_error,296.782,
llama3.2:latest,0,d4-priority-health-d,decision_complexity,D4,en,English,"Use this policy in order: if your health is below 10, raise the shield. Otherwise, if the opponent's shield is raised, move forward. Otherwise, fire.",B,S,S,shield_toggle,,True,False,,False,False,S,strict,False,action_error,143.3,
llama3.2:latest,0,d4-priority-health-d,decision_complexity,D4,es_rioplatense,Rioplatense Spanish,"Aplicá esta política en orden: si tenés menos de 10 puntos de salud, levantá el escudo. Si no, si el rival tiene el escudo levantado, avanzá. En cualquier otro caso, dispará.",B,S0,S0,shield_set,0.0,True,False,,False,False,S0,strict,False,action_error,163.874,
llama3.2:latest,0,d1-shield-b,decision_complexity,D1,en,English,"If your shield is raised, lower it; otherwise fire.",B,S,S,shield_toggle,,True,False,,False,False,S,strict,False,action_error,234.869,
llama3.2:latest,0,d1-shield-b,decision_complexity,D1,es_standard,standardised Spanish,"Si tienes el escudo levantado, bájalo; si no, dispara.",B,S,S,shield_toggle,,True,False,,False,False,S,strict,False,action_error,110.605,
llama3.2:latest,0,d1-shield-b,decision_complexity,D1,es_rioplatense,Rioplatense Spanish,"Si tenés el escudo levantado, bajalo; si no, dispará.",B,S,S,shield_toggle,,True,False,,False,False,S,strict,False,action_error,112.819,
llama3.2:latest,0,d2-x-compare-c,decision_complexity,D2,es_rioplatense,Rioplatense Spanish,"Si tu coordenada x es mayor que la del rival, girá 90 grados en sentido antihorario; si no, girá 90 grados en sentido horario.",C90.0,C90,C90.0,rotate_cw,90.0,True,True,True,True,True,C90.0,strict,True,correct,252.862,
llama3.2:latest,0,d2-x-compare-c,decision_complexity,D2,en,English,"If your x coordinate is greater than the opponent's x coordinate, turn counterclockwise 90 degrees; otherwise turn clockwise 90 degrees.",C90.0,A,ERR,invalid,,False,False,False,False,False,,,False,invalid_unrecoverable,140.943,
llama3.2:latest,0,d2-x-compare-c,decision_complexity,D2,es_standard,standardised Spanish,"Si tu coordenada x es mayor que la del rival, gira 90 grados en sentido antihorario; si no, gira 90 grados en sentido horario.",C90.0,C90,C90.0,rotate_cw,90.0,True,True,True,True,True,C90.0,strict,True,correct,156.826,
llama3.2:latest,0,d6-priority-composite-a,decision_complexity,D6,es_standard,standardised Spanish,"Aplica estas reglas en orden. Primero, si tienes el escudo levantado, bájalo. Si no, si el rival tiene 10 puntos de salud o menos, dispara. Si no, si tu salud es menor o igual que la del rival, levanta el escudo. En cualquier otro caso, avanza 0.1.",S0,S0,S0,shield_set,0.0,True,True,True,True,True,S0,strict,True,correct,347.535,
llama3.2:latest,0,d6-priority-composite-a,decision_complexity,D6,en,English,"Apply these rules in order. First, if your shield is raised, lower it. Otherwise, if the opponent has 10 health or less, fire. Otherwise, if your health is less than or equal to the opponent's health, raise the shield. Otherwise, move forward 0.1.",S0,S,S,shield_toggle,,True,False,False,False,True,S,strict,False,action_error,187.776,
llama3.2:latest,0,d6-priority-composite-a,decision_complexity,D6,es_rioplatense,Rioplatense Spanish,"Aplicá estas reglas en orden. Primero, si tenés el escudo levantado, bajalo. Si no, si el rival tiene 10 puntos de salud o menos, dispará. Si no, si tu salud es menor o igual que la del rival, levantá el escudo. En cualquier otro caso, avanzá 0.1.",S0,S0,S0,shield_set,0.0,True,True,True,True,True,S0,strict,True,correct,215.112,
llama3.2:latest,0,d5-x-distance-a,decision_complexity,D5,es_standard,standardised Spanish,"Calcula la distancia horizontal entre tu coordenada x y la coordenada x del rival. Si es de al menos 0.4, avanza 0.1; si no, gira 90 grados en sentido horario.",M0.1,C,ERR,invalid,,False,False,False,False,False,,,False,invalid_unrecoverable,295.856,
llama3.2:latest,0,d5-x-distance-a,decision_complexity,D5,en,English,"Compute the horizontal distance between your x coordinate and the opponent's x coordinate. If it is at least 0.4, move forward 0.1; otherwise turn clockwise 90 degrees.",M0.1,M0.1,M0.1,move,0.1,True,True,True,True,True,M0.1,strict,True,correct,202.052,
llama3.2:latest,0,d5-x-distance-a,decision_complexity,D5,es_rioplatense,Rioplatense Spanish,"Calculá la distancia horizontal entre tu coordenada x y la coordenada x del rival. Si es de al menos 0.4, avanzá 0.1; si no, girá 90 grados en sentido horario.",M0.1,M0.1,M0.1,move,0.1,True,True,True,True,True,M0.1,strict,True,correct,209.532,
llama3.2:latest,0,d6-priority-composite-c,decision_complexity,D6,es_rioplatense,Rioplatense Spanish,"Aplicá estas reglas en orden. Primero, si tenés el escudo levantado, bajalo. Si no, si el rival tiene 10 puntos de salud o menos, dispará. Si no, si tu salud es menor o igual que la del rival, levantá el escudo. En cualquier otro caso, avanzá 0.1.",S1,S,S,shield_toggle,,True,False,False,False,True,S,strict,False,action_error,331.805,
llama3.2:latest,0,d6-priority-composite-c,decision_complexity,D6,en,English,"Apply these rules in order. First, if your shield is raised, lower it. Otherwise, if the opponent has 10 health or less, fire. Otherwise, if your health is less than or equal to the opponent's health, raise the shield. Otherwise, move forward 0.1.",S1,S,S,shield_toggle,,True,False,False,False,True,S,strict,False,action_error,193.582,
llama3.2:latest,0,d6-priority-composite-c,decision_complexity,D6,es_standard,standardised Spanish,"Aplica estas reglas en orden. Primero, si tienes el escudo levantado, bájalo. Si no, si el rival tiene 10 puntos de salud o menos, dispara. Si no, si tu salud es menor o igual que la del rival, levanta el escudo. En cualquier otro caso, avanza 0.1.",S1,S,S,shield_toggle,,True,False,False,False,True,S,strict,False,action_error,197.486,
llama3.2:latest,0,d4-priority-health-b,decision_complexity,D4,en,English,"Use this policy in order: if your health is below 10, raise the shield. Otherwise, if the opponent's shield is raised, move forward. Otherwise, fire.",S1,S,S,shield_toggle,,True,False,False,False,True,S,strict,False,action_error,242.615,
llama3.2:latest,0,d4-priority-health-b,decision_complexity,D4,es_standard,standardised Spanish,"Aplica esta política en orden: si tienes menos de 10 puntos de salud, levanta el escudo. Si no, si el rival tiene el escudo levantado, avanza. En cualquier otro caso, dispara.",S1,S,S,shield_toggle,,True,False,False,False,True,S,strict,False,action_error,150.031,
llama3.2:latest,0,d4-priority-health-b,decision_complexity,D4,es_rioplatense,Rioplatense Spanish,"Aplicá esta política en orden: si tenés menos de 10 puntos de salud, levantá el escudo. Si no, si el rival tiene el escudo levantado, avanzá. En cualquier otro caso, dispará.",S1,S0,S0,shield_set,0.0,True,True,False,False,False,S0,strict,False,action_error,166.012,
llama3.2:latest,0,d3-conjunction-b,decision_complexity,D3,es_standard,standardised Spanish,"Si tienes menos de 15 puntos de salud y el escudo está bajo, levanta el escudo; si no, dispara.",B,S,S,shield_toggle,,True,False,,False,False,S,strict,False,action_error,237.723,
llama3.2:latest,0,d3-conjunction-b,decision_complexity,D3,es_rioplatense,Rioplatense Spanish,"Si tenés menos de 15 puntos de salud y el escudo está bajo, levantá el escudo; si no, dispará.",B,S,S,shield_toggle,,True,False,,False,False,S,strict,False,action_error,149.845,
llama3.2:latest,0,d3-conjunction-b,decision_complexity,D3,en,English,"If your health is below 15 and your shield is down, raise the shield; otherwise fire.",B,S,S,shield_toggle,,True,False,,False,False,S,strict,False,action_error,116.87,
llama3.2:latest,0,d2-x-compare-b,decision_complexity,D2,en,English,"If your x coordinate is greater than the opponent's x coordinate, turn counterclockwise 90 degrees; otherwise turn clockwise 90 degrees.",C90.0,A,ERR,invalid,,False,False,False,False,False,,,False,invalid_unrecoverable,238.93,
llama3.2:latest,0,d2-x-compare-b,decision_complexity,D2,es_standard,standardised Spanish,"Si tu coordenada x es mayor que la del rival, gira 90 grados en sentido antihorario; si no, gira 90 grados en sentido horario.",C90.0,C90,C90.0,rotate_cw,90.0,True,True,True,True,True,C90.0,strict,True,correct,163.319,
llama3.2:latest,0,d2-x-compare-b,decision_complexity,D2,es_rioplatense,Rioplatense Spanish,"Si tu coordenada x es mayor que la del rival, girá 90 grados en sentido antihorario; si no, girá 90 grados en sentido horario.",C90.0,C90,C90.0,rotate_cw,90.0,True,True,True,True,True,C90.0,strict,True,correct,139.948,
llama3.2:latest,0,d3-xor-shields-b,decision_complexity,D3,en,English,"If exactly one of the two shields is raised, move forward; otherwise fire.",M,M,M,move,,True,True,,True,True,M,strict,True,correct,188.849,
llama3.2:latest,0,d3-xor-shields-b,decision_complexity,D3,es_standard,standardised Spanish,"Si exactamente uno de los dos escudos está levantado, avanza; si no, dispara.",M,M,M,move,,True,True,,True,True,M,strict,True,correct,106.967,
llama3.2:latest,0,d3-xor-shields-b,decision_complexity,D3,es_rioplatense,Rioplatense Spanish,"Si exactamente uno de los dos escudos está levantado, avanzá; si no, dispará.",M,S,S,shield_toggle,,True,False,,False,False,S,strict,False,action_error,108.948,
llama3.2:latest,0,d3-xor-shields-d,decision_complexity,D3,es_rioplatense,Rioplatense Spanish,"Si exactamente uno de los dos escudos está levantado, avanzá; si no, dispará.",B,M,M,move,,True,False,,False,False,M,strict,False,action_error,189.464,
llama3.2:latest,0,d3-xor-shields-d,decision_complexity,D3,en,English,"If exactly one of the two shields is raised, move forward; otherwise fire.",B,M,M,move,,True,False,,False,False,M,strict,False,action_error,102.042,
llama3.2:latest,0,d3-xor-shields-d,decision_complexity,D3,es_standard,standardised Spanish,"Si exactamente uno de los dos escudos está levantado, avanza; si no, dispara.",B,M,M,move,,True,False,,False,False,M,strict,False,action_error,115.857,
